bianma,riqi,xiaoliang
1001,20150901,1
1001,20150902,1
1001,20150903,1
1001,20150904,1
1001,20150905,1
1001,20150906,1
1001,20150907,1
1001,20150908,1
1001,20150909,1
1001,20150911,1
1001,20150912,1
1001,20150913,1
1001,20150914,1
1001,20150915,1
1001,20150916,1
1001,20150917,1
1001,20150918,1
1001,20150919,1
1001,20150920,1
1001,20150921,1
1001,20150922,1
1001,20150923,1
1001,20150924,1
1001,20150925,1
1001,20150926,1
1001,20150927,1
1001,20150928,1
1001,20150929,1
1001,20150930,1
1001,20151001,1
1001,20151002,1
1001,20151003,1
1001,20151004,1
1001,20151005,1
1001,20151006,1
1001,20151007,1
1001,20151008,1
1001,20151009,1
1001,20151010,1
1001,20151011,1
1001,20151012,1
1001,20151013,1
1001,20151014,1
1001,20151015,1
1001,20151016,1
1001,20151017,1
1001,20151018,1
1001,20151019,1
1001,20151020,1
1001,20151021,1
1001,20151022,1
1001,20151023,1
1001,20151024,1
1001,20151025,1
1001,20151026,1
1001,20151027,1
1001,20151028,1
1001,20151029,1
1002,20150901,1
1002,20150902,1
1002,20150903,1
1002,20150904,1
1002,20150905,1
1002,20150906,1
1002,20150907,1
1002,20150908,1
1002,20150909,1
1002,20150911,1
1002,20150912,1
1002,20150913,1
1002,20150914,1
1002,20150915,1
1002,20150916,1
1002,20150917,1
1002,20150918,1
1002,20150919,1
1002,20150920,1
1002,20150921,1
1002,20150922,1
1002,20150923,1
1002,20150924,1
1002,20150925,1
1002,20150926,1
1002,20150927,1
1002,20150928,1
1002,20150929,1
1002,20150930,1
1002,20151001,1
1002,20151002,1
1002,20151003,1
1002,20151004,1
1002,20151005,1
1002,20151006,1
1002,20151007,1
1002,20151008,1
1002,20151009,1
1002,20151010,1
1002,20151011,1
1002,20151012,1
1002,20151013,1
1002,20151014,1
1002,20151015,1
1002,20151016,1
1002,20151017,1
1002,20151018,1
1002,20151019,1
1002,20151020,1
1002,20151021,1
1002,20151022,1
1002,20151023,1
1002,20151024,1
1002,20151025,1
1002,20151026,1
1002,20151027,1
1002,20151028,1
1002,20151029,1
1004,20150901,1
1004,20150902,1
1004,20150903,1
1004,20150904,1
1004,20150905,1
1004,20150906,1
1004,20150907,1
1004,20150908,1
1004,20150909,1
1004,20150911,1
1004,20150912,1
1004,20150913,1
1004,20150914,1
1004,20150915,1
1004,20150916,1
1004,20150917,1
1004,20150918,1
1004,20150919,1
1004,20150920,1
1004,20150921,1
1004,20150922,1
1004,20150923,1
1004,20150924,1
1004,20150925,1
1004,20150926,1
1004,20150927,1
1004,20150928,1
1004,20150929,1
1004,20150930,1
1004,20151001,1
1004,20151002,1
1004,20151003,1
1004,20151004,1
1004,20151005,1
1004,20151006,1
1004,20151007,1
1004,20151008,1
1004,20151009,1
1004,20151010,1
1004,20151011,1
1004,20151012,1
1004,20151013,1
1004,20151014,1
1004,20151015,1
1004,20151016,1
1004,20151017,1
1004,20151018,1
1004,20151019,1
1004,20151020,1
1004,20151021,1
1004,20151022,1
1004,20151023,1
1004,20151024,1
1004,20151025,1
1004,20151026,1
1004,20151027,1
1004,20151028,1
1004,20151029,1
1101,20150901,1
1101,20150902,1
1101,20150903,1
1101,20150904,1
1101,20150905,1
1101,20150906,1
1101,20150907,1
1101,20150908,1
1101,20150909,1
1101,20150911,1
1101,20150912,1
1101,20150913,1
1101,20150914,1
1101,20150915,1
1101,20150916,1
1101,20150917,1
1101,20150918,1
1101,20150919,1
1101,20150920,1
1101,20150921,1
1101,20150922,1
1101,20150923,1
1101,20150924,1
1101,20150925,1
1101,20150926,1
1101,20150927,1
1101,20150928,1
1101,20150929,1
1101,20150930,1
1101,20151001,1
1101,20151002,1
1101,20151003,1
1101,20151004,1
1101,20151005,1
1101,20151006,1
1101,20151007,1
1101,20151008,1
1101,20151009,1
1101,20151010,1
1101,20151011,1
1101,20151012,1
1101,20151013,1
1101,20151014,1
1101,20151015,1
1101,20151016,1
1101,20151017,1
1101,20151018,1
1101,20151019,1
1101,20151020,1
1101,20151021,1
1101,20151022,1
1101,20151023,1
1101,20151024,1
1101,20151025,1
1101,20151026,1
1101,20151027,1
1101,20151028,1
1101,20151029,1
1102,20150901,1
1102,20150902,1
1102,20150903,1
1102,20150904,1
1102,20150905,1
1102,20150906,1
1102,20150907,1
1102,20150908,1
1102,20150909,1
1102,20150911,1
1102,20150912,1
1102,20150913,1
1102,20150914,1
1102,20150915,1
1102,20150916,1
1102,20150917,1
1102,20150918,1
1102,20150919,1
1102,20150920,1
1102,20150921,1
1102,20150922,1
1102,20150923,1
1102,20150924,1
1102,20150925,1
1102,20150926,1
1102,20150927,1
1102,20150928,1
1102,20150929,1
1102,20150930,1
1102,20151001,1
1102,20151002,1
1102,20151003,1
1102,20151004,1
1102,20151005,1
1102,20151006,1
1102,20151007,1
1102,20151008,1
1102,20151009,1
1102,20151010,1
1102,20151011,1
1102,20151012,1
1102,20151013,1
1102,20151014,1
1102,20151015,1
1102,20151016,1
1102,20151017,1
1102,20151018,1
1102,20151019,1
1102,20151020,1
1102,20151021,1
1102,20151022,1
1102,20151023,1
1102,20151024,1
1102,20151025,1
1102,20151026,1
1102,20151027,1
1102,20151028,1
1102,20151029,1
1201,20150901,1
1201,20150902,1
1201,20150903,1
1201,20150904,1
1201,20150905,1
1201,20150906,1
1201,20150907,1
1201,20150908,1
1201,20150909,1
1201,20150911,1
1201,20150912,1
1201,20150913,1
1201,20150914,1
1201,20150915,1
1201,20150916,1
1201,20150917,1
1201,20150918,1
1201,20150919,1
1201,20150920,1
1201,20150921,1
1201,20150922,1
1201,20150923,1
1201,20150924,1
1201,20150925,1
1201,20150926,1
1201,20150927,1
1201,20150928,1
1201,20150929,1
1201,20150930,1
1201,20151001,1
1201,20151002,1
1201,20151003,1
1201,20151004,1
1201,20151005,1
1201,20151006,1
1201,20151007,1
1201,20151008,1
1201,20151009,1
1201,20151010,1
1201,20151011,1
1201,20151012,1
1201,20151013,1
1201,20151014,1
1201,20151015,1
1201,20151016,1
1201,20151017,1
1201,20151018,1
1201,20151019,1
1201,20151020,1
1201,20151021,1
1201,20151022,1
1201,20151023,1
1201,20151024,1
1201,20151025,1
1201,20151026,1
1201,20151027,1
1201,20151028,1
1201,20151029,1
1202,20150901,1
1202,20150902,1
1202,20150903,1
1202,20150904,1
1202,20150905,1
1202,20150906,1
1202,20150907,1
1202,20150908,1
1202,20150909,1
1202,20150911,1
1202,20150912,1
1202,20150913,1
1202,20150914,1
1202,20150915,1
1202,20150916,1
1202,20150917,1
1202,20150918,1
1202,20150919,1
1202,20150920,1
1202,20150921,1
1202,20150922,1
1202,20150923,1
1202,20150924,1
1202,20150925,1
1202,20150926,1
1202,20150927,1
1202,20150928,1
1202,20150929,1
1202,20150930,1
1202,20151001,1
1202,20151002,1
1202,20151003,1
1202,20151004,1
1202,20151005,1
1202,20151006,1
1202,20151007,1
1202,20151008,1
1202,20151009,1
1202,20151010,1
1202,20151011,1
1202,20151012,1
1202,20151013,1
1202,20151014,1
1202,20151015,1
1202,20151016,1
1202,20151017,1
1202,20151018,1
1202,20151019,1
1202,20151020,1
1202,20151021,1
1202,20151022,1
1202,20151023,1
1202,20151024,1
1202,20151025,1
1202,20151026,1
1202,20151027,1
1202,20151028,1
1202,20151029,1
1203,20150901,1
1203,20150902,1
1203,20150903,1
1203,20150904,1
1203,20150905,1
1203,20150906,1
1203,20150907,1
1203,20150908,1
1203,20150909,1
1203,20150911,1
1203,20150912,1
1203,20150913,1
1203,20150914,1
1203,20150915,1
1203,20150916,1
1203,20150917,1
1203,20150918,1
1203,20150919,1
1203,20150920,1
1203,20150921,1
1203,20150922,1
1203,20150923,1
1203,20150924,1
1203,20150925,1
1203,20150926,1
1203,20150927,1
1203,20150928,1
1203,20150929,1
1203,20150930,1
1203,20151001,1
1203,20151002,1
1203,20151003,1
1203,20151004,1
1203,20151005,1
1203,20151006,1
1203,20151007,1
1203,20151008,1
1203,20151009,1
1203,20151010,1
1203,20151011,1
1203,20151012,1
1203,20151013,1
1203,20151014,1
1203,20151015,1
1203,20151016,1
1203,20151017,1
1203,20151018,1
1203,20151019,1
1203,20151020,1
1203,20151021,1
1203,20151022,1
1203,20151023,1
1203,20151024,1
1203,20151025,1
1203,20151026,1
1203,20151027,1
1203,20151028,1
1203,20151029,1
1205,20150901,1
1205,20150902,1
1205,20150903,1
1205,20150904,1
1205,20150905,1
1205,20150906,1
1205,20150907,1
1205,20150908,1
1205,20150909,1
1205,20150911,1
1205,20150912,1
1205,20150913,1
1205,20150914,1
1205,20150915,1
1205,20150916,1
1205,20150917,1
1205,20150918,1
1205,20150919,1
1205,20150920,1
1205,20150921,1
1205,20150922,1
1205,20150923,1
1205,20150924,1
1205,20150925,1
1205,20150926,1
1205,20150927,1
1205,20150928,1
1205,20150929,1
1205,20150930,1
1205,20151001,1
1205,20151002,1
1205,20151003,1
1205,20151004,1
1205,20151005,1
1205,20151006,1
1205,20151007,1
1205,20151008,1
1205,20151009,1
1205,20151010,1
1205,20151011,1
1205,20151012,1
1205,20151013,1
1205,20151014,1
1205,20151015,1
1205,20151016,1
1205,20151017,1
1205,20151018,1
1205,20151019,1
1205,20151020,1
1205,20151021,1
1205,20151022,1
1205,20151023,1
1205,20151024,1
1205,20151025,1
1205,20151026,1
1205,20151027,1
1205,20151028,1
1205,20151029,1
1301,20150901,1
1301,20150902,1
1301,20150903,1
1301,20150904,1
1301,20150905,1
1301,20150906,1
1301,20150907,1
1301,20150908,1
1301,20150909,1
1301,20150911,1
1301,20150912,1
1301,20150913,1
1301,20150914,1
1301,20150915,1
1301,20150916,1
1301,20150917,1
1301,20150918,1
1301,20150919,1
1301,20150920,1
1301,20150921,1
1301,20150922,1
1301,20150923,1
1301,20150924,1
1301,20150925,1
1301,20150926,1
1301,20150927,1
1301,20150928,1
1301,20150929,1
1301,20150930,1
1301,20151001,1
1301,20151002,1
1301,20151003,1
1301,20151004,1
1301,20151005,1
1301,20151006,1
1301,20151007,1
1301,20151008,1
1301,20151009,1
1301,20151010,1
1301,20151011,1
1301,20151012,1
1301,20151013,1
1301,20151014,1
1301,20151015,1
1301,20151016,1
1301,20151017,1
1301,20151018,1
1301,20151019,1
1301,20151020,1
1301,20151021,1
1301,20151022,1
1301,20151023,1
1301,20151024,1
1301,20151025,1
1301,20151026,1
1301,20151027,1
1301,20151028,1
1301,20151029,1
1302,20150901,1
1302,20150902,1
1302,20150903,1
1302,20150904,1
1302,20150905,1
1302,20150906,1
1302,20150907,1
1302,20150908,1
1302,20150909,1
1302,20150911,1
1302,20150912,1
1302,20150913,1
1302,20150914,1
1302,20150915,1
1302,20150916,1
1302,20150917,1
1302,20150918,1
1302,20150919,1
1302,20150920,1
1302,20150921,1
1302,20150922,1
1302,20150923,1
1302,20150924,1
1302,20150925,1
1302,20150926,1
1302,20150927,1
1302,20150928,1
1302,20150929,1
1302,20150930,1
1302,20151001,1
1302,20151002,1
1302,20151003,1
1302,20151004,1
1302,20151005,1
1302,20151006,1
1302,20151007,1
1302,20151008,1
1302,20151009,1
1302,20151010,1
1302,20151011,1
1302,20151012,1
1302,20151013,1
1302,20151014,1
1302,20151015,1
1302,20151016,1
1302,20151017,1
1302,20151018,1
1302,20151019,1
1302,20151020,1
1302,20151021,1
1302,20151022,1
1302,20151023,1
1302,20151024,1
1302,20151025,1
1302,20151026,1
1302,20151027,1
1302,20151028,1
1302,20151029,1
1308,20150901,1
1308,20150902,1
1308,20150903,1
1308,20150904,1
1308,20150905,1
1308,20150906,1
1308,20150907,1
1308,20150908,1
1308,20150909,1
1308,20150911,1
1308,20150912,1
1308,20150913,1
1308,20150914,1
1308,20150915,1
1308,20150916,1
1308,20150917,1
1308,20150918,1
1308,20150919,1
1308,20150920,1
1308,20150921,1
1308,20150922,1
1308,20150923,1
1308,20150924,1
1308,20150925,1
1308,20150926,1
1308,20150927,1
1308,20150928,1
1308,20150929,1
1308,20150930,1
1308,20151001,1
1308,20151002,1
1308,20151003,1
1308,20151004,1
1308,20151005,1
1308,20151006,1
1308,20151007,1
1308,20151008,1
1308,20151009,1
1308,20151010,1
1308,20151011,1
1308,20151012,1
1308,20151013,1
1308,20151014,1
1308,20151015,1
1308,20151016,1
1308,20151017,1
1308,20151018,1
1308,20151019,1
1308,20151020,1
1308,20151021,1
1308,20151022,1
1308,20151023,1
1308,20151024,1
1308,20151025,1
1308,20151026,1
1308,20151027,1
1308,20151028,1
1308,20151029,1
1501,20150901,1
1501,20150902,1
1501,20150903,1
1501,20150904,1
1501,20150905,1
1501,20150906,1
1501,20150907,1
1501,20150908,1
1501,20150909,1
1501,20150911,1
1501,20150912,1
1501,20150913,1
1501,20150914,1
1501,20150915,1
1501,20150916,1
1501,20150917,1
1501,20150918,1
1501,20150919,1
1501,20150920,1
1501,20150921,1
1501,20150922,1
1501,20150923,1
1501,20150924,1
1501,20150925,1
1501,20150926,1
1501,20150927,1
1501,20150928,1
1501,20150929,1
1501,20150930,1
1501,20151001,1
1501,20151002,1
1501,20151003,1
1501,20151004,1
1501,20151005,1
1501,20151006,1
1501,20151007,1
1501,20151008,1
1501,20151009,1
1501,20151010,1
1501,20151011,1
1501,20151012,1
1501,20151013,1
1501,20151014,1
1501,20151015,1
1501,20151016,1
1501,20151017,1
1501,20151018,1
1501,20151019,1
1501,20151020,1
1501,20151021,1
1501,20151022,1
1501,20151023,1
1501,20151024,1
1501,20151025,1
1501,20151026,1
1501,20151027,1
1501,20151028,1
1501,20151029,1
1503,20150901,1
1503,20150902,1
1503,20150903,1
1503,20150904,1
1503,20150905,1
1503,20150906,1
1503,20150907,1
1503,20150908,1
1503,20150909,1
1503,20150911,1
1503,20150912,1
1503,20150913,1
1503,20150914,1
1503,20150915,1
1503,20150916,1
1503,20150917,1
1503,20150918,1
1503,20150919,1
1503,20150920,1
1503,20150921,1
1503,20150922,1
1503,20150923,1
1503,20150924,1
1503,20150925,1
1503,20150926,1
1503,20150927,1
1503,20150928,1
1503,20150929,1
1503,20150930,1
1503,20151001,1
1503,20151002,1
1503,20151003,1
1503,20151004,1
1503,20151005,1
1503,20151006,1
1503,20151007,1
1503,20151008,1
1503,20151009,1
1503,20151010,1
1503,20151011,1
1503,20151012,1
1503,20151013,1
1503,20151014,1
1503,20151015,1
1503,20151016,1
1503,20151017,1
1503,20151018,1
1503,20151019,1
1503,20151020,1
1503,20151021,1
1503,20151022,1
1503,20151023,1
1503,20151024,1
1503,20151025,1
1503,20151026,1
1503,20151027,1
1503,20151028,1
1503,20151029,1
1504,20150901,1
1504,20150902,1
1504,20150903,1
1504,20150904,1
1504,20150905,1
1504,20150906,1
1504,20150907,1
1504,20150908,1
1504,20150909,1
1504,20150911,1
1504,20150912,1
1504,20150913,1
1504,20150914,1
1504,20150915,1
1504,20150916,1
1504,20150917,1
1504,20150918,1
1504,20150919,1
1504,20150920,1
1504,20150921,1
1504,20150922,1
1504,20150923,1
1504,20150924,1
1504,20150925,1
1504,20150926,1
1504,20150927,1
1504,20150928,1
1504,20150929,1
1504,20150930,1
1504,20151001,1
1504,20151002,1
1504,20151003,1
1504,20151004,1
1504,20151005,1
1504,20151006,1
1504,20151007,1
1504,20151008,1
1504,20151009,1
1504,20151010,1
1504,20151011,1
1504,20151012,1
1504,20151013,1
1504,20151014,1
1504,20151015,1
1504,20151016,1
1504,20151017,1
1504,20151018,1
1504,20151019,1
1504,20151020,1
1504,20151021,1
1504,20151022,1
1504,20151023,1
1504,20151024,1
1504,20151025,1
1504,20151026,1
1504,20151027,1
1504,20151028,1
1504,20151029,1
1505,20150901,1
1505,20150902,1
1505,20150903,1
1505,20150904,1
1505,20150905,1
1505,20150906,1
1505,20150907,1
1505,20150908,1
1505,20150909,1
1505,20150911,1
1505,20150912,1
1505,20150913,1
1505,20150914,1
1505,20150915,1
1505,20150916,1
1505,20150917,1
1505,20150918,1
1505,20150919,1
1505,20150920,1
1505,20150921,1
1505,20150922,1
1505,20150923,1
1505,20150924,1
1505,20150925,1
1505,20150926,1
1505,20150927,1
1505,20150928,1
1505,20150929,1
1505,20150930,1
1505,20151001,1
1505,20151002,1
1505,20151003,1
1505,20151004,1
1505,20151005,1
1505,20151006,1
1505,20151007,1
1505,20151008,1
1505,20151009,1
1505,20151010,1
1505,20151011,1
1505,20151012,1
1505,20151013,1
1505,20151014,1
1505,20151015,1
1505,20151016,1
1505,20151017,1
1505,20151018,1
1505,20151019,1
1505,20151020,1
1505,20151021,1
1505,20151022,1
1505,20151023,1
1505,20151024,1
1505,20151025,1
1505,20151026,1
1505,20151027,1
1505,20151028,1
1505,20151029,1
1508,20150901,1
1508,20150902,1
1508,20150903,1
1508,20150904,1
1508,20150905,1
1508,20150906,1
1508,20150907,1
1508,20150908,1
1508,20150909,1
1508,20150911,1
1508,20150912,1
1508,20150913,1
1508,20150914,1
1508,20150915,1
1508,20150916,1
1508,20150917,1
1508,20150918,1
1508,20150919,1
1508,20150920,1
1508,20150921,1
1508,20150922,1
1508,20150923,1
1508,20150924,1
1508,20150925,1
1508,20150926,1
1508,20150927,1
1508,20150928,1
1508,20150929,1
1508,20150930,1
1508,20151001,1
1508,20151002,1
1508,20151003,1
1508,20151004,1
1508,20151005,1
1508,20151006,1
1508,20151007,1
1508,20151008,1
1508,20151009,1
1508,20151010,1
1508,20151011,1
1508,20151012,1
1508,20151013,1
1508,20151014,1
1508,20151015,1
1508,20151016,1
1508,20151017,1
1508,20151018,1
1508,20151019,1
1508,20151020,1
1508,20151021,1
1508,20151022,1
1508,20151023,1
1508,20151024,1
1508,20151025,1
1508,20151026,1
1508,20151027,1
1508,20151028,1
1508,20151029,1
1510,20150901,1
1510,20150902,1
1510,20150903,1
1510,20150904,1
1510,20150905,1
1510,20150906,1
1510,20150907,1
1510,20150908,1
1510,20150909,1
1510,20150911,1
1510,20150912,1
1510,20150913,1
1510,20150914,1
1510,20150915,1
1510,20150916,1
1510,20150917,1
1510,20150918,1
1510,20150919,1
1510,20150920,1
1510,20150921,1
1510,20150922,1
1510,20150923,1
1510,20150924,1
1510,20150925,1
1510,20150926,1
1510,20150927,1
1510,20150928,1
1510,20150929,1
1510,20150930,1
1510,20151001,1
1510,20151002,1
1510,20151003,1
1510,20151004,1
1510,20151005,1
1510,20151006,1
1510,20151007,1
1510,20151008,1
1510,20151009,1
1510,20151010,1
1510,20151011,1
1510,20151012,1
1510,20151013,1
1510,20151014,1
1510,20151015,1
1510,20151016,1
1510,20151017,1
1510,20151018,1
1510,20151019,1
1510,20151020,1
1510,20151021,1
1510,20151022,1
1510,20151023,1
1510,20151024,1
1510,20151025,1
1510,20151026,1
1510,20151027,1
1510,20151028,1
1510,20151029,1
1512,20150901,1
1512,20150902,1
1512,20150903,1
1512,20150904,1
1512,20150905,1
1512,20150906,1
1512,20150907,1
1512,20150908,1
1512,20150909,1
1512,20150911,1
1512,20150912,1
1512,20150913,1
1512,20150914,1
1512,20150915,1
1512,20150916,1
1512,20150917,1
1512,20150918,1
1512,20150919,1
1512,20150920,1
1512,20150921,1
1512,20150922,1
1512,20150923,1
1512,20150924,1
1512,20150925,1
1512,20150926,1
1512,20150927,1
1512,20150928,1
1512,20150929,1
1512,20150930,1
1512,20151001,1
1512,20151002,1
1512,20151003,1
1512,20151004,1
1512,20151005,1
1512,20151006,1
1512,20151007,1
1512,20151008,1
1512,20151009,1
1512,20151010,1
1512,20151011,1
1512,20151012,1
1512,20151013,1
1512,20151014,1
1512,20151015,1
1512,20151016,1
1512,20151017,1
1512,20151018,1
1512,20151019,1
1512,20151020,1
1512,20151021,1
1512,20151022,1
1512,20151023,1
1512,20151024,1
1512,20151025,1
1512,20151026,1
1512,20151027,1
1512,20151028,1
1512,20151029,1
1513,20150901,1
1513,20150902,1
1513,20150903,1
1513,20150904,1
1513,20150905,1
1513,20150906,1
1513,20150907,1
1513,20150908,1
1513,20150909,1
1513,20150911,1
1513,20150912,1
1513,20150913,1
1513,20150914,1
1513,20150915,1
1513,20150916,1
1513,20150917,1
1513,20150918,1
1513,20150919,1
1513,20150920,1
1513,20150921,1
1513,20150922,1
1513,20150923,1
1513,20150924,1
1513,20150925,1
1513,20150926,1
1513,20150927,1
1513,20150928,1
1513,20150929,1
1513,20150930,1
1513,20151001,1
1513,20151002,1
1513,20151003,1
1513,20151004,1
1513,20151005,1
1513,20151006,1
1513,20151007,1
1513,20151008,1
1513,20151009,1
1513,20151010,1
1513,20151011,1
1513,20151012,1
1513,20151013,1
1513,20151014,1
1513,20151015,1
1513,20151016,1
1513,20151017,1
1513,20151018,1
1513,20151019,1
1513,20151020,1
1513,20151021,1
1513,20151022,1
1513,20151023,1
1513,20151024,1
1513,20151025,1
1513,20151026,1
1513,20151027,1
1513,20151028,1
1513,20151029,1
1516,20150901,1
1516,20150902,1
1516,20150903,1
1516,20150904,1
1516,20150905,1
1516,20150906,1
1516,20150907,1
1516,20150908,1
1516,20150909,1
1516,20150911,1
1516,20150912,1
1516,20150913,1
1516,20150914,1
1516,20150915,1
1516,20150916,1
1516,20150917,1
1516,20150918,1
1516,20150919,1
1516,20150920,1
1516,20150921,1
1516,20150922,1
1516,20150923,1
1516,20150924,1
1516,20150925,1
1516,20150926,1
1516,20150927,1
1516,20150928,1
1516,20150929,1
1516,20150930,1
1516,20151001,1
1516,20151002,1
1516,20151003,1
1516,20151004,1
1516,20151005,1
1516,20151006,1
1516,20151007,1
1516,20151008,1
1516,20151009,1
1516,20151010,1
1516,20151011,1
1516,20151012,1
1516,20151013,1
1516,20151014,1
1516,20151015,1
1516,20151016,1
1516,20151017,1
1516,20151018,1
1516,20151019,1
1516,20151020,1
1516,20151021,1
1516,20151022,1
1516,20151023,1
1516,20151024,1
1516,20151025,1
1516,20151026,1
1516,20151027,1
1516,20151028,1
1516,20151029,1
1517,20150901,1
1517,20150902,1
1517,20150903,1
1517,20150904,1
1517,20150905,1
1517,20150906,1
1517,20150907,1
1517,20150908,1
1517,20150909,1
1517,20150911,1
1517,20150912,1
1517,20150913,1
1517,20150914,1
1517,20150915,1
1517,20150916,1
1517,20150917,1
1517,20150918,1
1517,20150919,1
1517,20150920,1
1517,20150921,1
1517,20150922,1
1517,20150923,1
1517,20150924,1
1517,20150925,1
1517,20150926,1
1517,20150927,1
1517,20150928,1
1517,20150929,1
1517,20150930,1
1517,20151001,1
1517,20151002,1
1517,20151003,1
1517,20151004,1
1517,20151005,1
1517,20151006,1
1517,20151007,1
1517,20151008,1
1517,20151009,1
1517,20151010,1
1517,20151011,1
1517,20151012,1
1517,20151013,1
1517,20151014,1
1517,20151015,1
1517,20151016,1
1517,20151017,1
1517,20151018,1
1517,20151019,1
1517,20151020,1
1517,20151021,1
1517,20151022,1
1517,20151023,1
1517,20151024,1
1517,20151025,1
1517,20151026,1
1517,20151027,1
1517,20151028,1
1517,20151029,1
1518,20150901,1
1518,20150902,1
1518,20150903,1
1518,20150904,1
1518,20150905,1
1518,20150906,1
1518,20150907,1
1518,20150908,1
1518,20150909,1
1518,20150911,1
1518,20150912,1
1518,20150913,1
1518,20150914,1
1518,20150915,1
1518,20150916,1
1518,20150917,1
1518,20150918,1
1518,20150919,1
1518,20150920,1
1518,20150921,1
1518,20150922,1
1518,20150923,1
1518,20150924,1
1518,20150925,1
1518,20150926,1
1518,20150927,1
1518,20150928,1
1518,20150929,1
1518,20150930,1
1518,20151001,1
1518,20151002,1
1518,20151003,1
1518,20151004,1
1518,20151005,1
1518,20151006,1
1518,20151007,1
1518,20151008,1
1518,20151009,1
1518,20151010,1
1518,20151011,1
1518,20151012,1
1518,20151013,1
1518,20151014,1
1518,20151015,1
1518,20151016,1
1518,20151017,1
1518,20151018,1
1518,20151019,1
1518,20151020,1
1518,20151021,1
1518,20151022,1
1518,20151023,1
1518,20151024,1
1518,20151025,1
1518,20151026,1
1518,20151027,1
1518,20151028,1
1518,20151029,1
1519,20150901,1
1519,20150902,1
1519,20150903,1
1519,20150904,1
1519,20150905,1
1519,20150906,1
1519,20150907,1
1519,20150908,1
1519,20150909,1
1519,20150911,1
1519,20150912,1
1519,20150913,1
1519,20150914,1
1519,20150915,1
1519,20150916,1
1519,20150917,1
1519,20150918,1
1519,20150919,1
1519,20150920,1
1519,20150921,1
1519,20150922,1
1519,20150923,1
1519,20150924,1
1519,20150925,1
1519,20150926,1
1519,20150927,1
1519,20150928,1
1519,20150929,1
1519,20150930,1
1519,20151001,1
1519,20151002,1
1519,20151003,1
1519,20151004,1
1519,20151005,1
1519,20151006,1
1519,20151007,1
1519,20151008,1
1519,20151009,1
1519,20151010,1
1519,20151011,1
1519,20151012,1
1519,20151013,1
1519,20151014,1
1519,20151015,1
1519,20151016,1
1519,20151017,1
1519,20151018,1
1519,20151019,1
1519,20151020,1
1519,20151021,1
1519,20151022,1
1519,20151023,1
1519,20151024,1
1519,20151025,1
1519,20151026,1
1519,20151027,1
1519,20151028,1
1519,20151029,1
1520,20150901,1
1520,20150902,1
1520,20150903,1
1520,20150904,1
1520,20150905,1
1520,20150906,1
1520,20150907,1
1520,20150908,1
1520,20150909,1
1520,20150911,1
1520,20150912,1
1520,20150913,1
1520,20150914,1
1520,20150915,1
1520,20150916,1
1520,20150917,1
1520,20150918,1
1520,20150919,1
1520,20150920,1
1520,20150921,1
1520,20150922,1
1520,20150923,1
1520,20150924,1
1520,20150925,1
1520,20150926,1
1520,20150927,1
1520,20150928,1
1520,20150929,1
1520,20150930,1
1520,20151001,1
1520,20151002,1
1520,20151003,1
1520,20151004,1
1520,20151005,1
1520,20151006,1
1520,20151007,1
1520,20151008,1
1520,20151009,1
1520,20151010,1
1520,20151011,1
1520,20151012,1
1520,20151013,1
1520,20151014,1
1520,20151015,1
1520,20151016,1
1520,20151017,1
1520,20151018,1
1520,20151019,1
1520,20151020,1
1520,20151021,1
1520,20151022,1
1520,20151023,1
1520,20151024,1
1520,20151025,1
1520,20151026,1
1520,20151027,1
1520,20151028,1
1520,20151029,1
1521,20150901,1
1521,20150902,1
1521,20150903,1
1521,20150904,1
1521,20150905,1
1521,20150906,1
1521,20150907,1
1521,20150908,1
1521,20150909,1
1521,20150911,1
1521,20150912,1
1521,20150913,1
1521,20150914,1
1521,20150915,1
1521,20150916,1
1521,20150917,1
1521,20150918,1
1521,20150919,1
1521,20150920,1
1521,20150921,1
1521,20150922,1
1521,20150923,1
1521,20150924,1
1521,20150925,1
1521,20150926,1
1521,20150927,1
1521,20150928,1
1521,20150929,1
1521,20150930,1
1521,20151001,1
1521,20151002,1
1521,20151003,1
1521,20151004,1
1521,20151005,1
1521,20151006,1
1521,20151007,1
1521,20151008,1
1521,20151009,1
1521,20151010,1
1521,20151011,1
1521,20151012,1
1521,20151013,1
1521,20151014,1
1521,20151015,1
1521,20151016,1
1521,20151017,1
1521,20151018,1
1521,20151019,1
1521,20151020,1
1521,20151021,1
1521,20151022,1
1521,20151023,1
1521,20151024,1
1521,20151025,1
1521,20151026,1
1521,20151027,1
1521,20151028,1
1521,20151029,1
2001,20150901,1
2001,20150902,1
2001,20150903,1
2001,20150904,1
2001,20150905,1
2001,20150906,1
2001,20150907,1
2001,20150908,1
2001,20150909,1
2001,20150911,1
2001,20150912,1
2001,20150913,1
2001,20150914,1
2001,20150915,1
2001,20150916,1
2001,20150917,1
2001,20150918,1
2001,20150919,1
2001,20150920,1
2001,20150921,1
2001,20150922,1
2001,20150923,1
2001,20150924,1
2001,20150925,1
2001,20150926,1
2001,20150927,1
2001,20150928,1
2001,20150929,1
2001,20150930,1
2001,20151001,1
2001,20151002,1
2001,20151003,1
2001,20151004,1
2001,20151005,1
2001,20151006,1
2001,20151007,1
2001,20151008,1
2001,20151009,1
2001,20151010,1
2001,20151011,1
2001,20151012,1
2001,20151013,1
2001,20151014,1
2001,20151015,1
2001,20151016,1
2001,20151017,1
2001,20151018,1
2001,20151019,1
2001,20151020,1
2001,20151021,1
2001,20151022,1
2001,20151023,1
2001,20151024,1
2001,20151025,1
2001,20151026,1
2001,20151027,1
2001,20151028,1
2001,20151029,1
2002,20150901,1
2002,20150902,1
2002,20150903,1
2002,20150904,1
2002,20150905,1
2002,20150906,1
2002,20150907,1
2002,20150908,1
2002,20150909,1
2002,20150911,1
2002,20150912,1
2002,20150913,1
2002,20150914,1
2002,20150915,1
2002,20150916,1
2002,20150917,1
2002,20150918,1
2002,20150919,1
2002,20150920,1
2002,20150921,1
2002,20150922,1
2002,20150923,1
2002,20150924,1
2002,20150925,1
2002,20150926,1
2002,20150927,1
2002,20150928,1
2002,20150929,1
2002,20150930,1
2002,20151001,1
2002,20151002,1
2002,20151003,1
2002,20151004,1
2002,20151005,1
2002,20151006,1
2002,20151007,1
2002,20151008,1
2002,20151009,1
2002,20151010,1
2002,20151011,1
2002,20151012,1
2002,20151013,1
2002,20151014,1
2002,20151015,1
2002,20151016,1
2002,20151017,1
2002,20151018,1
2002,20151019,1
2002,20151020,1
2002,20151021,1
2002,20151022,1
2002,20151023,1
2002,20151024,1
2002,20151025,1
2002,20151026,1
2002,20151027,1
2002,20151028,1
2002,20151029,1
2003,20150901,1
2003,20150902,1
2003,20150903,1
2003,20150904,1
2003,20150905,1
2003,20150906,1
2003,20150907,1
2003,20150908,1
2003,20150909,1
2003,20150911,1
2003,20150912,1
2003,20150913,1
2003,20150914,1
2003,20150915,1
2003,20150916,1
2003,20150917,1
2003,20150918,1
2003,20150919,1
2003,20150920,1
2003,20150921,1
2003,20150922,1
2003,20150923,1
2003,20150924,1
2003,20150925,1
2003,20150926,1
2003,20150927,1
2003,20150928,1
2003,20150929,1
2003,20150930,1
2003,20151001,1
2003,20151002,1
2003,20151003,1
2003,20151004,1
2003,20151005,1
2003,20151006,1
2003,20151007,1
2003,20151008,1
2003,20151009,1
2003,20151010,1
2003,20151011,1
2003,20151012,1
2003,20151013,1
2003,20151014,1
2003,20151015,1
2003,20151016,1
2003,20151017,1
2003,20151018,1
2003,20151019,1
2003,20151020,1
2003,20151021,1
2003,20151022,1
2003,20151023,1
2003,20151024,1
2003,20151025,1
2003,20151026,1
2003,20151027,1
2003,20151028,1
2003,20151029,1
2004,20150901,1
2004,20150902,1
2004,20150903,1
2004,20150904,1
2004,20150905,1
2004,20150906,1
2004,20150907,1
2004,20150908,1
2004,20150909,1
2004,20150911,1
2004,20150912,1
2004,20150913,1
2004,20150914,1
2004,20150915,1
2004,20150916,1
2004,20150917,1
2004,20150918,1
2004,20150919,1
2004,20150920,1
2004,20150921,1
2004,20150922,1
2004,20150923,1
2004,20150924,1
2004,20150925,1
2004,20150926,1
2004,20150927,1
2004,20150928,1
2004,20150929,1
2004,20150930,1
2004,20151001,1
2004,20151002,1
2004,20151003,1
2004,20151004,1
2004,20151005,1
2004,20151006,1
2004,20151007,1
2004,20151008,1
2004,20151009,1
2004,20151010,1
2004,20151011,1
2004,20151012,1
2004,20151013,1
2004,20151014,1
2004,20151015,1
2004,20151016,1
2004,20151017,1
2004,20151018,1
2004,20151019,1
2004,20151020,1
2004,20151021,1
2004,20151022,1
2004,20151023,1
2004,20151024,1
2004,20151025,1
2004,20151026,1
2004,20151027,1
2004,20151028,1
2004,20151029,1
2005,20150901,1
2005,20150902,1
2005,20150903,1
2005,20150904,1
2005,20150905,1
2005,20150906,1
2005,20150907,1
2005,20150908,1
2005,20150909,1
2005,20150911,1
2005,20150912,1
2005,20150913,1
2005,20150914,1
2005,20150915,1
2005,20150916,1
2005,20150917,1
2005,20150918,1
2005,20150919,1
2005,20150920,1
2005,20150921,1
2005,20150922,1
2005,20150923,1
2005,20150924,1
2005,20150925,1
2005,20150926,1
2005,20150927,1
2005,20150928,1
2005,20150929,1
2005,20150930,1
2005,20151001,1
2005,20151002,1
2005,20151003,1
2005,20151004,1
2005,20151005,1
2005,20151006,1
2005,20151007,1
2005,20151008,1
2005,20151009,1
2005,20151010,1
2005,20151011,1
2005,20151012,1
2005,20151013,1
2005,20151014,1
2005,20151015,1
2005,20151016,1
2005,20151017,1
2005,20151018,1
2005,20151019,1
2005,20151020,1
2005,20151021,1
2005,20151022,1
2005,20151023,1
2005,20151024,1
2005,20151025,1
2005,20151026,1
2005,20151027,1
2005,20151028,1
2005,20151029,1
2006,20150901,1
2006,20150902,1
2006,20150903,1
2006,20150904,1
2006,20150905,1
2006,20150906,1
2006,20150907,1
2006,20150908,1
2006,20150909,1
2006,20150911,1
2006,20150912,1
2006,20150913,1
2006,20150914,1
2006,20150915,1
2006,20150916,1
2006,20150917,1
2006,20150918,1
2006,20150919,1
2006,20150920,1
2006,20150921,1
2006,20150922,1
2006,20150923,1
2006,20150924,1
2006,20150925,1
2006,20150926,1
2006,20150927,1
2006,20150928,1
2006,20150929,1
2006,20150930,1
2006,20151001,1
2006,20151002,1
2006,20151003,1
2006,20151004,1
2006,20151005,1
2006,20151006,1
2006,20151007,1
2006,20151008,1
2006,20151009,1
2006,20151010,1
2006,20151011,1
2006,20151012,1
2006,20151013,1
2006,20151014,1
2006,20151015,1
2006,20151016,1
2006,20151017,1
2006,20151018,1
2006,20151019,1
2006,20151020,1
2006,20151021,1
2006,20151022,1
2006,20151023,1
2006,20151024,1
2006,20151025,1
2006,20151026,1
2006,20151027,1
2006,20151028,1
2006,20151029,1
2007,20150901,1
2007,20150902,1
2007,20150903,1
2007,20150904,1
2007,20150905,1
2007,20150906,1
2007,20150907,1
2007,20150908,1
2007,20150909,1
2007,20150911,1
2007,20150912,1
2007,20150913,1
2007,20150914,1
2007,20150915,1
2007,20150916,1
2007,20150917,1
2007,20150918,1
2007,20150919,1
2007,20150920,1
2007,20150921,1
2007,20150922,1
2007,20150923,1
2007,20150924,1
2007,20150925,1
2007,20150926,1
2007,20150927,1
2007,20150928,1
2007,20150929,1
2007,20150930,1
2007,20151001,1
2007,20151002,1
2007,20151003,1
2007,20151004,1
2007,20151005,1
2007,20151006,1
2007,20151007,1
2007,20151008,1
2007,20151009,1
2007,20151010,1
2007,20151011,1
2007,20151012,1
2007,20151013,1
2007,20151014,1
2007,20151015,1
2007,20151016,1
2007,20151017,1
2007,20151018,1
2007,20151019,1
2007,20151020,1
2007,20151021,1
2007,20151022,1
2007,20151023,1
2007,20151024,1
2007,20151025,1
2007,20151026,1
2007,20151027,1
2007,20151028,1
2007,20151029,1
2008,20150901,1
2008,20150902,1
2008,20150903,1
2008,20150904,1
2008,20150905,1
2008,20150906,1
2008,20150907,1
2008,20150908,1
2008,20150909,1
2008,20150911,1
2008,20150912,1
2008,20150913,1
2008,20150914,1
2008,20150915,1
2008,20150916,1
2008,20150917,1
2008,20150918,1
2008,20150919,1
2008,20150920,1
2008,20150921,1
2008,20150922,1
2008,20150923,1
2008,20150924,1
2008,20150925,1
2008,20150926,1
2008,20150927,1
2008,20150928,1
2008,20150929,1
2008,20150930,1
2008,20151001,1
2008,20151002,1
2008,20151003,1
2008,20151004,1
2008,20151005,1
2008,20151006,1
2008,20151007,1
2008,20151008,1
2008,20151009,1
2008,20151010,1
2008,20151011,1
2008,20151012,1
2008,20151013,1
2008,20151014,1
2008,20151015,1
2008,20151016,1
2008,20151017,1
2008,20151018,1
2008,20151019,1
2008,20151020,1
2008,20151021,1
2008,20151022,1
2008,20151023,1
2008,20151024,1
2008,20151025,1
2008,20151026,1
2008,20151027,1
2008,20151028,1
2008,20151029,1
2009,20150901,1
2009,20150902,1
2009,20150903,1
2009,20150904,1
2009,20150905,1
2009,20150906,1
2009,20150907,1
2009,20150908,1
2009,20150909,1
2009,20150911,1
2009,20150912,1
2009,20150913,1
2009,20150914,1
2009,20150915,1
2009,20150916,1
2009,20150917,1
2009,20150918,1
2009,20150919,1
2009,20150920,1
2009,20150921,1
2009,20150922,1
2009,20150923,1
2009,20150924,1
2009,20150925,1
2009,20150926,1
2009,20150927,1
2009,20150928,1
2009,20150929,1
2009,20150930,1
2009,20151001,1
2009,20151002,1
2009,20151003,1
2009,20151004,1
2009,20151005,1
2009,20151006,1
2009,20151007,1
2009,20151008,1
2009,20151009,1
2009,20151010,1
2009,20151011,1
2009,20151012,1
2009,20151013,1
2009,20151014,1
2009,20151015,1
2009,20151016,1
2009,20151017,1
2009,20151018,1
2009,20151019,1
2009,20151020,1
2009,20151021,1
2009,20151022,1
2009,20151023,1
2009,20151024,1
2009,20151025,1
2009,20151026,1
2009,20151027,1
2009,20151028,1
2009,20151029,1
2010,20150901,1
2010,20150902,1
2010,20150903,1
2010,20150904,1
2010,20150905,1
2010,20150906,1
2010,20150907,1
2010,20150908,1
2010,20150909,1
2010,20150911,1
2010,20150912,1
2010,20150913,1
2010,20150914,1
2010,20150915,1
2010,20150916,1
2010,20150917,1
2010,20150918,1
2010,20150919,1
2010,20150920,1
2010,20150921,1
2010,20150922,1
2010,20150923,1
2010,20150924,1
2010,20150925,1
2010,20150926,1
2010,20150927,1
2010,20150928,1
2010,20150929,1
2010,20150930,1
2010,20151001,1
2010,20151002,1
2010,20151003,1
2010,20151004,1
2010,20151005,1
2010,20151006,1
2010,20151007,1
2010,20151008,1
2010,20151009,1
2010,20151010,1
2010,20151011,1
2010,20151012,1
2010,20151013,1
2010,20151014,1
2010,20151015,1
2010,20151016,1
2010,20151017,1
2010,20151018,1
2010,20151019,1
2010,20151020,1
2010,20151021,1
2010,20151022,1
2010,20151023,1
2010,20151024,1
2010,20151025,1
2010,20151026,1
2010,20151027,1
2010,20151028,1
2010,20151029,1
2011,20150901,1
2011,20150902,1
2011,20150903,1
2011,20150904,1
2011,20150905,1
2011,20150906,1
2011,20150907,1
2011,20150908,1
2011,20150909,1
2011,20150911,1
2011,20150912,1
2011,20150913,1
2011,20150914,1
2011,20150915,1
2011,20150916,1
2011,20150917,1
2011,20150918,1
2011,20150919,1
2011,20150920,1
2011,20150921,1
2011,20150922,1
2011,20150923,1
2011,20150924,1
2011,20150925,1
2011,20150926,1
2011,20150927,1
2011,20150928,1
2011,20150929,1
2011,20150930,1
2011,20151001,1
2011,20151002,1
2011,20151003,1
2011,20151004,1
2011,20151005,1
2011,20151006,1
2011,20151007,1
2011,20151008,1
2011,20151009,1
2011,20151010,1
2011,20151011,1
2011,20151012,1
2011,20151013,1
2011,20151014,1
2011,20151015,1
2011,20151016,1
2011,20151017,1
2011,20151018,1
2011,20151019,1
2011,20151020,1
2011,20151021,1
2011,20151022,1
2011,20151023,1
2011,20151024,1
2011,20151025,1
2011,20151026,1
2011,20151027,1
2011,20151028,1
2011,20151029,1
2012,20150901,1
2012,20150902,1
2012,20150903,1
2012,20150904,1
2012,20150905,1
2012,20150906,1
2012,20150907,1
2012,20150908,1
2012,20150909,1
2012,20150911,1
2012,20150912,1
2012,20150913,1
2012,20150914,1
2012,20150915,1
2012,20150916,1
2012,20150917,1
2012,20150918,1
2012,20150919,1
2012,20150920,1
2012,20150921,1
2012,20150922,1
2012,20150923,1
2012,20150924,1
2012,20150925,1
2012,20150926,1
2012,20150927,1
2012,20150928,1
2012,20150929,1
2012,20150930,1
2012,20151001,1
2012,20151002,1
2012,20151003,1
2012,20151004,1
2012,20151005,1
2012,20151006,1
2012,20151007,1
2012,20151008,1
2012,20151009,1
2012,20151010,1
2012,20151011,1
2012,20151012,1
2012,20151013,1
2012,20151014,1
2012,20151015,1
2012,20151016,1
2012,20151017,1
2012,20151018,1
2012,20151019,1
2012,20151020,1
2012,20151021,1
2012,20151022,1
2012,20151023,1
2012,20151024,1
2012,20151025,1
2012,20151026,1
2012,20151027,1
2012,20151028,1
2012,20151029,1
2013,20150901,1
2013,20150902,1
2013,20150903,1
2013,20150904,1
2013,20150905,1
2013,20150906,1
2013,20150907,1
2013,20150908,1
2013,20150909,1
2013,20150911,1
2013,20150912,1
2013,20150913,1
2013,20150914,1
2013,20150915,1
2013,20150916,1
2013,20150917,1
2013,20150918,1
2013,20150919,1
2013,20150920,1
2013,20150921,1
2013,20150922,1
2013,20150923,1
2013,20150924,1
2013,20150925,1
2013,20150926,1
2013,20150927,1
2013,20150928,1
2013,20150929,1
2013,20150930,1
2013,20151001,1
2013,20151002,1
2013,20151003,1
2013,20151004,1
2013,20151005,1
2013,20151006,1
2013,20151007,1
2013,20151008,1
2013,20151009,1
2013,20151010,1
2013,20151011,1
2013,20151012,1
2013,20151013,1
2013,20151014,1
2013,20151015,1
2013,20151016,1
2013,20151017,1
2013,20151018,1
2013,20151019,1
2013,20151020,1
2013,20151021,1
2013,20151022,1
2013,20151023,1
2013,20151024,1
2013,20151025,1
2013,20151026,1
2013,20151027,1
2013,20151028,1
2013,20151029,1
2014,20150901,1
2014,20150902,1
2014,20150903,1
2014,20150904,1
2014,20150905,1
2014,20150906,1
2014,20150907,1
2014,20150908,1
2014,20150909,1
2014,20150911,1
2014,20150912,1
2014,20150913,1
2014,20150914,1
2014,20150915,1
2014,20150916,1
2014,20150917,1
2014,20150918,1
2014,20150919,1
2014,20150920,1
2014,20150921,1
2014,20150922,1
2014,20150923,1
2014,20150924,1
2014,20150925,1
2014,20150926,1
2014,20150927,1
2014,20150928,1
2014,20150929,1
2014,20150930,1
2014,20151001,1
2014,20151002,1
2014,20151003,1
2014,20151004,1
2014,20151005,1
2014,20151006,1
2014,20151007,1
2014,20151008,1
2014,20151009,1
2014,20151010,1
2014,20151011,1
2014,20151012,1
2014,20151013,1
2014,20151014,1
2014,20151015,1
2014,20151016,1
2014,20151017,1
2014,20151018,1
2014,20151019,1
2014,20151020,1
2014,20151021,1
2014,20151022,1
2014,20151023,1
2014,20151024,1
2014,20151025,1
2014,20151026,1
2014,20151027,1
2014,20151028,1
2014,20151029,1
2015,20150901,1
2015,20150902,1
2015,20150903,1
2015,20150904,1
2015,20150905,1
2015,20150906,1
2015,20150907,1
2015,20150908,1
2015,20150909,1
2015,20150911,1
2015,20150912,1
2015,20150913,1
2015,20150914,1
2015,20150915,1
2015,20150916,1
2015,20150917,1
2015,20150918,1
2015,20150919,1
2015,20150920,1
2015,20150921,1
2015,20150922,1
2015,20150923,1
2015,20150924,1
2015,20150925,1
2015,20150926,1
2015,20150927,1
2015,20150928,1
2015,20150929,1
2015,20150930,1
2015,20151001,1
2015,20151002,1
2015,20151003,1
2015,20151004,1
2015,20151005,1
2015,20151006,1
2015,20151007,1
2015,20151008,1
2015,20151009,1
2015,20151010,1
2015,20151011,1
2015,20151012,1
2015,20151013,1
2015,20151014,1
2015,20151015,1
2015,20151016,1
2015,20151017,1
2015,20151018,1
2015,20151019,1
2015,20151020,1
2015,20151021,1
2015,20151022,1
2015,20151023,1
2015,20151024,1
2015,20151025,1
2015,20151026,1
2015,20151027,1
2015,20151028,1
2015,20151029,1
2101,20150901,1
2101,20150902,1
2101,20150903,1
2101,20150904,1
2101,20150905,1
2101,20150906,1
2101,20150907,1
2101,20150908,1
2101,20150909,1
2101,20150911,1
2101,20150912,1
2101,20150913,1
2101,20150914,1
2101,20150915,1
2101,20150916,1
2101,20150917,1
2101,20150918,1
2101,20150919,1
2101,20150920,1
2101,20150921,1
2101,20150922,1
2101,20150923,1
2101,20150924,1
2101,20150925,1
2101,20150926,1
2101,20150927,1
2101,20150928,1
2101,20150929,1
2101,20150930,1
2101,20151001,1
2101,20151002,1
2101,20151003,1
2101,20151004,1
2101,20151005,1
2101,20151006,1
2101,20151007,1
2101,20151008,1
2101,20151009,1
2101,20151010,1
2101,20151011,1
2101,20151012,1
2101,20151013,1
2101,20151014,1
2101,20151015,1
2101,20151016,1
2101,20151017,1
2101,20151018,1
2101,20151019,1
2101,20151020,1
2101,20151021,1
2101,20151022,1
2101,20151023,1
2101,20151024,1
2101,20151025,1
2101,20151026,1
2101,20151027,1
2101,20151028,1
2101,20151029,1
2103,20150901,1
2103,20150902,1
2103,20150903,1
2103,20150904,1
2103,20150905,1
2103,20150906,1
2103,20150907,1
2103,20150908,1
2103,20150909,1
2103,20150911,1
2103,20150912,1
2103,20150913,1
2103,20150914,1
2103,20150915,1
2103,20150916,1
2103,20150917,1
2103,20150918,1
2103,20150919,1
2103,20150920,1
2103,20150921,1
2103,20150922,1
2103,20150923,1
2103,20150924,1
2103,20150925,1
2103,20150926,1
2103,20150927,1
2103,20150928,1
2103,20150929,1
2103,20150930,1
2103,20151001,1
2103,20151002,1
2103,20151003,1
2103,20151004,1
2103,20151005,1
2103,20151006,1
2103,20151007,1
2103,20151008,1
2103,20151009,1
2103,20151010,1
2103,20151011,1
2103,20151012,1
2103,20151013,1
2103,20151014,1
2103,20151015,1
2103,20151016,1
2103,20151017,1
2103,20151018,1
2103,20151019,1
2103,20151020,1
2103,20151021,1
2103,20151022,1
2103,20151023,1
2103,20151024,1
2103,20151025,1
2103,20151026,1
2103,20151027,1
2103,20151028,1
2103,20151029,1
2104,20150901,1
2104,20150902,1
2104,20150903,1
2104,20150904,1
2104,20150905,1
2104,20150906,1
2104,20150907,1
2104,20150908,1
2104,20150909,1
2104,20150911,1
2104,20150912,1
2104,20150913,1
2104,20150914,1
2104,20150915,1
2104,20150916,1
2104,20150917,1
2104,20150918,1
2104,20150919,1
2104,20150920,1
2104,20150921,1
2104,20150922,1
2104,20150923,1
2104,20150924,1
2104,20150925,1
2104,20150926,1
2104,20150927,1
2104,20150928,1
2104,20150929,1
2104,20150930,1
2104,20151001,1
2104,20151002,1
2104,20151003,1
2104,20151004,1
2104,20151005,1
2104,20151006,1
2104,20151007,1
2104,20151008,1
2104,20151009,1
2104,20151010,1
2104,20151011,1
2104,20151012,1
2104,20151013,1
2104,20151014,1
2104,20151015,1
2104,20151016,1
2104,20151017,1
2104,20151018,1
2104,20151019,1
2104,20151020,1
2104,20151021,1
2104,20151022,1
2104,20151023,1
2104,20151024,1
2104,20151025,1
2104,20151026,1
2104,20151027,1
2104,20151028,1
2104,20151029,1
2105,20150901,1
2105,20150902,1
2105,20150903,1
2105,20150904,1
2105,20150905,1
2105,20150906,1
2105,20150907,1
2105,20150908,1
2105,20150909,1
2105,20150911,1
2105,20150912,1
2105,20150913,1
2105,20150914,1
2105,20150915,1
2105,20150916,1
2105,20150917,1
2105,20150918,1
2105,20150919,1
2105,20150920,1
2105,20150921,1
2105,20150922,1
2105,20150923,1
2105,20150924,1
2105,20150925,1
2105,20150926,1
2105,20150927,1
2105,20150928,1
2105,20150929,1
2105,20150930,1
2105,20151001,1
2105,20151002,1
2105,20151003,1
2105,20151004,1
2105,20151005,1
2105,20151006,1
2105,20151007,1
2105,20151008,1
2105,20151009,1
2105,20151010,1
2105,20151011,1
2105,20151012,1
2105,20151013,1
2105,20151014,1
2105,20151015,1
2105,20151016,1
2105,20151017,1
2105,20151018,1
2105,20151019,1
2105,20151020,1
2105,20151021,1
2105,20151022,1
2105,20151023,1
2105,20151024,1
2105,20151025,1
2105,20151026,1
2105,20151027,1
2105,20151028,1
2105,20151029,1
2106,20150901,1
2106,20150902,1
2106,20150903,1
2106,20150904,1
2106,20150905,1
2106,20150906,1
2106,20150907,1
2106,20150908,1
2106,20150909,1
2106,20150911,1
2106,20150912,1
2106,20150913,1
2106,20150914,1
2106,20150915,1
2106,20150916,1
2106,20150917,1
2106,20150918,1
2106,20150919,1
2106,20150920,1
2106,20150921,1
2106,20150922,1
2106,20150923,1
2106,20150924,1
2106,20150925,1
2106,20150926,1
2106,20150927,1
2106,20150928,1
2106,20150929,1
2106,20150930,1
2106,20151001,1
2106,20151002,1
2106,20151003,1
2106,20151004,1
2106,20151005,1
2106,20151006,1
2106,20151007,1
2106,20151008,1
2106,20151009,1
2106,20151010,1
2106,20151011,1
2106,20151012,1
2106,20151013,1
2106,20151014,1
2106,20151015,1
2106,20151016,1
2106,20151017,1
2106,20151018,1
2106,20151019,1
2106,20151020,1
2106,20151021,1
2106,20151022,1
2106,20151023,1
2106,20151024,1
2106,20151025,1
2106,20151026,1
2106,20151027,1
2106,20151028,1
2106,20151029,1
2201,20150901,1
2201,20150902,1
2201,20150903,1
2201,20150904,1
2201,20150905,1
2201,20150906,1
2201,20150907,1
2201,20150908,1
2201,20150909,1
2201,20150911,1
2201,20150912,1
2201,20150913,1
2201,20150914,1
2201,20150915,1
2201,20150916,1
2201,20150917,1
2201,20150918,1
2201,20150919,1
2201,20150920,1
2201,20150921,1
2201,20150922,1
2201,20150923,1
2201,20150924,1
2201,20150925,1
2201,20150926,1
2201,20150927,1
2201,20150928,1
2201,20150929,1
2201,20150930,1
2201,20151001,1
2201,20151002,1
2201,20151003,1
2201,20151004,1
2201,20151005,1
2201,20151006,1
2201,20151007,1
2201,20151008,1
2201,20151009,1
2201,20151010,1
2201,20151011,1
2201,20151012,1
2201,20151013,1
2201,20151014,1
2201,20151015,1
2201,20151016,1
2201,20151017,1
2201,20151018,1
2201,20151019,1
2201,20151020,1
2201,20151021,1
2201,20151022,1
2201,20151023,1
2201,20151024,1
2201,20151025,1
2201,20151026,1
2201,20151027,1
2201,20151028,1
2201,20151029,1
2202,20150901,1
2202,20150902,1
2202,20150903,1
2202,20150904,1
2202,20150905,1
2202,20150906,1
2202,20150907,1
2202,20150908,1
2202,20150909,1
2202,20150911,1
2202,20150912,1
2202,20150913,1
2202,20150914,1
2202,20150915,1
2202,20150916,1
2202,20150917,1
2202,20150918,1
2202,20150919,1
2202,20150920,1
2202,20150921,1
2202,20150922,1
2202,20150923,1
2202,20150924,1
2202,20150925,1
2202,20150926,1
2202,20150927,1
2202,20150928,1
2202,20150929,1
2202,20150930,1
2202,20151001,1
2202,20151002,1
2202,20151003,1
2202,20151004,1
2202,20151005,1
2202,20151006,1
2202,20151007,1
2202,20151008,1
2202,20151009,1
2202,20151010,1
2202,20151011,1
2202,20151012,1
2202,20151013,1
2202,20151014,1
2202,20151015,1
2202,20151016,1
2202,20151017,1
2202,20151018,1
2202,20151019,1
2202,20151020,1
2202,20151021,1
2202,20151022,1
2202,20151023,1
2202,20151024,1
2202,20151025,1
2202,20151026,1
2202,20151027,1
2202,20151028,1
2202,20151029,1
2203,20150901,1
2203,20150902,1
2203,20150903,1
2203,20150904,1
2203,20150905,1
2203,20150906,1
2203,20150907,1
2203,20150908,1
2203,20150909,1
2203,20150911,1
2203,20150912,1
2203,20150913,1
2203,20150914,1
2203,20150915,1
2203,20150916,1
2203,20150917,1
2203,20150918,1
2203,20150919,1
2203,20150920,1
2203,20150921,1
2203,20150922,1
2203,20150923,1
2203,20150924,1
2203,20150925,1
2203,20150926,1
2203,20150927,1
2203,20150928,1
2203,20150929,1
2203,20150930,1
2203,20151001,1
2203,20151002,1
2203,20151003,1
2203,20151004,1
2203,20151005,1
2203,20151006,1
2203,20151007,1
2203,20151008,1
2203,20151009,1
2203,20151010,1
2203,20151011,1
2203,20151012,1
2203,20151013,1
2203,20151014,1
2203,20151015,1
2203,20151016,1
2203,20151017,1
2203,20151018,1
2203,20151019,1
2203,20151020,1
2203,20151021,1
2203,20151022,1
2203,20151023,1
2203,20151024,1
2203,20151025,1
2203,20151026,1
2203,20151027,1
2203,20151028,1
2203,20151029,1
2204,20150901,1
2204,20150902,1
2204,20150903,1
2204,20150904,1
2204,20150905,1
2204,20150906,1
2204,20150907,1
2204,20150908,1
2204,20150909,1
2204,20150911,1
2204,20150912,1
2204,20150913,1
2204,20150914,1
2204,20150915,1
2204,20150916,1
2204,20150917,1
2204,20150918,1
2204,20150919,1
2204,20150920,1
2204,20150921,1
2204,20150922,1
2204,20150923,1
2204,20150924,1
2204,20150925,1
2204,20150926,1
2204,20150927,1
2204,20150928,1
2204,20150929,1
2204,20150930,1
2204,20151001,1
2204,20151002,1
2204,20151003,1
2204,20151004,1
2204,20151005,1
2204,20151006,1
2204,20151007,1
2204,20151008,1
2204,20151009,1
2204,20151010,1
2204,20151011,1
2204,20151012,1
2204,20151013,1
2204,20151014,1
2204,20151015,1
2204,20151016,1
2204,20151017,1
2204,20151018,1
2204,20151019,1
2204,20151020,1
2204,20151021,1
2204,20151022,1
2204,20151023,1
2204,20151024,1
2204,20151025,1
2204,20151026,1
2204,20151027,1
2204,20151028,1
2204,20151029,1
2205,20150901,1
2205,20150902,1
2205,20150903,1
2205,20150904,1
2205,20150905,1
2205,20150906,1
2205,20150907,1
2205,20150908,1
2205,20150909,1
2205,20150911,1
2205,20150912,1
2205,20150913,1
2205,20150914,1
2205,20150915,1
2205,20150916,1
2205,20150917,1
2205,20150918,1
2205,20150919,1
2205,20150920,1
2205,20150921,1
2205,20150922,1
2205,20150923,1
2205,20150924,1
2205,20150925,1
2205,20150926,1
2205,20150927,1
2205,20150928,1
2205,20150929,1
2205,20150930,1
2205,20151001,1
2205,20151002,1
2205,20151003,1
2205,20151004,1
2205,20151005,1
2205,20151006,1
2205,20151007,1
2205,20151008,1
2205,20151009,1
2205,20151010,1
2205,20151011,1
2205,20151012,1
2205,20151013,1
2205,20151014,1
2205,20151015,1
2205,20151016,1
2205,20151017,1
2205,20151018,1
2205,20151019,1
2205,20151020,1
2205,20151021,1
2205,20151022,1
2205,20151023,1
2205,20151024,1
2205,20151025,1
2205,20151026,1
2205,20151027,1
2205,20151028,1
2205,20151029,1
2206,20150901,1
2206,20150902,1
2206,20150903,1
2206,20150904,1
2206,20150905,1
2206,20150906,1
2206,20150907,1
2206,20150908,1
2206,20150909,1
2206,20150911,1
2206,20150912,1
2206,20150913,1
2206,20150914,1
2206,20150915,1
2206,20150916,1
2206,20150917,1
2206,20150918,1
2206,20150919,1
2206,20150920,1
2206,20150921,1
2206,20150922,1
2206,20150923,1
2206,20150924,1
2206,20150925,1
2206,20150926,1
2206,20150927,1
2206,20150928,1
2206,20150929,1
2206,20150930,1
2206,20151001,1
2206,20151002,1
2206,20151003,1
2206,20151004,1
2206,20151005,1
2206,20151006,1
2206,20151007,1
2206,20151008,1
2206,20151009,1
2206,20151010,1
2206,20151011,1
2206,20151012,1
2206,20151013,1
2206,20151014,1
2206,20151015,1
2206,20151016,1
2206,20151017,1
2206,20151018,1
2206,20151019,1
2206,20151020,1
2206,20151021,1
2206,20151022,1
2206,20151023,1
2206,20151024,1
2206,20151025,1
2206,20151026,1
2206,20151027,1
2206,20151028,1
2206,20151029,1
2207,20150901,1
2207,20150902,1
2207,20150903,1
2207,20150904,1
2207,20150905,1
2207,20150906,1
2207,20150907,1
2207,20150908,1
2207,20150909,1
2207,20150911,1
2207,20150912,1
2207,20150913,1
2207,20150914,1
2207,20150915,1
2207,20150916,1
2207,20150917,1
2207,20150918,1
2207,20150919,1
2207,20150920,1
2207,20150921,1
2207,20150922,1
2207,20150923,1
2207,20150924,1
2207,20150925,1
2207,20150926,1
2207,20150927,1
2207,20150928,1
2207,20150929,1
2207,20150930,1
2207,20151001,1
2207,20151002,1
2207,20151003,1
2207,20151004,1
2207,20151005,1
2207,20151006,1
2207,20151007,1
2207,20151008,1
2207,20151009,1
2207,20151010,1
2207,20151011,1
2207,20151012,1
2207,20151013,1
2207,20151014,1
2207,20151015,1
2207,20151016,1
2207,20151017,1
2207,20151018,1
2207,20151019,1
2207,20151020,1
2207,20151021,1
2207,20151022,1
2207,20151023,1
2207,20151024,1
2207,20151025,1
2207,20151026,1
2207,20151027,1
2207,20151028,1
2207,20151029,1
2208,20150901,1
2208,20150902,1
2208,20150903,1
2208,20150904,1
2208,20150905,1
2208,20150906,1
2208,20150907,1
2208,20150908,1
2208,20150909,1
2208,20150911,1
2208,20150912,1
2208,20150913,1
2208,20150914,1
2208,20150915,1
2208,20150916,1
2208,20150917,1
2208,20150918,1
2208,20150919,1
2208,20150920,1
2208,20150921,1
2208,20150922,1
2208,20150923,1
2208,20150924,1
2208,20150925,1
2208,20150926,1
2208,20150927,1
2208,20150928,1
2208,20150929,1
2208,20150930,1
2208,20151001,1
2208,20151002,1
2208,20151003,1
2208,20151004,1
2208,20151005,1
2208,20151006,1
2208,20151007,1
2208,20151008,1
2208,20151009,1
2208,20151010,1
2208,20151011,1
2208,20151012,1
2208,20151013,1
2208,20151014,1
2208,20151015,1
2208,20151016,1
2208,20151017,1
2208,20151018,1
2208,20151019,1
2208,20151020,1
2208,20151021,1
2208,20151022,1
2208,20151023,1
2208,20151024,1
2208,20151025,1
2208,20151026,1
2208,20151027,1
2208,20151028,1
2208,20151029,1
2209,20150901,1
2209,20150902,1
2209,20150903,1
2209,20150904,1
2209,20150905,1
2209,20150906,1
2209,20150907,1
2209,20150908,1
2209,20150909,1
2209,20150911,1
2209,20150912,1
2209,20150913,1
2209,20150914,1
2209,20150915,1
2209,20150916,1
2209,20150917,1
2209,20150918,1
2209,20150919,1
2209,20150920,1
2209,20150921,1
2209,20150922,1
2209,20150923,1
2209,20150924,1
2209,20150925,1
2209,20150926,1
2209,20150927,1
2209,20150928,1
2209,20150929,1
2209,20150930,1
2209,20151001,1
2209,20151002,1
2209,20151003,1
2209,20151004,1
2209,20151005,1
2209,20151006,1
2209,20151007,1
2209,20151008,1
2209,20151009,1
2209,20151010,1
2209,20151011,1
2209,20151012,1
2209,20151013,1
2209,20151014,1
2209,20151015,1
2209,20151016,1
2209,20151017,1
2209,20151018,1
2209,20151019,1
2209,20151020,1
2209,20151021,1
2209,20151022,1
2209,20151023,1
2209,20151024,1
2209,20151025,1
2209,20151026,1
2209,20151027,1
2209,20151028,1
2209,20151029,1
2210,20150901,1
2210,20150902,1
2210,20150903,1
2210,20150904,1
2210,20150905,1
2210,20150906,1
2210,20150907,1
2210,20150908,1
2210,20150909,1
2210,20150911,1
2210,20150912,1
2210,20150913,1
2210,20150914,1
2210,20150915,1
2210,20150916,1
2210,20150917,1
2210,20150918,1
2210,20150919,1
2210,20150920,1
2210,20150921,1
2210,20150922,1
2210,20150923,1
2210,20150924,1
2210,20150925,1
2210,20150926,1
2210,20150927,1
2210,20150928,1
2210,20150929,1
2210,20150930,1
2210,20151001,1
2210,20151002,1
2210,20151003,1
2210,20151004,1
2210,20151005,1
2210,20151006,1
2210,20151007,1
2210,20151008,1
2210,20151009,1
2210,20151010,1
2210,20151011,1
2210,20151012,1
2210,20151013,1
2210,20151014,1
2210,20151015,1
2210,20151016,1
2210,20151017,1
2210,20151018,1
2210,20151019,1
2210,20151020,1
2210,20151021,1
2210,20151022,1
2210,20151023,1
2210,20151024,1
2210,20151025,1
2210,20151026,1
2210,20151027,1
2210,20151028,1
2210,20151029,1
2211,20150901,1
2211,20150902,1
2211,20150903,1
2211,20150904,1
2211,20150905,1
2211,20150906,1
2211,20150907,1
2211,20150908,1
2211,20150909,1
2211,20150911,1
2211,20150912,1
2211,20150913,1
2211,20150914,1
2211,20150915,1
2211,20150916,1
2211,20150917,1
2211,20150918,1
2211,20150919,1
2211,20150920,1
2211,20150921,1
2211,20150922,1
2211,20150923,1
2211,20150924,1
2211,20150925,1
2211,20150926,1
2211,20150927,1
2211,20150928,1
2211,20150929,1
2211,20150930,1
2211,20151001,1
2211,20151002,1
2211,20151003,1
2211,20151004,1
2211,20151005,1
2211,20151006,1
2211,20151007,1
2211,20151008,1
2211,20151009,1
2211,20151010,1
2211,20151011,1
2211,20151012,1
2211,20151013,1
2211,20151014,1
2211,20151015,1
2211,20151016,1
2211,20151017,1
2211,20151018,1
2211,20151019,1
2211,20151020,1
2211,20151021,1
2211,20151022,1
2211,20151023,1
2211,20151024,1
2211,20151025,1
2211,20151026,1
2211,20151027,1
2211,20151028,1
2211,20151029,1
2212,20150901,1
2212,20150902,1
2212,20150903,1
2212,20150904,1
2212,20150905,1
2212,20150906,1
2212,20150907,1
2212,20150908,1
2212,20150909,1
2212,20150911,1
2212,20150912,1
2212,20150913,1
2212,20150914,1
2212,20150915,1
2212,20150916,1
2212,20150917,1
2212,20150918,1
2212,20150919,1
2212,20150920,1
2212,20150921,1
2212,20150922,1
2212,20150923,1
2212,20150924,1
2212,20150925,1
2212,20150926,1
2212,20150927,1
2212,20150928,1
2212,20150929,1
2212,20150930,1
2212,20151001,1
2212,20151002,1
2212,20151003,1
2212,20151004,1
2212,20151005,1
2212,20151006,1
2212,20151007,1
2212,20151008,1
2212,20151009,1
2212,20151010,1
2212,20151011,1
2212,20151012,1
2212,20151013,1
2212,20151014,1
2212,20151015,1
2212,20151016,1
2212,20151017,1
2212,20151018,1
2212,20151019,1
2212,20151020,1
2212,20151021,1
2212,20151022,1
2212,20151023,1
2212,20151024,1
2212,20151025,1
2212,20151026,1
2212,20151027,1
2212,20151028,1
2212,20151029,1
2301,20150901,1
2301,20150902,1
2301,20150903,1
2301,20150904,1
2301,20150905,1
2301,20150906,1
2301,20150907,1
2301,20150908,1
2301,20150909,1
2301,20150911,1
2301,20150912,1
2301,20150913,1
2301,20150914,1
2301,20150915,1
2301,20150916,1
2301,20150917,1
2301,20150918,1
2301,20150919,1
2301,20150920,1
2301,20150921,1
2301,20150922,1
2301,20150923,1
2301,20150924,1
2301,20150925,1
2301,20150926,1
2301,20150927,1
2301,20150928,1
2301,20150929,1
2301,20150930,1
2301,20151001,1
2301,20151002,1
2301,20151003,1
2301,20151004,1
2301,20151005,1
2301,20151006,1
2301,20151007,1
2301,20151008,1
2301,20151009,1
2301,20151010,1
2301,20151011,1
2301,20151012,1
2301,20151013,1
2301,20151014,1
2301,20151015,1
2301,20151016,1
2301,20151017,1
2301,20151018,1
2301,20151019,1
2301,20151020,1
2301,20151021,1
2301,20151022,1
2301,20151023,1
2301,20151024,1
2301,20151025,1
2301,20151026,1
2301,20151027,1
2301,20151028,1
2301,20151029,1
2302,20150901,1
2302,20150902,1
2302,20150903,1
2302,20150904,1
2302,20150905,1
2302,20150906,1
2302,20150907,1
2302,20150908,1
2302,20150909,1
2302,20150911,1
2302,20150912,1
2302,20150913,1
2302,20150914,1
2302,20150915,1
2302,20150916,1
2302,20150917,1
2302,20150918,1
2302,20150919,1
2302,20150920,1
2302,20150921,1
2302,20150922,1
2302,20150923,1
2302,20150924,1
2302,20150925,1
2302,20150926,1
2302,20150927,1
2302,20150928,1
2302,20150929,1
2302,20150930,1
2302,20151001,1
2302,20151002,1
2302,20151003,1
2302,20151004,1
2302,20151005,1
2302,20151006,1
2302,20151007,1
2302,20151008,1
2302,20151009,1
2302,20151010,1
2302,20151011,1
2302,20151012,1
2302,20151013,1
2302,20151014,1
2302,20151015,1
2302,20151016,1
2302,20151017,1
2302,20151018,1
2302,20151019,1
2302,20151020,1
2302,20151021,1
2302,20151022,1
2302,20151023,1
2302,20151024,1
2302,20151025,1
2302,20151026,1
2302,20151027,1
2302,20151028,1
2302,20151029,1
2303,20150901,1
2303,20150902,1
2303,20150903,1
2303,20150904,1
2303,20150905,1
2303,20150906,1
2303,20150907,1
2303,20150908,1
2303,20150909,1
2303,20150911,1
2303,20150912,1
2303,20150913,1
2303,20150914,1
2303,20150915,1
2303,20150916,1
2303,20150917,1
2303,20150918,1
2303,20150919,1
2303,20150920,1
2303,20150921,1
2303,20150922,1
2303,20150923,1
2303,20150924,1
2303,20150925,1
2303,20150926,1
2303,20150927,1
2303,20150928,1
2303,20150929,1
2303,20150930,1
2303,20151001,1
2303,20151002,1
2303,20151003,1
2303,20151004,1
2303,20151005,1
2303,20151006,1
2303,20151007,1
2303,20151008,1
2303,20151009,1
2303,20151010,1
2303,20151011,1
2303,20151012,1
2303,20151013,1
2303,20151014,1
2303,20151015,1
2303,20151016,1
2303,20151017,1
2303,20151018,1
2303,20151019,1
2303,20151020,1
2303,20151021,1
2303,20151022,1
2303,20151023,1
2303,20151024,1
2303,20151025,1
2303,20151026,1
2303,20151027,1
2303,20151028,1
2303,20151029,1
2304,20150901,1
2304,20150902,1
2304,20150903,1
2304,20150904,1
2304,20150905,1
2304,20150906,1
2304,20150907,1
2304,20150908,1
2304,20150909,1
2304,20150911,1
2304,20150912,1
2304,20150913,1
2304,20150914,1
2304,20150915,1
2304,20150916,1
2304,20150917,1
2304,20150918,1
2304,20150919,1
2304,20150920,1
2304,20150921,1
2304,20150922,1
2304,20150923,1
2304,20150924,1
2304,20150925,1
2304,20150926,1
2304,20150927,1
2304,20150928,1
2304,20150929,1
2304,20150930,1
2304,20151001,1
2304,20151002,1
2304,20151003,1
2304,20151004,1
2304,20151005,1
2304,20151006,1
2304,20151007,1
2304,20151008,1
2304,20151009,1
2304,20151010,1
2304,20151011,1
2304,20151012,1
2304,20151013,1
2304,20151014,1
2304,20151015,1
2304,20151016,1
2304,20151017,1
2304,20151018,1
2304,20151019,1
2304,20151020,1
2304,20151021,1
2304,20151022,1
2304,20151023,1
2304,20151024,1
2304,20151025,1
2304,20151026,1
2304,20151027,1
2304,20151028,1
2304,20151029,1
2305,20150901,1
2305,20150902,1
2305,20150903,1
2305,20150904,1
2305,20150905,1
2305,20150906,1
2305,20150907,1
2305,20150908,1
2305,20150909,1
2305,20150911,1
2305,20150912,1
2305,20150913,1
2305,20150914,1
2305,20150915,1
2305,20150916,1
2305,20150917,1
2305,20150918,1
2305,20150919,1
2305,20150920,1
2305,20150921,1
2305,20150922,1
2305,20150923,1
2305,20150924,1
2305,20150925,1
2305,20150926,1
2305,20150927,1
2305,20150928,1
2305,20150929,1
2305,20150930,1
2305,20151001,1
2305,20151002,1
2305,20151003,1
2305,20151004,1
2305,20151005,1
2305,20151006,1
2305,20151007,1
2305,20151008,1
2305,20151009,1
2305,20151010,1
2305,20151011,1
2305,20151012,1
2305,20151013,1
2305,20151014,1
2305,20151015,1
2305,20151016,1
2305,20151017,1
2305,20151018,1
2305,20151019,1
2305,20151020,1
2305,20151021,1
2305,20151022,1
2305,20151023,1
2305,20151024,1
2305,20151025,1
2305,20151026,1
2305,20151027,1
2305,20151028,1
2305,20151029,1
2306,20150901,1
2306,20150902,1
2306,20150903,1
2306,20150904,1
2306,20150905,1
2306,20150906,1
2306,20150907,1
2306,20150908,1
2306,20150909,1
2306,20150911,1
2306,20150912,1
2306,20150913,1
2306,20150914,1
2306,20150915,1
2306,20150916,1
2306,20150917,1
2306,20150918,1
2306,20150919,1
2306,20150920,1
2306,20150921,1
2306,20150922,1
2306,20150923,1
2306,20150924,1
2306,20150925,1
2306,20150926,1
2306,20150927,1
2306,20150928,1
2306,20150929,1
2306,20150930,1
2306,20151001,1
2306,20151002,1
2306,20151003,1
2306,20151004,1
2306,20151005,1
2306,20151006,1
2306,20151007,1
2306,20151008,1
2306,20151009,1
2306,20151010,1
2306,20151011,1
2306,20151012,1
2306,20151013,1
2306,20151014,1
2306,20151015,1
2306,20151016,1
2306,20151017,1
2306,20151018,1
2306,20151019,1
2306,20151020,1
2306,20151021,1
2306,20151022,1
2306,20151023,1
2306,20151024,1
2306,20151025,1
2306,20151026,1
2306,20151027,1
2306,20151028,1
2306,20151029,1
2307,20150901,1
2307,20150902,1
2307,20150903,1
2307,20150904,1
2307,20150905,1
2307,20150906,1
2307,20150907,1
2307,20150908,1
2307,20150909,1
2307,20150911,1
2307,20150912,1
2307,20150913,1
2307,20150914,1
2307,20150915,1
2307,20150916,1
2307,20150917,1
2307,20150918,1
2307,20150919,1
2307,20150920,1
2307,20150921,1
2307,20150922,1
2307,20150923,1
2307,20150924,1
2307,20150925,1
2307,20150926,1
2307,20150927,1
2307,20150928,1
2307,20150929,1
2307,20150930,1
2307,20151001,1
2307,20151002,1
2307,20151003,1
2307,20151004,1
2307,20151005,1
2307,20151006,1
2307,20151007,1
2307,20151008,1
2307,20151009,1
2307,20151010,1
2307,20151011,1
2307,20151012,1
2307,20151013,1
2307,20151014,1
2307,20151015,1
2307,20151016,1
2307,20151017,1
2307,20151018,1
2307,20151019,1
2307,20151020,1
2307,20151021,1
2307,20151022,1
2307,20151023,1
2307,20151024,1
2307,20151025,1
2307,20151026,1
2307,20151027,1
2307,20151028,1
2307,20151029,1
2309,20150901,1
2309,20150902,1
2309,20150903,1
2309,20150904,1
2309,20150905,1
2309,20150906,1
2309,20150907,1
2309,20150908,1
2309,20150909,1
2309,20150911,1
2309,20150912,1
2309,20150913,1
2309,20150914,1
2309,20150915,1
2309,20150916,1
2309,20150917,1
2309,20150918,1
2309,20150919,1
2309,20150920,1
2309,20150921,1
2309,20150922,1
2309,20150923,1
2309,20150924,1
2309,20150925,1
2309,20150926,1
2309,20150927,1
2309,20150928,1
2309,20150929,1
2309,20150930,1
2309,20151001,1
2309,20151002,1
2309,20151003,1
2309,20151004,1
2309,20151005,1
2309,20151006,1
2309,20151007,1
2309,20151008,1
2309,20151009,1
2309,20151010,1
2309,20151011,1
2309,20151012,1
2309,20151013,1
2309,20151014,1
2309,20151015,1
2309,20151016,1
2309,20151017,1
2309,20151018,1
2309,20151019,1
2309,20151020,1
2309,20151021,1
2309,20151022,1
2309,20151023,1
2309,20151024,1
2309,20151025,1
2309,20151026,1
2309,20151027,1
2309,20151028,1
2309,20151029,1
2310,20150901,1
2310,20150902,1
2310,20150903,1
2310,20150904,1
2310,20150905,1
2310,20150906,1
2310,20150907,1
2310,20150908,1
2310,20150909,1
2310,20150911,1
2310,20150912,1
2310,20150913,1
2310,20150914,1
2310,20150915,1
2310,20150916,1
2310,20150917,1
2310,20150918,1
2310,20150919,1
2310,20150920,1
2310,20150921,1
2310,20150922,1
2310,20150923,1
2310,20150924,1
2310,20150925,1
2310,20150926,1
2310,20150927,1
2310,20150928,1
2310,20150929,1
2310,20150930,1
2310,20151001,1
2310,20151002,1
2310,20151003,1
2310,20151004,1
2310,20151005,1
2310,20151006,1
2310,20151007,1
2310,20151008,1
2310,20151009,1
2310,20151010,1
2310,20151011,1
2310,20151012,1
2310,20151013,1
2310,20151014,1
2310,20151015,1
2310,20151016,1
2310,20151017,1
2310,20151018,1
2310,20151019,1
2310,20151020,1
2310,20151021,1
2310,20151022,1
2310,20151023,1
2310,20151024,1
2310,20151025,1
2310,20151026,1
2310,20151027,1
2310,20151028,1
2310,20151029,1
2311,20150901,1
2311,20150902,1
2311,20150903,1
2311,20150904,1
2311,20150905,1
2311,20150906,1
2311,20150907,1
2311,20150908,1
2311,20150909,1
2311,20150911,1
2311,20150912,1
2311,20150913,1
2311,20150914,1
2311,20150915,1
2311,20150916,1
2311,20150917,1
2311,20150918,1
2311,20150919,1
2311,20150920,1
2311,20150921,1
2311,20150922,1
2311,20150923,1
2311,20150924,1
2311,20150925,1
2311,20150926,1
2311,20150927,1
2311,20150928,1
2311,20150929,1
2311,20150930,1
2311,20151001,1
2311,20151002,1
2311,20151003,1
2311,20151004,1
2311,20151005,1
2311,20151006,1
2311,20151007,1
2311,20151008,1
2311,20151009,1
2311,20151010,1
2311,20151011,1
2311,20151012,1
2311,20151013,1
2311,20151014,1
2311,20151015,1
2311,20151016,1
2311,20151017,1
2311,20151018,1
2311,20151019,1
2311,20151020,1
2311,20151021,1
2311,20151022,1
2311,20151023,1
2311,20151024,1
2311,20151025,1
2311,20151026,1
2311,20151027,1
2311,20151028,1
2311,20151029,1
2314,20150901,1
2314,20150902,1
2314,20150903,1
2314,20150904,1
2314,20150905,1
2314,20150906,1
2314,20150907,1
2314,20150908,1
2314,20150909,1
2314,20150911,1
2314,20150912,1
2314,20150913,1
2314,20150914,1
2314,20150915,1
2314,20150916,1
2314,20150917,1
2314,20150918,1
2314,20150919,1
2314,20150920,1
2314,20150921,1
2314,20150922,1
2314,20150923,1
2314,20150924,1
2314,20150925,1
2314,20150926,1
2314,20150927,1
2314,20150928,1
2314,20150929,1
2314,20150930,1
2314,20151001,1
2314,20151002,1
2314,20151003,1
2314,20151004,1
2314,20151005,1
2314,20151006,1
2314,20151007,1
2314,20151008,1
2314,20151009,1
2314,20151010,1
2314,20151011,1
2314,20151012,1
2314,20151013,1
2314,20151014,1
2314,20151015,1
2314,20151016,1
2314,20151017,1
2314,20151018,1
2314,20151019,1
2314,20151020,1
2314,20151021,1
2314,20151022,1
2314,20151023,1
2314,20151024,1
2314,20151025,1
2314,20151026,1
2314,20151027,1
2314,20151028,1
2314,20151029,1
2316,20150901,1
2316,20150902,1
2316,20150903,1
2316,20150904,1
2316,20150905,1
2316,20150906,1
2316,20150907,1
2316,20150908,1
2316,20150909,1
2316,20150911,1
2316,20150912,1
2316,20150913,1
2316,20150914,1
2316,20150915,1
2316,20150916,1
2316,20150917,1
2316,20150918,1
2316,20150919,1
2316,20150920,1
2316,20150921,1
2316,20150922,1
2316,20150923,1
2316,20150924,1
2316,20150925,1
2316,20150926,1
2316,20150927,1
2316,20150928,1
2316,20150929,1
2316,20150930,1
2316,20151001,1
2316,20151002,1
2316,20151003,1
2316,20151004,1
2316,20151005,1
2316,20151006,1
2316,20151007,1
2316,20151008,1
2316,20151009,1
2316,20151010,1
2316,20151011,1
2316,20151012,1
2316,20151013,1
2316,20151014,1
2316,20151015,1
2316,20151016,1
2316,20151017,1
2316,20151018,1
2316,20151019,1
2316,20151020,1
2316,20151021,1
2316,20151022,1
2316,20151023,1
2316,20151024,1
2316,20151025,1
2316,20151026,1
2316,20151027,1
2316,20151028,1
2316,20151029,1
3002,20150901,1
3002,20150902,1
3002,20150903,1
3002,20150904,1
3002,20150905,1
3002,20150906,1
3002,20150907,1
3002,20150908,1
3002,20150909,1
3002,20150911,1
3002,20150912,1
3002,20150913,1
3002,20150914,1
3002,20150915,1
3002,20150916,1
3002,20150917,1
3002,20150918,1
3002,20150919,1
3002,20150920,1
3002,20150921,1
3002,20150922,1
3002,20150923,1
3002,20150924,1
3002,20150925,1
3002,20150926,1
3002,20150927,1
3002,20150928,1
3002,20150929,1
3002,20150930,1
3002,20151001,1
3002,20151002,1
3002,20151003,1
3002,20151004,1
3002,20151005,1
3002,20151006,1
3002,20151007,1
3002,20151008,1
3002,20151009,1
3002,20151010,1
3002,20151011,1
3002,20151012,1
3002,20151013,1
3002,20151014,1
3002,20151015,1
3002,20151016,1
3002,20151017,1
3002,20151018,1
3002,20151019,1
3002,20151020,1
3002,20151021,1
3002,20151022,1
3002,20151023,1
3002,20151024,1
3002,20151025,1
3002,20151026,1
3002,20151027,1
3002,20151028,1
3002,20151029,1
3006,20150901,1
3006,20150902,1
3006,20150903,1
3006,20150904,1
3006,20150905,1
3006,20150906,1
3006,20150907,1
3006,20150908,1
3006,20150909,1
3006,20150911,1
3006,20150912,1
3006,20150913,1
3006,20150914,1
3006,20150915,1
3006,20150916,1
3006,20150917,1
3006,20150918,1
3006,20150919,1
3006,20150920,1
3006,20150921,1
3006,20150922,1
3006,20150923,1
3006,20150924,1
3006,20150925,1
3006,20150926,1
3006,20150927,1
3006,20150928,1
3006,20150929,1
3006,20150930,1
3006,20151001,1
3006,20151002,1
3006,20151003,1
3006,20151004,1
3006,20151005,1
3006,20151006,1
3006,20151007,1
3006,20151008,1
3006,20151009,1
3006,20151010,1
3006,20151011,1
3006,20151012,1
3006,20151013,1
3006,20151014,1
3006,20151015,1
3006,20151016,1
3006,20151017,1
3006,20151018,1
3006,20151019,1
3006,20151020,1
3006,20151021,1
3006,20151022,1
3006,20151023,1
3006,20151024,1
3006,20151025,1
3006,20151026,1
3006,20151027,1
3006,20151028,1
3006,20151029,1
3007,20150901,1
3007,20150902,1
3007,20150903,1
3007,20150904,1
3007,20150905,1
3007,20150906,1
3007,20150907,1
3007,20150908,1
3007,20150909,1
3007,20150911,1
3007,20150912,1
3007,20150913,1
3007,20150914,1
3007,20150915,1
3007,20150916,1
3007,20150917,1
3007,20150918,1
3007,20150919,1
3007,20150920,1
3007,20150921,1
3007,20150922,1
3007,20150923,1
3007,20150924,1
3007,20150925,1
3007,20150926,1
3007,20150927,1
3007,20150928,1
3007,20150929,1
3007,20150930,1
3007,20151001,1
3007,20151002,1
3007,20151003,1
3007,20151004,1
3007,20151005,1
3007,20151006,1
3007,20151007,1
3007,20151008,1
3007,20151009,1
3007,20151010,1
3007,20151011,1
3007,20151012,1
3007,20151013,1
3007,20151014,1
3007,20151015,1
3007,20151016,1
3007,20151017,1
3007,20151018,1
3007,20151019,1
3007,20151020,1
3007,20151021,1
3007,20151022,1
3007,20151023,1
3007,20151024,1
3007,20151025,1
3007,20151026,1
3007,20151027,1
3007,20151028,1
3007,20151029,1
3008,20150901,1
3008,20150902,1
3008,20150903,1
3008,20150904,1
3008,20150905,1
3008,20150906,1
3008,20150907,1
3008,20150908,1
3008,20150909,1
3008,20150911,1
3008,20150912,1
3008,20150913,1
3008,20150914,1
3008,20150915,1
3008,20150916,1
3008,20150917,1
3008,20150918,1
3008,20150919,1
3008,20150920,1
3008,20150921,1
3008,20150922,1
3008,20150923,1
3008,20150924,1
3008,20150925,1
3008,20150926,1
3008,20150927,1
3008,20150928,1
3008,20150929,1
3008,20150930,1
3008,20151001,1
3008,20151002,1
3008,20151003,1
3008,20151004,1
3008,20151005,1
3008,20151006,1
3008,20151007,1
3008,20151008,1
3008,20151009,1
3008,20151010,1
3008,20151011,1
3008,20151012,1
3008,20151013,1
3008,20151014,1
3008,20151015,1
3008,20151016,1
3008,20151017,1
3008,20151018,1
3008,20151019,1
3008,20151020,1
3008,20151021,1
3008,20151022,1
3008,20151023,1
3008,20151024,1
3008,20151025,1
3008,20151026,1
3008,20151027,1
3008,20151028,1
3008,20151029,1
3010,20150901,1
3010,20150902,1
3010,20150903,1
3010,20150904,1
3010,20150905,1
3010,20150906,1
3010,20150907,1
3010,20150908,1
3010,20150909,1
3010,20150911,1
3010,20150912,1
3010,20150913,1
3010,20150914,1
3010,20150915,1
3010,20150916,1
3010,20150917,1
3010,20150918,1
3010,20150919,1
3010,20150920,1
3010,20150921,1
3010,20150922,1
3010,20150923,1
3010,20150924,1
3010,20150925,1
3010,20150926,1
3010,20150927,1
3010,20150928,1
3010,20150929,1
3010,20150930,1
3010,20151001,1
3010,20151002,1
3010,20151003,1
3010,20151004,1
3010,20151005,1
3010,20151006,1
3010,20151007,1
3010,20151008,1
3010,20151009,1
3010,20151010,1
3010,20151011,1
3010,20151012,1
3010,20151013,1
3010,20151014,1
3010,20151015,1
3010,20151016,1
3010,20151017,1
3010,20151018,1
3010,20151019,1
3010,20151020,1
3010,20151021,1
3010,20151022,1
3010,20151023,1
3010,20151024,1
3010,20151025,1
3010,20151026,1
3010,20151027,1
3010,20151028,1
3010,20151029,1
3011,20150901,1
3011,20150902,1
3011,20150903,1
3011,20150904,1
3011,20150905,1
3011,20150906,1
3011,20150907,1
3011,20150908,1
3011,20150909,1
3011,20150911,1
3011,20150912,1
3011,20150913,1
3011,20150914,1
3011,20150915,1
3011,20150916,1
3011,20150917,1
3011,20150918,1
3011,20150919,1
3011,20150920,1
3011,20150921,1
3011,20150922,1
3011,20150923,1
3011,20150924,1
3011,20150925,1
3011,20150926,1
3011,20150927,1
3011,20150928,1
3011,20150929,1
3011,20150930,1
3011,20151001,1
3011,20151002,1
3011,20151003,1
3011,20151004,1
3011,20151005,1
3011,20151006,1
3011,20151007,1
3011,20151008,1
3011,20151009,1
3011,20151010,1
3011,20151011,1
3011,20151012,1
3011,20151013,1
3011,20151014,1
3011,20151015,1
3011,20151016,1
3011,20151017,1
3011,20151018,1
3011,20151019,1
3011,20151020,1
3011,20151021,1
3011,20151022,1
3011,20151023,1
3011,20151024,1
3011,20151025,1
3011,20151026,1
3011,20151027,1
3011,20151028,1
3011,20151029,1
3013,20150901,1
3013,20150902,1
3013,20150903,1
3013,20150904,1
3013,20150905,1
3013,20150906,1
3013,20150907,1
3013,20150908,1
3013,20150909,1
3013,20150911,1
3013,20150912,1
3013,20150913,1
3013,20150914,1
3013,20150915,1
3013,20150916,1
3013,20150917,1
3013,20150918,1
3013,20150919,1
3013,20150920,1
3013,20150921,1
3013,20150922,1
3013,20150923,1
3013,20150924,1
3013,20150925,1
3013,20150926,1
3013,20150927,1
3013,20150928,1
3013,20150929,1
3013,20150930,1
3013,20151001,1
3013,20151002,1
3013,20151003,1
3013,20151004,1
3013,20151005,1
3013,20151006,1
3013,20151007,1
3013,20151008,1
3013,20151009,1
3013,20151010,1
3013,20151011,1
3013,20151012,1
3013,20151013,1
3013,20151014,1
3013,20151015,1
3013,20151016,1
3013,20151017,1
3013,20151018,1
3013,20151019,1
3013,20151020,1
3013,20151021,1
3013,20151022,1
3013,20151023,1
3013,20151024,1
3013,20151025,1
3013,20151026,1
3013,20151027,1
3013,20151028,1
3013,20151029,1
3016,20150901,1
3016,20150902,1
3016,20150903,1
3016,20150904,1
3016,20150905,1
3016,20150906,1
3016,20150907,1
3016,20150908,1
3016,20150909,1
3016,20150911,1
3016,20150912,1
3016,20150913,1
3016,20150914,1
3016,20150915,1
3016,20150916,1
3016,20150917,1
3016,20150918,1
3016,20150919,1
3016,20150920,1
3016,20150921,1
3016,20150922,1
3016,20150923,1
3016,20150924,1
3016,20150925,1
3016,20150926,1
3016,20150927,1
3016,20150928,1
3016,20150929,1
3016,20150930,1
3016,20151001,1
3016,20151002,1
3016,20151003,1
3016,20151004,1
3016,20151005,1
3016,20151006,1
3016,20151007,1
3016,20151008,1
3016,20151009,1
3016,20151010,1
3016,20151011,1
3016,20151012,1
3016,20151013,1
3016,20151014,1
3016,20151015,1
3016,20151016,1
3016,20151017,1
3016,20151018,1
3016,20151019,1
3016,20151020,1
3016,20151021,1
3016,20151022,1
3016,20151023,1
3016,20151024,1
3016,20151025,1
3016,20151026,1
3016,20151027,1
3016,20151028,1
3016,20151029,1
3018,20150901,1
3018,20150902,1
3018,20150903,1
3018,20150904,1
3018,20150905,1
3018,20150906,1
3018,20150907,1
3018,20150908,1
3018,20150909,1
3018,20150911,1
3018,20150912,1
3018,20150913,1
3018,20150914,1
3018,20150915,1
3018,20150916,1
3018,20150917,1
3018,20150918,1
3018,20150919,1
3018,20150920,1
3018,20150921,1
3018,20150922,1
3018,20150923,1
3018,20150924,1
3018,20150925,1
3018,20150926,1
3018,20150927,1
3018,20150928,1
3018,20150929,1
3018,20150930,1
3018,20151001,1
3018,20151002,1
3018,20151003,1
3018,20151004,1
3018,20151005,1
3018,20151006,1
3018,20151007,1
3018,20151008,1
3018,20151009,1
3018,20151010,1
3018,20151011,1
3018,20151012,1
3018,20151013,1
3018,20151014,1
3018,20151015,1
3018,20151016,1
3018,20151017,1
3018,20151018,1
3018,20151019,1
3018,20151020,1
3018,20151021,1
3018,20151022,1
3018,20151023,1
3018,20151024,1
3018,20151025,1
3018,20151026,1
3018,20151027,1
3018,20151028,1
3018,20151029,1
3110,20150901,1
3110,20150902,1
3110,20150903,1
3110,20150904,1
3110,20150905,1
3110,20150906,1
3110,20150907,1
3110,20150908,1
3110,20150909,1
3110,20150911,1
3110,20150912,1
3110,20150913,1
3110,20150914,1
3110,20150915,1
3110,20150916,1
3110,20150917,1
3110,20150918,1
3110,20150919,1
3110,20150920,1
3110,20150921,1
3110,20150922,1
3110,20150923,1
3110,20150924,1
3110,20150925,1
3110,20150926,1
3110,20150927,1
3110,20150928,1
3110,20150929,1
3110,20150930,1
3110,20151001,1
3110,20151002,1
3110,20151003,1
3110,20151004,1
3110,20151005,1
3110,20151006,1
3110,20151007,1
3110,20151008,1
3110,20151009,1
3110,20151010,1
3110,20151011,1
3110,20151012,1
3110,20151013,1
3110,20151014,1
3110,20151015,1
3110,20151016,1
3110,20151017,1
3110,20151018,1
3110,20151019,1
3110,20151020,1
3110,20151021,1
3110,20151022,1
3110,20151023,1
3110,20151024,1
3110,20151025,1
3110,20151026,1
3110,20151027,1
3110,20151028,1
3110,20151029,1
3114,20150901,1
3114,20150902,1
3114,20150903,1
3114,20150904,1
3114,20150905,1
3114,20150906,1
3114,20150907,1
3114,20150908,1
3114,20150909,1
3114,20150911,1
3114,20150912,1
3114,20150913,1
3114,20150914,1
3114,20150915,1
3114,20150916,1
3114,20150917,1
3114,20150918,1
3114,20150919,1
3114,20150920,1
3114,20150921,1
3114,20150922,1
3114,20150923,1
3114,20150924,1
3114,20150925,1
3114,20150926,1
3114,20150927,1
3114,20150928,1
3114,20150929,1
3114,20150930,1
3114,20151001,1
3114,20151002,1
3114,20151003,1
3114,20151004,1
3114,20151005,1
3114,20151006,1
3114,20151007,1
3114,20151008,1
3114,20151009,1
3114,20151010,1
3114,20151011,1
3114,20151012,1
3114,20151013,1
3114,20151014,1
3114,20151015,1
3114,20151016,1
3114,20151017,1
3114,20151018,1
3114,20151019,1
3114,20151020,1
3114,20151021,1
3114,20151022,1
3114,20151023,1
3114,20151024,1
3114,20151025,1
3114,20151026,1
3114,20151027,1
3114,20151028,1
3114,20151029,1
3116,20150901,1
3116,20150902,1
3116,20150903,1
3116,20150904,1
3116,20150905,1
3116,20150906,1
3116,20150907,1
3116,20150908,1
3116,20150909,1
3116,20150911,1
3116,20150912,1
3116,20150913,1
3116,20150914,1
3116,20150915,1
3116,20150916,1
3116,20150917,1
3116,20150918,1
3116,20150919,1
3116,20150920,1
3116,20150921,1
3116,20150922,1
3116,20150923,1
3116,20150924,1
3116,20150925,1
3116,20150926,1
3116,20150927,1
3116,20150928,1
3116,20150929,1
3116,20150930,1
3116,20151001,1
3116,20151002,1
3116,20151003,1
3116,20151004,1
3116,20151005,1
3116,20151006,1
3116,20151007,1
3116,20151008,1
3116,20151009,1
3116,20151010,1
3116,20151011,1
3116,20151012,1
3116,20151013,1
3116,20151014,1
3116,20151015,1
3116,20151016,1
3116,20151017,1
3116,20151018,1
3116,20151019,1
3116,20151020,1
3116,20151021,1
3116,20151022,1
3116,20151023,1
3116,20151024,1
3116,20151025,1
3116,20151026,1
3116,20151027,1
3116,20151028,1
3116,20151029,1
3117,20150901,1
3117,20150902,1
3117,20150903,1
3117,20150904,1
3117,20150905,1
3117,20150906,1
3117,20150907,1
3117,20150908,1
3117,20150909,1
3117,20150911,1
3117,20150912,1
3117,20150913,1
3117,20150914,1
3117,20150915,1
3117,20150916,1
3117,20150917,1
3117,20150918,1
3117,20150919,1
3117,20150920,1
3117,20150921,1
3117,20150922,1
3117,20150923,1
3117,20150924,1
3117,20150925,1
3117,20150926,1
3117,20150927,1
3117,20150928,1
3117,20150929,1
3117,20150930,1
3117,20151001,1
3117,20151002,1
3117,20151003,1
3117,20151004,1
3117,20151005,1
3117,20151006,1
3117,20151007,1
3117,20151008,1
3117,20151009,1
3117,20151010,1
3117,20151011,1
3117,20151012,1
3117,20151013,1
3117,20151014,1
3117,20151015,1
3117,20151016,1
3117,20151017,1
3117,20151018,1
3117,20151019,1
3117,20151020,1
3117,20151021,1
3117,20151022,1
3117,20151023,1
3117,20151024,1
3117,20151025,1
3117,20151026,1
3117,20151027,1
3117,20151028,1
3117,20151029,1
3118,20150901,1
3118,20150902,1
3118,20150903,1
3118,20150904,1
3118,20150905,1
3118,20150906,1
3118,20150907,1
3118,20150908,1
3118,20150909,1
3118,20150911,1
3118,20150912,1
3118,20150913,1
3118,20150914,1
3118,20150915,1
3118,20150916,1
3118,20150917,1
3118,20150918,1
3118,20150919,1
3118,20150920,1
3118,20150921,1
3118,20150922,1
3118,20150923,1
3118,20150924,1
3118,20150925,1
3118,20150926,1
3118,20150927,1
3118,20150928,1
3118,20150929,1
3118,20150930,1
3118,20151001,1
3118,20151002,1
3118,20151003,1
3118,20151004,1
3118,20151005,1
3118,20151006,1
3118,20151007,1
3118,20151008,1
3118,20151009,1
3118,20151010,1
3118,20151011,1
3118,20151012,1
3118,20151013,1
3118,20151014,1
3118,20151015,1
3118,20151016,1
3118,20151017,1
3118,20151018,1
3118,20151019,1
3118,20151020,1
3118,20151021,1
3118,20151022,1
3118,20151023,1
3118,20151024,1
3118,20151025,1
3118,20151026,1
3118,20151027,1
3118,20151028,1
3118,20151029,1
3119,20150901,1
3119,20150902,1
3119,20150903,1
3119,20150904,1
3119,20150905,1
3119,20150906,1
3119,20150907,1
3119,20150908,1
3119,20150909,1
3119,20150911,1
3119,20150912,1
3119,20150913,1
3119,20150914,1
3119,20150915,1
3119,20150916,1
3119,20150917,1
3119,20150918,1
3119,20150919,1
3119,20150920,1
3119,20150921,1
3119,20150922,1
3119,20150923,1
3119,20150924,1
3119,20150925,1
3119,20150926,1
3119,20150927,1
3119,20150928,1
3119,20150929,1
3119,20150930,1
3119,20151001,1
3119,20151002,1
3119,20151003,1
3119,20151004,1
3119,20151005,1
3119,20151006,1
3119,20151007,1
3119,20151008,1
3119,20151009,1
3119,20151010,1
3119,20151011,1
3119,20151012,1
3119,20151013,1
3119,20151014,1
3119,20151015,1
3119,20151016,1
3119,20151017,1
3119,20151018,1
3119,20151019,1
3119,20151020,1
3119,20151021,1
3119,20151022,1
3119,20151023,1
3119,20151024,1
3119,20151025,1
3119,20151026,1
3119,20151027,1
3119,20151028,1
3119,20151029,1
3319,20150901,1
3319,20150902,1
3319,20150903,1
3319,20150904,1
3319,20150905,1
3319,20150906,1
3319,20150907,1
3319,20150908,1
3319,20150909,1
3319,20150911,1
3319,20150912,1
3319,20150913,1
3319,20150914,1
3319,20150915,1
3319,20150916,1
3319,20150917,1
3319,20150918,1
3319,20150919,1
3319,20150920,1
3319,20150921,1
3319,20150922,1
3319,20150923,1
3319,20150924,1
3319,20150925,1
3319,20150926,1
3319,20150927,1
3319,20150928,1
3319,20150929,1
3319,20150930,1
3319,20151001,1
3319,20151002,1
3319,20151003,1
3319,20151004,1
3319,20151005,1
3319,20151006,1
3319,20151007,1
3319,20151008,1
3319,20151009,1
3319,20151010,1
3319,20151011,1
3319,20151012,1
3319,20151013,1
3319,20151014,1
3319,20151015,1
3319,20151016,1
3319,20151017,1
3319,20151018,1
3319,20151019,1
3319,20151020,1
3319,20151021,1
3319,20151022,1
3319,20151023,1
3319,20151024,1
3319,20151025,1
3319,20151026,1
3319,20151027,1
3319,20151028,1
3319,20151029,1
3321,20150901,1
3321,20150902,1
3321,20150903,1
3321,20150904,1
3321,20150905,1
3321,20150906,1
3321,20150907,1
3321,20150908,1
3321,20150909,1
3321,20150911,1
3321,20150912,1
3321,20150913,1
3321,20150914,1
3321,20150915,1
3321,20150916,1
3321,20150917,1
3321,20150918,1
3321,20150919,1
3321,20150920,1
3321,20150921,1
3321,20150922,1
3321,20150923,1
3321,20150924,1
3321,20150925,1
3321,20150926,1
3321,20150927,1
3321,20150928,1
3321,20150929,1
3321,20150930,1
3321,20151001,1
3321,20151002,1
3321,20151003,1
3321,20151004,1
3321,20151005,1
3321,20151006,1
3321,20151007,1
3321,20151008,1
3321,20151009,1
3321,20151010,1
3321,20151011,1
3321,20151012,1
3321,20151013,1
3321,20151014,1
3321,20151015,1
3321,20151016,1
3321,20151017,1
3321,20151018,1
3321,20151019,1
3321,20151020,1
3321,20151021,1
3321,20151022,1
3321,20151023,1
3321,20151024,1
3321,20151025,1
3321,20151026,1
3321,20151027,1
3321,20151028,1
3321,20151029,1
10,20150901,1
10,20150902,1
10,20150903,1
10,20150904,1
10,20150905,1
10,20150906,1
10,20150907,1
10,20150908,1
10,20150909,1
10,20150911,1
10,20150912,1
10,20150913,1
10,20150914,1
10,20150915,1
10,20150916,1
10,20150917,1
10,20150918,1
10,20150919,1
10,20150920,1
10,20150921,1
10,20150922,1
10,20150923,1
10,20150924,1
10,20150925,1
10,20150926,1
10,20150927,1
10,20150928,1
10,20150929,1
10,20150930,1
10,20151001,1
10,20151002,1
10,20151003,1
10,20151004,1
10,20151005,1
10,20151006,1
10,20151007,1
10,20151008,1
10,20151009,1
10,20151010,1
10,20151011,1
10,20151012,1
10,20151013,1
10,20151014,1
10,20151015,1
10,20151016,1
10,20151017,1
10,20151018,1
10,20151019,1
10,20151020,1
10,20151021,1
10,20151022,1
10,20151023,1
10,20151024,1
10,20151025,1
10,20151026,1
10,20151027,1
10,20151028,1
10,20151029,1
11,20150901,1
11,20150902,1
11,20150903,1
11,20150904,1
11,20150905,1
11,20150906,1
11,20150907,1
11,20150908,1
11,20150909,1
11,20150911,1
11,20150912,1
11,20150913,1
11,20150914,1
11,20150915,1
11,20150916,1
11,20150917,1
11,20150918,1
11,20150919,1
11,20150920,1
11,20150921,1
11,20150922,1
11,20150923,1
11,20150924,1
11,20150925,1
11,20150926,1
11,20150927,1
11,20150928,1
11,20150929,1
11,20150930,1
11,20151001,1
11,20151002,1
11,20151003,1
11,20151004,1
11,20151005,1
11,20151006,1
11,20151007,1
11,20151008,1
11,20151009,1
11,20151010,1
11,20151011,1
11,20151012,1
11,20151013,1
11,20151014,1
11,20151015,1
11,20151016,1
11,20151017,1
11,20151018,1
11,20151019,1
11,20151020,1
11,20151021,1
11,20151022,1
11,20151023,1
11,20151024,1
11,20151025,1
11,20151026,1
11,20151027,1
11,20151028,1
11,20151029,1
12,20150901,1
12,20150902,1
12,20150903,1
12,20150904,1
12,20150905,1
12,20150906,1
12,20150907,1
12,20150908,1
12,20150909,1
12,20150911,1
12,20150912,1
12,20150913,1
12,20150914,1
12,20150915,1
12,20150916,1
12,20150917,1
12,20150918,1
12,20150919,1
12,20150920,1
12,20150921,1
12,20150922,1
12,20150923,1
12,20150924,1
12,20150925,1
12,20150926,1
12,20150927,1
12,20150928,1
12,20150929,1
12,20150930,1
12,20151001,1
12,20151002,1
12,20151003,1
12,20151004,1
12,20151005,1
12,20151006,1
12,20151007,1
12,20151008,1
12,20151009,1
12,20151010,1
12,20151011,1
12,20151012,1
12,20151013,1
12,20151014,1
12,20151015,1
12,20151016,1
12,20151017,1
12,20151018,1
12,20151019,1
12,20151020,1
12,20151021,1
12,20151022,1
12,20151023,1
12,20151024,1
12,20151025,1
12,20151026,1
12,20151027,1
12,20151028,1
12,20151029,1
13,20150901,1
13,20150902,1
13,20150903,1
13,20150904,1
13,20150905,1
13,20150906,1
13,20150907,1
13,20150908,1
13,20150909,1
13,20150911,1
13,20150912,1
13,20150913,1
13,20150914,1
13,20150915,1
13,20150916,1
13,20150917,1
13,20150918,1
13,20150919,1
13,20150920,1
13,20150921,1
13,20150922,1
13,20150923,1
13,20150924,1
13,20150925,1
13,20150926,1
13,20150927,1
13,20150928,1
13,20150929,1
13,20150930,1
13,20151001,1
13,20151002,1
13,20151003,1
13,20151004,1
13,20151005,1
13,20151006,1
13,20151007,1
13,20151008,1
13,20151009,1
13,20151010,1
13,20151011,1
13,20151012,1
13,20151013,1
13,20151014,1
13,20151015,1
13,20151016,1
13,20151017,1
13,20151018,1
13,20151019,1
13,20151020,1
13,20151021,1
13,20151022,1
13,20151023,1
13,20151024,1
13,20151025,1
13,20151026,1
13,20151027,1
13,20151028,1
13,20151029,1
15,20150901,1
15,20150902,1
15,20150903,1
15,20150904,1
15,20150905,1
15,20150906,1
15,20150907,1
15,20150908,1
15,20150909,1
15,20150911,1
15,20150912,1
15,20150913,1
15,20150914,1
15,20150915,1
15,20150916,1
15,20150917,1
15,20150918,1
15,20150919,1
15,20150920,1
15,20150921,1
15,20150922,1
15,20150923,1
15,20150924,1
15,20150925,1
15,20150926,1
15,20150927,1
15,20150928,1
15,20150929,1
15,20150930,1
15,20151001,1
15,20151002,1
15,20151003,1
15,20151004,1
15,20151005,1
15,20151006,1
15,20151007,1
15,20151008,1
15,20151009,1
15,20151010,1
15,20151011,1
15,20151012,1
15,20151013,1
15,20151014,1
15,20151015,1
15,20151016,1
15,20151017,1
15,20151018,1
15,20151019,1
15,20151020,1
15,20151021,1
15,20151022,1
15,20151023,1
15,20151024,1
15,20151025,1
15,20151026,1
15,20151027,1
15,20151028,1
15,20151029,1
20,20150901,1
20,20150902,1
20,20150903,1
20,20150904,1
20,20150905,1
20,20150906,1
20,20150907,1
20,20150908,1
20,20150909,1
20,20150911,1
20,20150912,1
20,20150913,1
20,20150914,1
20,20150915,1
20,20150916,1
20,20150917,1
20,20150918,1
20,20150919,1
20,20150920,1
20,20150921,1
20,20150922,1
20,20150923,1
20,20150924,1
20,20150925,1
20,20150926,1
20,20150927,1
20,20150928,1
20,20150929,1
20,20150930,1
20,20151001,1
20,20151002,1
20,20151003,1
20,20151004,1
20,20151005,1
20,20151006,1
20,20151007,1
20,20151008,1
20,20151009,1
20,20151010,1
20,20151011,1
20,20151012,1
20,20151013,1
20,20151014,1
20,20151015,1
20,20151016,1
20,20151017,1
20,20151018,1
20,20151019,1
20,20151020,1
20,20151021,1
20,20151022,1
20,20151023,1
20,20151024,1
20,20151025,1
20,20151026,1
20,20151027,1
20,20151028,1
20,20151029,1
21,20150901,1
21,20150902,1
21,20150903,1
21,20150904,1
21,20150905,1
21,20150906,1
21,20150907,1
21,20150908,1
21,20150909,1
21,20150911,1
21,20150912,1
21,20150913,1
21,20150914,1
21,20150915,1
21,20150916,1
21,20150917,1
21,20150918,1
21,20150919,1
21,20150920,1
21,20150921,1
21,20150922,1
21,20150923,1
21,20150924,1
21,20150925,1
21,20150926,1
21,20150927,1
21,20150928,1
21,20150929,1
21,20150930,1
21,20151001,1
21,20151002,1
21,20151003,1
21,20151004,1
21,20151005,1
21,20151006,1
21,20151007,1
21,20151008,1
21,20151009,1
21,20151010,1
21,20151011,1
21,20151012,1
21,20151013,1
21,20151014,1
21,20151015,1
21,20151016,1
21,20151017,1
21,20151018,1
21,20151019,1
21,20151020,1
21,20151021,1
21,20151022,1
21,20151023,1
21,20151024,1
21,20151025,1
21,20151026,1
21,20151027,1
21,20151028,1
21,20151029,1
22,20150901,1
22,20150902,1
22,20150903,1
22,20150904,1
22,20150905,1
22,20150906,1
22,20150907,1
22,20150908,1
22,20150909,1
22,20150911,1
22,20150912,1
22,20150913,1
22,20150914,1
22,20150915,1
22,20150916,1
22,20150917,1
22,20150918,1
22,20150919,1
22,20150920,1
22,20150921,1
22,20150922,1
22,20150923,1
22,20150924,1
22,20150925,1
22,20150926,1
22,20150927,1
22,20150928,1
22,20150929,1
22,20150930,1
22,20151001,1
22,20151002,1
22,20151003,1
22,20151004,1
22,20151005,1
22,20151006,1
22,20151007,1
22,20151008,1
22,20151009,1
22,20151010,1
22,20151011,1
22,20151012,1
22,20151013,1
22,20151014,1
22,20151015,1
22,20151016,1
22,20151017,1
22,20151018,1
22,20151019,1
22,20151020,1
22,20151021,1
22,20151022,1
22,20151023,1
22,20151024,1
22,20151025,1
22,20151026,1
22,20151027,1
22,20151028,1
22,20151029,1
23,20150901,1
23,20150902,1
23,20150903,1
23,20150904,1
23,20150905,1
23,20150906,1
23,20150907,1
23,20150908,1
23,20150909,1
23,20150911,1
23,20150912,1
23,20150913,1
23,20150914,1
23,20150915,1
23,20150916,1
23,20150917,1
23,20150918,1
23,20150919,1
23,20150920,1
23,20150921,1
23,20150922,1
23,20150923,1
23,20150924,1
23,20150925,1
23,20150926,1
23,20150927,1
23,20150928,1
23,20150929,1
23,20150930,1
23,20151001,1
23,20151002,1
23,20151003,1
23,20151004,1
23,20151005,1
23,20151006,1
23,20151007,1
23,20151008,1
23,20151009,1
23,20151010,1
23,20151011,1
23,20151012,1
23,20151013,1
23,20151014,1
23,20151015,1
23,20151016,1
23,20151017,1
23,20151018,1
23,20151019,1
23,20151020,1
23,20151021,1
23,20151022,1
23,20151023,1
23,20151024,1
23,20151025,1
23,20151026,1
23,20151027,1
23,20151028,1
23,20151029,1
30,20150901,1
30,20150902,1
30,20150903,1
30,20150904,1
30,20150905,1
30,20150906,1
30,20150907,1
30,20150908,1
30,20150909,1
30,20150911,1
30,20150912,1
30,20150913,1
30,20150914,1
30,20150915,1
30,20150916,1
30,20150917,1
30,20150918,1
30,20150919,1
30,20150920,1
30,20150921,1
30,20150922,1
30,20150923,1
30,20150924,1
30,20150925,1
30,20150926,1
30,20150927,1
30,20150928,1
30,20150929,1
30,20150930,1
30,20151001,1
30,20151002,1
30,20151003,1
30,20151004,1
30,20151005,1
30,20151006,1
30,20151007,1
30,20151008,1
30,20151009,1
30,20151010,1
30,20151011,1
30,20151012,1
30,20151013,1
30,20151014,1
30,20151015,1
30,20151016,1
30,20151017,1
30,20151018,1
30,20151019,1
30,20151020,1
30,20151021,1
30,20151022,1
30,20151023,1
30,20151024,1
30,20151025,1
30,20151026,1
30,20151027,1
30,20151028,1
30,20151029,1
31,20150901,1
31,20150902,1
31,20150903,1
31,20150904,1
31,20150905,1
31,20150906,1
31,20150907,1
31,20150908,1
31,20150909,1
31,20150911,1
31,20150912,1
31,20150913,1
31,20150914,1
31,20150915,1
31,20150916,1
31,20150917,1
31,20150918,1
31,20150919,1
31,20150920,1
31,20150921,1
31,20150922,1
31,20150923,1
31,20150924,1
31,20150925,1
31,20150926,1
31,20150927,1
31,20150928,1
31,20150929,1
31,20150930,1
31,20151001,1
31,20151002,1
31,20151003,1
31,20151004,1
31,20151005,1
31,20151006,1
31,20151007,1
31,20151008,1
31,20151009,1
31,20151010,1
31,20151011,1
31,20151012,1
31,20151013,1
31,20151014,1
31,20151015,1
31,20151016,1
31,20151017,1
31,20151018,1
31,20151019,1
31,20151020,1
31,20151021,1
31,20151022,1
31,20151023,1
31,20151024,1
31,20151025,1
31,20151026,1
31,20151027,1
31,20151028,1
31,20151029,1
32,20150901,1
32,20150902,1
32,20150903,1
32,20150904,1
32,20150905,1
32,20150906,1
32,20150907,1
32,20150908,1
32,20150909,1
32,20150911,1
32,20150912,1
32,20150913,1
32,20150914,1
32,20150915,1
32,20150916,1
32,20150917,1
32,20150918,1
32,20150919,1
32,20150920,1
32,20150921,1
32,20150922,1
32,20150923,1
32,20150924,1
32,20150925,1
32,20150926,1
32,20150927,1
32,20150928,1
32,20150929,1
32,20150930,1
32,20151001,1
32,20151002,1
32,20151003,1
32,20151004,1
32,20151005,1
32,20151006,1
32,20151007,1
32,20151008,1
32,20151009,1
32,20151010,1
32,20151011,1
32,20151012,1
32,20151013,1
32,20151014,1
32,20151015,1
32,20151016,1
32,20151017,1
32,20151018,1
32,20151019,1
32,20151020,1
32,20151021,1
32,20151022,1
32,20151023,1
32,20151024,1
32,20151025,1
32,20151026,1
32,20151027,1
32,20151028,1
32,20151029,1
33,20150901,1
33,20150902,1
33,20150903,1
33,20150904,1
33,20150905,1
33,20150906,1
33,20150907,1
33,20150908,1
33,20150909,1
33,20150911,1
33,20150912,1
33,20150913,1
33,20150914,1
33,20150915,1
33,20150916,1
33,20150917,1
33,20150918,1
33,20150919,1
33,20150920,1
33,20150921,1
33,20150922,1
33,20150923,1
33,20150924,1
33,20150925,1
33,20150926,1
33,20150927,1
33,20150928,1
33,20150929,1
33,20150930,1
33,20151001,1
33,20151002,1
33,20151003,1
33,20151004,1
33,20151005,1
33,20151006,1
33,20151007,1
33,20151008,1
33,20151009,1
33,20151010,1
33,20151011,1
33,20151012,1
33,20151013,1
33,20151014,1
33,20151015,1
33,20151016,1
33,20151017,1
33,20151018,1
33,20151019,1
33,20151020,1
33,20151021,1
33,20151022,1
33,20151023,1
33,20151024,1
33,20151025,1
33,20151026,1
33,20151027,1
33,20151028,1
33,20151029,1
34,20150901,1
34,20150902,1
34,20150903,1
34,20150904,1
34,20150905,1
34,20150906,1
34,20150907,1
34,20150908,1
34,20150909,1
34,20150911,1
34,20150912,1
34,20150913,1
34,20150914,1
34,20150915,1
34,20150916,1
34,20150917,1
34,20150918,1
34,20150919,1
34,20150920,1
34,20150921,1
34,20150922,1
34,20150923,1
34,20150924,1
34,20150925,1
34,20150926,1
34,20150927,1
34,20150928,1
34,20150929,1
34,20150930,1
34,20151001,1
34,20151002,1
34,20151003,1
34,20151004,1
34,20151005,1
34,20151006,1
34,20151007,1
34,20151008,1
34,20151009,1
34,20151010,1
34,20151011,1
34,20151012,1
34,20151013,1
34,20151014,1
34,20151015,1
34,20151016,1
34,20151017,1
34,20151018,1
34,20151019,1
34,20151020,1
34,20151021,1
34,20151022,1
34,20151023,1
34,20151024,1
34,20151025,1
34,20151026,1
34,20151027,1
34,20151028,1
34,20151029,1
