10,1,1,1,4,0,1,0,0,0,0,0,313,2765.8,4
10,2,1,2,5,0,1,0,4,0,0,0,338,3253.5,9
10,3,1,3,6,0,1,0,9,4,0,1,283,2400,10
10,4,1,4,0,0,1,0,10,9,4,3,343,2521.6,7
10,5,1,5,1,1,0,0,7,10,9,4,381,3026.9,13
10,6,1,6,2,1,0,0,13,7,10,6,408,3971.4,7
10,7,1,7,3,1,0,0,7,13,7,7,506,5036.5,39
10,8,1,8,4,1,0,0,39,7,13,12,348,3020.9,9
10,9,1,9,5,1,0,0,9,39,7,13,351,2778.3,5
10,10,1,10,6,0,1,0,5,9,39,12,372,3400.4,5
10,11,1,11,0,0,1,0,5,5,9,12,347,3027.7,9
10,12,1,12,1,1,0,0,9,5,5,12,346,3602.9,13
10,13,1,13,2,1,0,0,13,9,5,12,372,2734.6,6
10,14,1,14,3,1,0,0,6,13,9,12,433,4843.7,19
10,15,1,15,4,1,0,0,19,6,13,9,365,2747.53,12
10,16,1,16,5,1,0,0,12,19,6,9,399,3266.1,11
10,17,1,17,6,0,1,0,11,12,19,10,347,2963.5,5
10,18,1,18,0,0,1,0,5,11,12,10,411,3583.8,6
10,19,1,19,1,1,0,0,6,5,11,10,523,5109.34,6
10,20,1,20,2,1,0,0,6,6,5,9,411,3398.1,11
10,21,1,21,3,1,0,0,11,6,6,10,591,5471.6,35
10,22,1,22,4,1,0,0,35,11,6,12,406,3187.54,14
10,23,1,23,5,1,0,0,14,35,11,12,380,4228.8,10
10,24,1,24,6,0,1,0,10,14,35,12,330,3586.2,2
10,25,1,25,0,0,1,0,2,10,14,12,379,3600,9
10,26,1,26,1,1,0,0,9,2,10,12,400,3768.6,15
10,27,1,27,2,1,0,0,15,9,2,13,401,3860.63,14
10,28,1,28,3,1,0,0,14,15,9,14,685,6867,44
10,29,1,29,4,1,0,0,44,14,15,15,359,2962.93,12
10,30,1,30,5,1,0,0,12,44,14,15,305,2781,6
10,31,1,31,6,0,1,0,6,12,44,14,467,4427.62,9
10,32,2,1,0,0,1,0,9,6,12,15,383,3726.9,8
10,33,2,2,1,1,0,0,8,9,6,15,378,3724.43,8
10,34,2,3,2,1,0,0,8,8,9,14,420,16069.9,11
10,35,2,4,3,1,0,0,11,8,8,14,9,45.7,1
10,36,2,5,4,1,0,0,1,11,8,7,292,3711.89,11
10,37,2,6,5,1,0,0,11,1,11,7,357,4059.9,5
10,38,2,7,6,0,1,0,5,11,1,7,337,3226.6,1
10,39,2,8,0,0,1,0,1,5,11,6,326,3500.7,12
10,40,2,9,1,1,0,0,12,1,5,7,516,7401.2,8
10,41,2,10,2,1,0,0,8,12,1,7,381,5229.9,19
10,42,2,11,3,1,0,0,19,8,12,8,505,8437.99,36
10,43,2,12,4,1,0,0,36,19,8,13,432,4557.6,12
10,44,2,13,5,1,0,0,12,36,19,13,429,6608.8,12
10,45,2,14,6,0,1,0,12,12,36,14,0,0,0
10,46,2,15,0,1,0,0,0,12,12,14,503,7037.43,20
10,47,2,16,1,1,0,0,20,0,12,15,779,11571.1,14
10,48,2,17,2,1,0,0,14,20,0,16,758,10792,18
10,49,2,18,3,0,1,0,18,14,20,16,946,14565.3,10
10,50,2,19,4,0,1,0,10,18,14,12,85,1636.9,1
10,51,2,20,5,0,1,0,1,10,18,10,93,1572.1,0
10,52,2,21,6,0,1,0,0,1,10,9,240,3076,3
10,53,2,22,0,0,1,0,3,0,1,9,219,2954.4,6
10,54,2,23,1,0,1,0,6,3,0,7,194,2119.5,4
10,55,2,24,2,0,1,0,4,6,3,6,317,3321.8,1
10,56,2,25,3,1,0,0,1,4,6,3,296,2467.6,1
10,57,2,26,4,1,0,0,1,1,4,2,218,1780.6,2
10,58,2,27,5,1,0,0,2,1,1,2,255,2218.53,4
10,59,2,28,6,0,1,0,4,2,1,3,283,2541.7,5
10,60,3,1,0,0,1,0,5,4,2,3,304,3275.7,9
10,61,3,2,1,1,0,0,9,5,4,3,298,2323.1,14
10,62,3,3,2,1,0,0,14,9,5,5,264,2230.1,10
10,63,3,4,3,1,0,0,10,14,9,6,468,4039.5,17
10,64,3,5,4,1,0,0,17,10,14,8,251,2457.4,10
10,65,3,6,5,1,0,0,10,17,10,9,303,2687.5,4
10,66,3,7,6,0,1,0,4,10,17,9,211,2560.4,6
10,67,3,8,0,0,1,0,6,4,10,10,294,2894.09,6
10,68,3,9,1,1,0,0,6,6,4,9,335,3365.8,15
10,69,3,10,2,1,0,0,15,6,6,9,262,2173.7,6
10,70,3,11,3,1,0,0,6,15,6,9,454,3620.97,16
10,71,3,12,4,1,0,0,16,6,15,9,344,2695.4,7
10,72,3,13,5,1,0,0,7,16,6,8,327,2370.4,9
10,73,3,14,6,0,1,0,9,7,16,9,438,3333.91,14
10,74,3,15,0,0,1,0,14,9,7,10,312,2494.6,12
10,75,3,16,1,1,0,0,12,14,9,11,324,2677.1,7
10,76,3,17,2,1,0,0,7,12,14,10,286,2552.6,11
10,77,3,18,3,1,0,0,11,7,12,10,526,4602.06,23
10,78,3,19,4,1,0,0,23,11,7,11,314,2189.6,5
10,79,3,20,5,1,0,0,5,23,11,11,215,2053.2,3
10,80,3,21,6,0,1,0,3,5,23,10,338,3317,2
10,81,3,22,0,0,1,0,2,3,5,9,300,2548.7,8
10,82,3,23,1,1,0,0,8,2,3,8,380,3395.91,2
10,83,3,24,2,1,0,0,2,8,2,7,303,3109.5,7
10,84,3,25,3,1,0,0,7,2,8,7,448,4037.6,24
10,85,3,26,4,1,0,0,24,7,2,7,320,2389.3,10
10,86,3,27,5,1,0,0,10,24,7,8,245,2454.5,4
10,87,3,28,6,0,1,0,4,10,24,8,324,2754.59,4
10,88,3,29,0,0,1,0,4,4,10,8,245,2370.7,6
10,89,3,30,1,1,0,0,6,4,4,8,414,3353.4,10
10,90,3,31,2,1,0,0,10,6,4,9,0,0,0
10,91,4,1,3,1,0,0,0,10,6,8,506,4207.7,23
10,92,4,2,4,1,0,0,23,0,10,8,268,2332.9,12
10,93,4,3,5,1,0,0,12,23,0,8,397,3501.7,6
10,94,4,4,6,0,1,0,6,12,23,8,403,3334.9,10
10,95,4,5,0,0,1,0,10,6,12,9,317,2959.7,9
10,96,4,6,1,0,1,0,9,10,6,10,237,2519.8,8
10,97,4,7,2,1,0,0,8,9,10,9,454,3771.6,20
10,98,4,8,3,1,0,0,20,8,9,12,444,4403.8,17
10,99,4,9,4,1,0,0,17,20,8,11,0,0,0
10,100,4,10,5,1,0,0,0,17,20,10,282,2332.5,9
10,101,4,11,6,0,1,0,9,0,17,10,361,3269.8,9
10,102,4,12,0,0,1,0,9,9,0,10,392,3141.1,20
10,103,4,13,1,1,0,0,20,9,9,11,323,2487.7,7
10,104,4,14,2,1,0,0,7,20,9,11,441,3606,9
10,105,4,15,3,1,0,0,9,7,20,10,563,4457.8,25
10,106,4,16,4,1,0,0,25,9,7,11,0,0,0
10,107,4,17,5,1,0,0,0,25,9,11,363,3506.7,10
10,108,4,18,6,0,1,0,10,0,25,11,390,3374.9,6
10,109,4,19,0,0,1,0,6,10,0,11,290,2944.24,7
10,110,4,20,1,1,0,0,7,6,10,9,354,4024.06,14
10,111,4,21,2,1,0,0,14,7,6,10,332,2732.7,13
10,112,4,22,3,1,0,0,13,14,7,10,574,5272.1,29
10,113,4,23,4,1,0,0,29,13,14,11,343,3031.3,7
10,114,4,24,5,1,0,0,7,29,13,12,350,3363.6,15
10,115,4,25,6,0,1,0,15,7,29,13,336,2781.6,8
10,116,4,26,0,0,1,0,8,15,7,13,465,4254.9,10
10,117,4,27,1,1,0,0,10,8,15,13,323,2286.4,5
10,118,4,28,2,1,0,0,5,10,8,12,282,2511,10
10,119,4,29,3,1,0,0,10,5,10,12,552,5407.9,19
10,120,4,30,4,1,0,0,19,10,5,10,376,3196.5,15
11,1,1,1,4,0,1,0,0,0,0,0,313,2765.8,2
11,2,1,2,5,0,1,0,2,0,0,0,338,3253.5,1
11,3,1,3,6,0,1,0,1,2,0,0,283,2400,0
11,4,1,4,0,0,1,0,0,1,2,0,343,2521.6,0
11,5,1,5,1,1,0,0,0,0,1,0,381,3026.9,0
11,6,1,6,2,1,0,0,0,0,0,0,408,3971.4,1
11,7,1,7,3,1,0,0,1,0,0,0,506,5036.5,3
11,8,1,8,4,1,0,0,3,1,0,1,348,3020.9,1
11,9,1,9,5,1,0,0,1,3,1,0,351,2778.3,1
11,10,1,10,6,0,1,0,1,1,3,0,372,3400.4,1
11,11,1,11,0,0,1,0,1,1,1,1,347,3027.7,1
11,12,1,12,1,1,0,0,1,1,1,1,346,3602.9,0
11,13,1,13,2,1,0,0,0,1,1,1,372,2734.6,1
11,14,1,14,3,1,0,0,1,0,1,1,433,4843.7,2
11,15,1,15,4,1,0,0,2,1,0,1,365,2747.53,0
11,16,1,16,5,1,0,0,0,2,1,0,399,3266.1,0
11,17,1,17,6,0,1,0,0,0,2,0,347,2963.5,0
11,18,1,18,0,0,1,0,0,0,0,0,411,3583.8,1
11,19,1,19,1,1,0,0,1,0,0,0,523,5109.34,1
11,20,1,20,2,1,0,0,1,1,0,0,411,3398.1,2
11,21,1,21,3,1,0,0,2,1,1,0,591,5471.6,0
11,22,1,22,4,1,0,0,0,2,1,0,406,3187.54,2
11,23,1,23,5,1,0,0,2,0,2,0,380,4228.8,1
11,24,1,24,6,0,1,0,1,2,0,1,330,3586.2,1
11,25,1,25,0,0,1,0,1,1,2,1,379,3600,1
11,26,1,26,1,1,0,0,1,1,1,1,400,3768.6,0
11,27,1,27,2,1,0,0,0,1,1,1,401,3860.63,2
11,28,1,28,3,1,0,0,2,0,1,1,685,6867,4
11,29,1,29,4,1,0,0,4,2,0,1,359,2962.93,1
11,30,1,30,5,1,0,0,1,4,2,1,305,2781,1
11,31,1,31,6,0,1,0,1,1,4,1,467,4427.62,0
11,32,2,1,0,0,1,0,0,1,1,1,383,3726.9,3
11,33,2,2,1,1,0,0,3,0,1,1,378,3724.43,4
11,34,2,3,2,1,0,0,4,3,0,2,420,16069.9,6
11,35,2,4,3,1,0,0,6,4,3,2,9,45.7,0
11,36,2,5,4,1,0,0,0,6,4,2,292,3711.89,3
11,37,2,6,5,1,0,0,3,0,6,2,357,4059.9,1
11,38,2,7,6,0,1,0,1,3,0,2,337,3226.6,0
11,39,2,8,0,0,1,0,0,1,3,2,326,3500.7,1
11,40,2,9,1,1,0,0,1,0,1,2,516,7401.2,2
11,41,2,10,2,1,0,0,2,1,0,1,381,5229.9,2
11,42,2,11,3,1,0,0,2,2,1,1,505,8437.99,6
11,43,2,12,4,1,0,0,6,2,2,2,432,4557.6,3
11,44,2,13,5,1,0,0,3,6,2,2,429,6608.8,2
11,45,2,14,6,0,1,0,2,3,6,2,0,0,0
11,46,2,15,0,1,0,0,0,2,3,2,503,7037.43,1
11,47,2,16,1,1,0,0,1,0,2,2,779,11571.1,0
11,48,2,17,2,1,0,0,0,1,0,2,758,10792,2
11,49,2,18,3,0,1,0,2,0,1,2,946,14565.3,0
11,50,2,19,4,0,1,0,0,2,0,1,85,1636.9,2
11,51,2,20,5,0,1,0,2,0,2,1,93,1572.1,0
11,52,2,21,6,0,1,0,0,2,0,0,240,3076,1
11,53,2,22,0,0,1,0,1,0,2,0,219,2954.4,1
11,54,2,23,1,0,1,0,1,1,0,0,194,2119.5,0
11,55,2,24,2,0,1,0,0,1,1,0,317,3321.8,1
11,56,2,25,3,1,0,0,1,0,1,0,296,2467.6,0
11,57,2,26,4,1,0,0,0,1,0,0,218,1780.6,0
11,58,2,27,5,1,0,0,0,0,1,0,255,2218.53,0
11,59,2,28,6,0,1,0,0,0,0,0,283,2541.7,0
11,60,3,1,0,0,1,0,0,0,0,0,304,3275.7,2
11,61,3,2,1,1,0,0,2,0,0,0,298,2323.1,3
11,62,3,3,2,1,0,0,3,2,0,0,264,2230.1,0
11,63,3,4,3,1,0,0,0,3,2,0,468,4039.5,5
11,64,3,5,4,1,0,0,5,0,3,1,251,2457.4,0
11,65,3,6,5,1,0,0,0,5,0,1,303,2687.5,0
11,66,3,7,6,0,1,0,0,0,5,1,211,2560.4,1
11,67,3,8,0,0,1,0,1,0,0,1,294,2894.09,0
11,68,3,9,1,1,0,0,0,1,0,1,335,3365.8,2
11,69,3,10,2,1,0,0,2,0,1,1,262,2173.7,1
11,70,3,11,3,1,0,0,1,2,0,1,454,3620.97,3
11,71,3,12,4,1,0,0,3,1,2,1,344,2695.4,0
11,72,3,13,5,1,0,0,0,3,1,1,327,2370.4,0
11,73,3,14,6,0,1,0,0,0,3,1,438,3333.91,4
11,74,3,15,0,0,1,0,4,0,0,1,312,2494.6,0
11,75,3,16,1,1,0,0,0,4,0,1,324,2677.1,1
11,76,3,17,2,1,0,0,1,0,4,1,286,2552.6,2
11,77,3,18,3,1,0,0,2,1,0,1,526,4602.06,4
11,78,3,19,4,1,0,0,4,2,1,1,314,2189.6,2
11,79,3,20,5,1,0,0,2,4,2,1,215,2053.2,0
11,80,3,21,6,0,1,0,0,2,4,1,338,3317,3
11,81,3,22,0,0,1,0,3,0,2,1,300,2548.7,1
11,82,3,23,1,1,0,0,1,3,0,1,380,3395.91,1
11,83,3,24,2,1,0,0,1,1,3,1,303,3109.5,6
11,84,3,25,3,1,0,0,6,1,1,2,448,4037.6,2
11,85,3,26,4,1,0,0,2,6,1,2,320,2389.3,2
11,86,3,27,5,1,0,0,2,2,6,2,245,2454.5,0
11,87,3,28,6,0,1,0,0,2,2,2,324,2754.59,2
11,88,3,29,0,0,1,0,2,0,2,2,245,2370.7,0
11,89,3,30,1,1,0,0,0,2,0,1,414,3353.4,1
11,90,3,31,2,1,0,0,1,0,2,1,0,0,0
11,91,4,1,3,1,0,0,0,1,0,1,506,4207.7,11
11,92,4,2,4,1,0,0,11,0,1,2,268,2332.9,0
11,93,4,3,5,1,0,0,0,11,0,2,397,3501.7,4
11,94,4,4,6,0,1,0,4,0,11,2,403,3334.9,5
11,95,4,5,0,0,1,0,5,4,0,3,317,2959.7,1
11,96,4,6,1,0,1,0,1,5,4,3,237,2519.8,2
11,97,4,7,2,1,0,0,2,1,5,3,454,3771.6,1
11,98,4,8,3,1,0,0,1,2,1,3,444,4403.8,2
11,99,4,9,4,1,0,0,2,1,2,2,0,0,0
11,100,4,10,5,1,0,0,0,2,1,2,282,2332.5,2
11,101,4,11,6,0,1,0,2,0,2,1,361,3269.8,2
11,102,4,12,0,0,1,0,2,2,0,1,392,3141.1,2
11,103,4,13,1,1,0,0,2,2,2,1,323,2487.7,4
11,104,4,14,2,1,0,0,4,2,2,1,441,3606,1
11,105,4,15,3,1,0,0,1,4,2,1,563,4457.8,6
11,106,4,16,4,1,0,0,6,1,4,2,0,0,0
11,107,4,17,5,1,0,0,0,6,1,2,363,3506.7,0
11,108,4,18,6,0,1,0,0,0,6,2,390,3374.9,2
11,109,4,19,0,0,1,0,2,0,0,2,290,2944.24,1
11,110,4,20,1,1,0,0,1,2,0,2,354,4024.06,1
11,111,4,21,2,1,0,0,1,1,2,1,332,2732.7,1
11,112,4,22,3,1,0,0,1,1,1,1,574,5272.1,10
11,113,4,23,4,1,0,0,10,1,1,2,343,3031.3,2
11,114,4,24,5,1,0,0,2,10,1,2,350,3363.6,0
11,115,4,25,6,0,1,0,0,2,10,2,336,2781.6,3
11,116,4,26,0,0,1,0,3,0,2,2,465,4254.9,0
11,117,4,27,1,1,0,0,0,3,0,2,323,2286.4,0
11,118,4,28,2,1,0,0,0,0,3,2,282,2511,4
11,119,4,29,3,1,0,0,4,0,0,2,552,5407.9,8
11,120,4,30,4,1,0,0,8,4,0,2,376,3196.5,0
12,1,1,1,4,0,1,0,0,0,0,0,313,2765.8,103
12,2,1,2,5,0,1,0,103,0,0,14,338,3253.5,99
12,3,1,3,6,0,1,0,99,103,0,28,283,2400,80
12,4,1,4,0,0,1,0,80,99,103,40,343,2521.6,107
12,5,1,5,1,1,0,0,107,80,99,55,381,3026.9,161
12,6,1,6,2,1,0,0,161,107,80,78,408,3971.4,146
12,7,1,7,3,1,0,0,146,161,107,99,506,5036.5,144
12,8,1,8,4,1,0,0,144,146,161,120,348,3020.9,129
12,9,1,9,5,1,0,0,129,144,146,123,351,2778.3,104
12,10,1,10,6,0,1,0,104,129,144,124,372,3400.4,97
12,11,1,11,0,0,1,0,97,104,129,126,347,3027.7,125
12,12,1,12,1,1,0,0,125,97,104,129,346,3602.9,139
12,13,1,13,2,1,0,0,139,125,97,126,372,2734.6,126
12,14,1,14,3,1,0,0,126,139,125,123,433,4843.7,139
12,15,1,15,4,1,0,0,139,126,139,122,365,2747.53,117
12,16,1,16,5,1,0,0,117,139,126,121,399,3266.1,142
12,17,1,17,6,0,1,0,142,117,139,126,347,2963.5,118
12,18,1,18,0,0,1,0,118,142,117,129,411,3583.8,153
12,19,1,19,1,1,0,0,153,118,142,133,523,5109.34,207
12,20,1,20,2,1,0,0,207,153,118,143,411,3398.1,183
12,21,1,21,3,1,0,0,183,207,153,151,591,5471.6,212
12,22,1,22,4,1,0,0,212,183,207,161,406,3187.54,148
12,23,1,23,5,1,0,0,148,212,183,166,380,4228.8,128
12,24,1,24,6,0,1,0,128,148,212,164,330,3586.2,119
12,25,1,25,0,0,1,0,119,128,148,164,379,3600,140
12,26,1,26,1,1,0,0,140,119,128,162,400,3768.6,151
12,27,1,27,2,1,0,0,151,140,119,154,401,3860.63,130
12,28,1,28,3,1,0,0,130,151,140,146,685,6867,222
12,29,1,29,4,1,0,0,222,130,151,148,359,2962.93,102
12,30,1,30,5,1,0,0,102,222,130,141,305,2781,120
12,31,1,31,6,0,1,0,120,102,222,140,467,4427.62,126
12,32,2,1,0,0,1,0,126,120,102,141,383,3726.9,113
12,33,2,2,1,1,0,0,113,126,120,137,378,3724.43,150
12,34,2,3,2,1,0,0,150,113,126,137,420,16069.9,118
12,35,2,4,3,1,0,0,118,150,113,135,9,45.7,3
12,36,2,5,4,1,0,0,3,118,150,104,292,3711.89,106
12,37,2,6,5,1,0,0,106,3,118,105,357,4059.9,116
12,38,2,7,6,0,1,0,116,106,3,104,337,3226.6,117
12,39,2,8,0,0,1,0,117,116,106,103,326,3500.7,107
12,40,2,9,1,1,0,0,107,117,116,102,516,7401.2,161
12,41,2,10,2,1,0,0,161,107,117,104,381,5229.9,113
12,42,2,11,3,1,0,0,113,161,107,103,505,8437.99,118
12,43,2,12,4,1,0,0,118,113,161,119,432,4557.6,135
12,44,2,13,5,1,0,0,135,118,113,123,429,6608.8,99
12,45,2,14,6,0,1,0,99,135,118,121,0,0,0
12,46,2,15,0,1,0,0,0,99,135,104,503,7037.43,129
12,47,2,16,1,1,0,0,129,0,99,107,779,11571.1,170
12,48,2,17,2,1,0,0,170,129,0,109,758,10792,146
12,49,2,18,3,0,1,0,146,170,129,113,946,14565.3,172
12,50,2,19,4,0,1,0,172,146,170,121,85,1636.9,19
12,51,2,20,5,0,1,0,19,172,146,105,93,1572.1,29
12,52,2,21,6,0,1,0,29,19,172,95,240,3076,57
12,53,2,22,0,0,1,0,57,29,19,103,219,2954.4,68
12,54,2,23,1,0,1,0,68,57,29,94,194,2119.5,51
12,55,2,24,2,0,1,0,51,68,57,77,317,3321.8,115
12,56,2,25,3,1,0,0,115,51,68,73,296,2467.6,105
12,57,2,26,4,1,0,0,105,115,51,63,218,1780.6,68
12,58,2,27,5,1,0,0,68,105,115,70,255,2218.53,91
12,59,2,28,6,0,1,0,91,68,105,79,283,2541.7,85
12,60,3,1,0,0,1,0,85,91,68,83,304,3275.7,111
12,61,3,2,1,1,0,0,111,85,91,89,298,2323.1,124
12,62,3,3,2,1,0,0,124,111,85,99,264,2230.1,89
12,63,3,4,3,1,0,0,89,124,111,96,468,4039.5,128
12,64,3,5,4,1,0,0,128,89,124,99,251,2457.4,88
12,65,3,6,5,1,0,0,88,128,89,102,303,2687.5,92
12,66,3,7,6,0,1,0,92,88,128,102,211,2560.4,58
12,67,3,8,0,0,1,0,58,92,88,98,294,2894.09,108
12,68,3,9,1,1,0,0,108,58,92,98,335,3365.8,137
12,69,3,10,2,1,0,0,137,108,58,100,262,2173.7,107
12,70,3,11,3,1,0,0,107,137,108,102,454,3620.97,166
12,71,3,12,4,1,0,0,166,107,137,108,344,2695.4,125
12,72,3,13,5,1,0,0,125,166,107,113,327,2370.4,124
12,73,3,14,6,0,1,0,124,125,166,117,438,3333.91,197
12,74,3,15,0,0,1,0,197,124,125,137,312,2494.6,111
12,75,3,16,1,1,0,0,111,197,124,138,324,2677.1,131
12,76,3,17,2,1,0,0,131,111,197,137,286,2552.6,128
12,77,3,18,3,1,0,0,128,131,111,140,526,4602.06,222
12,78,3,19,4,1,0,0,222,128,131,148,314,2189.6,117
12,79,3,20,5,1,0,0,117,222,128,147,215,2053.2,73
12,80,3,21,6,0,1,0,73,117,222,139,338,3317,87
12,81,3,22,0,0,1,0,87,73,117,124,300,2548.7,95
12,82,3,23,1,1,0,0,95,87,73,121,380,3395.91,166
12,83,3,24,2,1,0,0,166,95,87,126,303,3109.5,101
12,84,3,25,3,1,0,0,101,166,95,123,448,4037.6,176
12,85,3,26,4,1,0,0,176,101,166,116,320,2389.3,94
12,86,3,27,5,1,0,0,94,176,101,113,245,2454.5,77
12,87,3,28,6,0,1,0,77,94,176,113,324,2754.59,105
12,88,3,29,0,0,1,0,105,77,94,116,245,2370.7,61
12,89,3,30,1,1,0,0,61,105,77,111,414,3353.4,142
12,90,3,31,2,1,0,0,142,61,105,108,0,0,0
12,91,4,1,3,1,0,0,0,142,61,93,506,4207.7,202
12,92,4,2,4,1,0,0,202,0,142,97,268,2332.9,96
12,93,4,3,5,1,0,0,96,202,0,97,397,3501.7,118
12,94,4,4,6,0,1,0,118,96,202,103,403,3334.9,112
12,95,4,5,0,0,1,0,112,118,96,104,317,2959.7,90
12,96,4,6,1,0,1,0,90,112,118,108,237,2519.8,75
12,97,4,7,2,1,0,0,75,90,112,99,454,3771.6,132
12,98,4,8,3,1,0,0,132,75,90,117,444,4403.8,169
12,99,4,9,4,1,0,0,169,132,75,113,0,0,0
12,100,4,10,5,1,0,0,0,169,132,99,282,2332.5,94
12,101,4,11,6,0,1,0,94,0,169,96,361,3269.8,129
12,102,4,12,0,0,1,0,129,94,0,98,392,3141.1,144
12,103,4,13,1,1,0,0,144,129,94,106,323,2487.7,133
12,104,4,14,2,1,0,0,133,144,129,114,441,3606,147
12,105,4,15,3,1,0,0,147,133,144,116,563,4457.8,176
12,106,4,16,4,1,0,0,176,147,133,117,0,0,0
12,107,4,17,5,1,0,0,0,176,147,117,363,3506.7,130
12,108,4,18,6,0,1,0,130,0,176,122,390,3374.9,138
12,109,4,19,0,0,1,0,138,130,0,124,290,2944.24,96
12,110,4,20,1,1,0,0,96,138,130,117,354,4024.06,144
12,111,4,21,2,1,0,0,144,96,138,118,332,2732.7,121
12,112,4,22,3,1,0,0,121,144,96,115,574,5272.1,207
12,113,4,23,4,1,0,0,207,121,144,119,343,3031.3,123
12,114,4,24,5,1,0,0,123,207,121,137,350,3363.6,137
12,115,4,25,6,0,1,0,137,123,207,138,336,2781.6,104
12,116,4,26,0,0,1,0,104,137,123,133,465,4254.9,157
12,117,4,27,1,1,0,0,157,104,137,141,323,2286.4,149
12,118,4,28,2,1,0,0,149,157,104,142,282,2511,98
12,119,4,29,3,1,0,0,98,149,157,139,552,5407.9,177
12,120,4,30,4,1,0,0,177,98,149,135,376,3196.5,76
13,1,1,1,4,0,1,0,0,0,0,0,313,2765.8,10
13,2,1,2,5,0,1,0,10,0,0,1,338,3253.5,6
13,3,1,3,6,0,1,0,6,10,0,2,283,2400,8
13,4,1,4,0,0,1,0,8,6,10,3,343,2521.6,4
13,5,1,5,1,1,0,0,4,8,6,4,381,3026.9,8
13,6,1,6,2,1,0,0,8,4,8,5,408,3971.4,5
13,7,1,7,3,1,0,0,5,8,4,5,506,5036.5,13
13,8,1,8,4,1,0,0,13,5,8,7,348,3020.9,7
13,9,1,9,5,1,0,0,7,13,5,7,351,2778.3,6
13,10,1,10,6,0,1,0,6,7,13,7,372,3400.4,7
13,11,1,11,0,0,1,0,7,6,7,7,347,3027.7,12
13,12,1,12,1,1,0,0,12,7,6,8,346,3602.9,11
13,13,1,13,2,1,0,0,11,12,7,8,372,2734.6,8
13,14,1,14,3,1,0,0,8,11,12,9,433,4843.7,7
13,15,1,15,4,1,0,0,7,8,11,8,365,2747.53,11
13,16,1,16,5,1,0,0,11,7,8,8,399,3266.1,8
13,17,1,17,6,0,1,0,8,11,7,9,347,2963.5,9
13,18,1,18,0,0,1,0,9,8,11,9,411,3583.8,12
13,19,1,19,1,1,0,0,12,9,8,9,523,5109.34,5
13,20,1,20,2,1,0,0,5,12,9,8,411,3398.1,11
13,21,1,21,3,1,0,0,11,5,12,9,591,5471.6,9
13,22,1,22,4,1,0,0,9,11,5,9,406,3187.54,6
13,23,1,23,5,1,0,0,6,9,11,8,380,4228.8,6
13,24,1,24,6,0,1,0,6,6,9,8,330,3586.2,2
13,25,1,25,0,0,1,0,2,6,6,7,379,3600,6
13,26,1,26,1,1,0,0,6,2,6,6,400,3768.6,5
13,27,1,27,2,1,0,0,5,6,2,6,401,3860.63,3
13,28,1,28,3,1,0,0,3,5,6,5,685,6867,14
13,29,1,29,4,1,0,0,14,3,5,6,359,2962.93,9
13,30,1,30,5,1,0,0,9,14,3,6,305,2781,10
13,31,1,31,6,0,1,0,10,9,14,7,467,4427.62,11
13,32,2,1,0,0,1,0,11,10,9,8,383,3726.9,7
13,33,2,2,1,1,0,0,7,11,10,8,378,3724.43,10
13,34,2,3,2,1,0,0,10,7,11,9,420,16069.9,8
13,35,2,4,3,1,0,0,8,10,7,9,9,45.7,1
13,36,2,5,4,1,0,0,1,8,10,8,292,3711.89,6
13,37,2,6,5,1,0,0,6,1,8,7,357,4059.9,13
13,38,2,7,6,0,1,0,13,6,1,8,337,3226.6,7
13,39,2,8,0,0,1,0,7,13,6,7,326,3500.7,5
13,40,2,9,1,1,0,0,5,7,13,7,516,7401.2,10
13,41,2,10,2,1,0,0,10,5,7,7,381,5229.9,14
13,42,2,11,3,1,0,0,14,10,5,8,505,8437.99,7
13,43,2,12,4,1,0,0,7,14,10,8,432,4557.6,7
13,44,2,13,5,1,0,0,7,7,14,9,429,6608.8,3
13,45,2,14,6,0,1,0,3,7,7,7,0,0,0
13,46,2,15,0,1,0,0,0,3,7,6,503,7037.43,11
13,47,2,16,1,1,0,0,11,0,3,7,779,11571.1,3
13,48,2,17,2,1,0,0,3,11,0,6,758,10792,7
13,49,2,18,3,0,1,0,7,3,11,5,946,14565.3,1
13,50,2,19,4,0,1,0,1,7,3,4,85,1636.9,1
13,51,2,20,5,0,1,0,1,1,7,3,93,1572.1,0
13,52,2,21,6,0,1,0,0,1,1,3,240,3076,3
13,53,2,22,0,0,1,0,3,0,1,3,219,2954.4,2
13,54,2,23,1,0,1,0,2,3,0,2,194,2119.5,1
13,55,2,24,2,0,1,0,1,2,3,2,317,3321.8,4
13,56,2,25,3,1,0,0,4,1,2,1,296,2467.6,4
13,57,2,26,4,1,0,0,4,4,1,2,218,1780.6,2
13,58,2,27,5,1,0,0,2,4,4,2,255,2218.53,3
13,59,2,28,6,0,1,0,3,2,4,2,283,2541.7,6
13,60,3,1,0,0,1,0,6,3,2,3,304,3275.7,9
13,61,3,2,1,1,0,0,9,6,3,4,298,2323.1,12
13,62,3,3,2,1,0,0,12,9,6,5,264,2230.1,14
13,63,3,4,3,1,0,0,14,12,9,7,468,4039.5,7
13,64,3,5,4,1,0,0,7,14,12,7,251,2457.4,9
13,65,3,6,5,1,0,0,9,7,14,8,303,2687.5,11
13,66,3,7,6,0,1,0,11,9,7,9,211,2560.4,5
13,67,3,8,0,0,1,0,5,11,9,9,294,2894.09,7
13,68,3,9,1,1,0,0,7,5,11,9,335,3365.8,6
13,69,3,10,2,1,0,0,6,7,5,8,262,2173.7,9
13,70,3,11,3,1,0,0,9,6,7,7,454,3620.97,6
13,71,3,12,4,1,0,0,6,9,6,7,344,2695.4,12
13,72,3,13,5,1,0,0,12,6,9,8,327,2370.4,11
13,73,3,14,6,0,1,0,11,12,6,8,438,3333.91,7
13,74,3,15,0,0,1,0,7,11,12,8,312,2494.6,7
13,75,3,16,1,1,0,0,7,7,11,8,324,2677.1,4
13,76,3,17,2,1,0,0,4,7,7,8,286,2552.6,12
13,77,3,18,3,1,0,0,12,4,7,8,526,4602.06,16
13,78,3,19,4,1,0,0,16,12,4,9,314,2189.6,7
13,79,3,20,5,1,0,0,7,16,12,9,215,2053.2,10
13,80,3,21,6,0,1,0,10,7,16,9,338,3317,8
13,81,3,22,0,0,1,0,8,10,7,9,300,2548.7,5
13,82,3,23,1,1,0,0,5,8,10,8,380,3395.91,5
13,83,3,24,2,1,0,0,5,5,8,9,303,3109.5,8
13,84,3,25,3,1,0,0,8,5,5,8,448,4037.6,5
13,85,3,26,4,1,0,0,5,8,5,6,320,2389.3,4
13,86,3,27,5,1,0,0,4,5,8,6,245,2454.5,4
13,87,3,28,6,0,1,0,4,4,5,5,324,2754.59,7
13,88,3,29,0,0,1,0,7,4,4,5,245,2370.7,2
13,89,3,30,1,1,0,0,2,7,4,5,414,3353.4,16
13,90,3,31,2,1,0,0,16,2,7,6,0,0,0
13,91,4,1,3,1,0,0,0,16,2,5,506,4207.7,12
13,92,4,2,4,1,0,0,12,0,16,6,268,2332.9,9
13,93,4,3,5,1,0,0,9,12,0,7,397,3501.7,12
13,94,4,4,6,0,1,0,12,9,12,8,403,3334.9,13
13,95,4,5,0,0,1,0,13,12,9,9,317,2959.7,7
13,96,4,6,1,0,1,0,7,13,12,9,237,2519.8,6
13,97,4,7,2,1,0,0,6,7,13,8,454,3771.6,15
13,98,4,8,3,1,0,0,15,6,7,10,444,4403.8,6
13,99,4,9,4,1,0,0,6,15,6,9,0,0,0
13,100,4,10,5,1,0,0,0,6,15,8,282,2332.5,5
13,101,4,11,6,0,1,0,5,0,6,7,361,3269.8,18
13,102,4,12,0,0,1,0,18,5,0,8,392,3141.1,3
13,103,4,13,1,1,0,0,3,18,5,7,323,2487.7,9
13,104,4,14,2,1,0,0,9,3,18,8,441,3606,7
13,105,4,15,3,1,0,0,7,9,3,6,563,4457.8,8
13,106,4,16,4,1,0,0,8,7,9,7,0,0,0
13,107,4,17,5,1,0,0,0,8,7,7,363,3506.7,11
13,108,4,18,6,0,1,0,11,0,8,8,390,3374.9,10
13,109,4,19,0,0,1,0,10,11,0,6,290,2944.24,4
13,110,4,20,1,1,0,0,4,10,11,7,354,4024.06,8
13,111,4,21,2,1,0,0,8,4,10,6,332,2732.7,9
13,112,4,22,3,1,0,0,9,8,4,7,574,5272.1,11
13,113,4,23,4,1,0,0,11,9,8,7,343,3031.3,10
13,114,4,24,5,1,0,0,10,11,9,9,350,3363.6,11
13,115,4,25,6,0,1,0,11,10,11,9,336,2781.6,6
13,116,4,26,0,0,1,0,6,11,10,8,465,4254.9,15
13,117,4,27,1,1,0,0,15,6,11,10,323,2286.4,6
13,118,4,28,2,1,0,0,6,15,6,9,282,2511,5
13,119,4,29,3,1,0,0,5,6,15,9,552,5407.9,7
13,120,4,30,4,1,0,0,7,5,6,8,376,3196.5,6
15,1,1,1,4,0,1,1,0,0,0,0,313,2765.8,30
15,2,1,2,5,0,1,1,30,0,0,4,338,3253.5,33
15,3,1,3,6,0,1,1,33,30,0,9,283,2400,28
15,4,1,4,0,0,1,1,28,33,30,13,343,2521.6,24
15,5,1,5,1,1,0,1,24,28,33,16,381,3026.9,33
15,6,1,6,2,1,0,1,33,24,28,21,408,3971.4,36
15,7,1,7,3,1,0,1,36,33,24,26,506,5036.5,66
15,8,1,8,4,1,0,1,66,36,33,35,348,3020.9,43
15,9,1,9,5,1,0,1,43,66,36,37,351,2778.3,33
15,10,1,10,6,0,1,1,33,43,66,37,372,3400.4,30
15,11,1,11,0,0,1,1,30,33,43,37,347,3027.7,45
15,12,1,12,1,1,0,1,45,30,33,40,346,3602.9,49
15,13,1,13,2,1,0,1,49,45,30,43,372,2734.6,39
15,14,1,14,3,1,0,1,39,49,45,43,433,4843.7,59
15,15,1,15,4,1,0,1,59,39,49,42,365,2747.53,29
15,16,1,16,5,1,0,1,29,59,39,40,399,3266.1,27
15,17,1,17,6,0,1,1,27,29,59,39,347,2963.5,33
15,18,1,18,0,0,1,1,33,27,29,40,411,3583.8,34
15,19,1,19,1,1,0,1,34,33,27,38,523,5109.34,65
15,20,1,20,2,1,0,1,65,34,33,40,411,3398.1,36
15,21,1,21,3,1,0,1,36,65,34,40,591,5471.6,54
15,22,1,22,4,1,0,1,54,36,65,39,406,3187.54,48
15,23,1,23,5,1,0,1,48,54,36,42,380,4228.8,42
15,24,1,24,6,0,1,1,42,48,54,44,330,3586.2,40
15,25,1,25,0,0,1,1,40,42,48,45,379,3600,43
15,26,1,26,1,1,0,1,43,40,42,46,400,3768.6,42
15,27,1,27,2,1,0,1,42,43,40,43,401,3860.63,35
15,28,1,28,3,1,0,1,35,42,43,43,685,6867,66
15,29,1,29,4,1,0,1,66,35,42,45,359,2962.93,45
15,30,1,30,5,1,0,1,45,66,35,44,305,2781,39
15,31,1,31,6,0,1,1,39,45,66,44,467,4427.62,45
15,32,2,1,0,0,1,1,45,39,45,45,383,3726.9,34
15,33,2,2,1,1,0,1,34,45,39,43,378,3724.43,50
15,34,2,3,2,1,0,1,50,34,45,44,420,16069.9,44
15,35,2,4,3,1,0,0,44,50,34,46,9,45.7,0
15,36,2,5,4,1,0,1,0,44,50,36,292,3711.89,36
15,37,2,6,5,1,0,1,36,0,44,35,357,4059.9,41
15,38,2,7,6,0,1,1,41,36,0,35,337,3226.6,40
15,39,2,8,0,0,1,1,40,41,36,35,326,3500.7,43
15,40,2,9,1,1,0,1,43,40,41,36,516,7401.2,47
15,41,2,10,2,1,0,1,47,43,40,35,381,5229.9,53
15,42,2,11,3,1,0,1,53,47,43,37,505,8437.99,61
15,43,2,12,4,1,0,1,61,53,47,45,432,4557.6,39
15,44,2,13,5,1,0,1,39,61,53,46,429,6608.8,46
15,45,2,14,6,0,1,0,46,39,61,47,0,0,0
15,46,2,15,0,1,0,1,0,46,39,41,503,7037.43,57
15,47,2,16,1,1,0,1,57,0,46,43,779,11571.1,93
15,48,2,17,2,1,0,1,93,57,0,49,758,10792,81
15,49,2,18,3,0,1,1,81,93,57,53,946,14565.3,124
15,50,2,19,4,0,1,1,124,81,93,62,85,1636.9,10
15,51,2,20,5,0,1,1,10,124,81,58,93,1572.1,13
15,52,2,21,6,0,1,1,13,10,124,54,240,3076,26
15,53,2,22,0,0,1,1,26,13,10,57,219,2954.4,34
15,54,2,23,1,0,1,1,34,26,13,54,194,2119.5,19
15,55,2,24,2,0,1,1,19,34,26,43,317,3321.8,43
15,56,2,25,3,1,0,1,43,19,34,38,296,2467.6,34
15,57,2,26,4,1,0,1,34,43,19,25,218,1780.6,26
15,58,2,27,5,1,0,1,26,34,43,27,255,2218.53,34
15,59,2,28,6,0,1,1,34,26,34,30,283,2541.7,35
15,60,3,1,0,0,1,1,35,34,26,32,304,3275.7,31
15,61,3,2,1,1,0,1,31,35,34,31,298,2323.1,21
15,62,3,3,2,1,0,1,21,31,35,32,264,2230.1,30
15,63,3,4,3,1,0,1,30,21,31,30,468,4039.5,55
15,64,3,5,4,1,0,1,55,30,21,33,251,2457.4,23
15,65,3,6,5,1,0,1,23,55,30,32,303,2687.5,36
15,66,3,7,6,0,1,1,36,23,55,33,211,2560.4,23
15,67,3,8,0,0,1,1,23,36,23,31,294,2894.09,34
15,68,3,9,1,1,0,1,34,23,36,31,335,3365.8,44
15,69,3,10,2,1,0,1,44,34,23,35,262,2173.7,28
15,70,3,11,3,1,0,1,28,44,34,34,454,3620.97,41
15,71,3,12,4,1,0,1,41,28,44,32,344,2695.4,40
15,72,3,13,5,1,0,1,40,41,28,35,327,2370.4,24
15,73,3,14,6,0,1,1,24,40,41,33,438,3333.91,48
15,74,3,15,0,0,1,1,48,24,40,37,312,2494.6,24
15,75,3,16,1,1,0,1,24,48,24,35,324,2677.1,24
15,76,3,17,2,1,0,1,24,24,48,32,286,2552.6,26
15,77,3,18,3,1,0,1,26,24,24,32,526,4602.06,45
15,78,3,19,4,1,0,1,45,26,24,33,314,2189.6,28
15,79,3,20,5,1,0,1,28,45,26,31,215,2053.2,28
15,80,3,21,6,0,1,1,28,28,45,31,338,3317,34
15,81,3,22,0,0,1,1,34,28,28,29,300,2548.7,28
15,82,3,23,1,1,0,1,28,34,28,30,380,3395.91,44
15,83,3,24,2,1,0,1,44,28,34,33,303,3109.5,34
15,84,3,25,3,1,0,1,34,44,28,34,448,4037.6,58
15,85,3,26,4,1,0,1,58,34,44,36,320,2389.3,33
15,86,3,27,5,1,0,1,33,58,34,37,245,2454.5,18
15,87,3,28,6,0,1,1,18,33,58,35,324,2754.59,45
15,88,3,29,0,0,1,1,45,18,33,37,245,2370.7,44
15,89,3,30,1,1,0,1,44,45,18,39,414,3353.4,43
15,90,3,31,2,1,0,0,43,44,45,39,0,0,0
15,91,4,1,3,1,0,1,0,43,44,34,506,4207.7,54
15,92,4,2,4,1,0,1,54,0,43,33,268,2332.9,27
15,93,4,3,5,1,0,1,27,54,0,33,397,3501.7,41
15,94,4,4,6,0,1,1,41,27,54,36,403,3334.9,50
15,95,4,5,0,0,1,1,50,41,27,37,317,2959.7,23
15,96,4,6,1,0,1,1,23,50,41,34,237,2519.8,28
15,97,4,7,2,1,0,1,28,23,50,31,454,3771.6,52
15,98,4,8,3,1,0,1,52,28,23,39,444,4403.8,45
15,99,4,9,4,1,0,0,45,52,28,38,0,0,0
15,100,4,10,5,1,0,1,0,45,52,34,282,2332.5,39
15,101,4,11,6,0,1,1,39,0,45,33,361,3269.8,39
15,102,4,12,0,0,1,1,39,39,0,32,392,3141.1,45
15,103,4,13,1,1,0,1,45,39,39,35,323,2487.7,39
15,104,4,14,2,1,0,1,39,45,39,37,441,3606,65
15,105,4,15,3,1,0,1,65,39,45,38,563,4457.8,83
15,106,4,16,4,1,0,0,83,65,39,44,0,0,0
15,107,4,17,5,1,0,1,0,83,65,44,363,3506.7,44
15,108,4,18,6,0,1,1,44,0,83,45,390,3374.9,39
15,109,4,19,0,0,1,1,39,44,0,45,290,2944.24,43
15,110,4,20,1,1,0,1,43,39,44,44,354,4024.06,64
15,111,4,21,2,1,0,1,64,43,39,48,332,2732.7,44
15,112,4,22,3,1,0,1,44,64,43,45,574,5272.1,62
15,113,4,23,4,1,0,1,62,44,64,42,343,3031.3,37
15,114,4,24,5,1,0,1,37,62,44,47,350,3363.6,42
15,115,4,25,6,0,1,1,42,37,62,47,336,2781.6,41
15,116,4,26,0,0,1,1,41,42,37,47,465,4254.9,63
15,117,4,27,1,1,0,1,63,41,42,50,323,2286.4,41
15,118,4,28,2,1,0,1,41,63,41,47,282,2511,43
15,119,4,29,3,1,0,1,43,41,63,47,552,5407.9,72
15,120,4,30,4,1,0,1,72,43,41,48,376,3196.5,47
20,1,1,1,4,0,1,1,0,0,0,0,313,2765.8,49
20,2,1,2,5,0,1,1,49,0,0,7,338,3253.5,59
20,3,1,3,6,0,1,1,59,49,0,15,283,2400,42
20,4,1,4,0,0,1,1,42,59,49,21,343,2521.6,58
20,5,1,5,1,1,0,1,58,42,59,29,381,3026.9,62
20,6,1,6,2,1,0,1,62,58,42,38,408,3971.4,62
20,7,1,7,3,1,0,1,62,62,58,47,506,5036.5,82
20,8,1,8,4,1,0,1,82,62,62,59,348,3020.9,55
20,9,1,9,5,1,0,1,55,82,62,60,351,2778.3,53
20,10,1,10,6,0,1,1,53,55,82,59,372,3400.4,64
20,11,1,11,0,0,1,0,64,53,55,62,347,3027.7,39
20,12,1,12,1,1,0,1,39,64,53,59,346,3602.9,52
20,13,1,13,2,1,0,1,52,39,64,58,372,2734.6,68
20,14,1,14,3,1,0,1,68,52,39,59,433,4843.7,64
20,15,1,15,4,1,0,1,64,68,52,56,365,2747.53,50
20,16,1,16,5,1,0,1,50,64,68,55,399,3266.1,47
20,17,1,17,6,0,1,1,47,50,64,54,347,2963.5,62
20,18,1,18,0,0,1,1,62,47,50,54,411,3583.8,70
20,19,1,19,1,1,0,1,70,62,47,59,523,5109.34,74
20,20,1,20,2,1,0,1,74,70,62,62,411,3398.1,57
20,21,1,21,3,1,0,1,57,74,70,60,591,5471.6,89
20,22,1,22,4,1,0,1,89,57,74,64,406,3187.54,61
20,23,1,23,5,1,0,1,61,89,57,65,380,4228.8,56
20,24,1,24,6,0,1,1,56,61,89,67,330,3586.2,41
20,25,1,25,0,0,1,1,41,56,61,64,379,3600,47
20,26,1,26,1,1,0,1,47,41,56,60,400,3768.6,60
20,27,1,27,2,1,0,1,60,47,41,58,401,3860.63,81
20,28,1,28,3,1,0,1,81,60,47,62,685,6867,95
20,29,1,29,4,1,0,1,95,81,60,63,359,2962.93,66
20,30,1,30,5,1,0,1,66,95,81,63,305,2781,38
20,31,1,31,6,0,1,1,38,66,95,61,467,4427.62,74
20,32,2,1,0,0,1,1,74,38,66,65,383,3726.9,64
20,33,2,2,1,1,0,1,64,74,38,68,378,3724.43,57
20,34,2,3,2,1,0,1,57,64,74,67,420,16069.9,65
20,35,2,4,3,1,0,0,65,57,64,65,9,45.7,0
20,36,2,5,4,1,0,1,0,65,57,52,292,3711.89,45
20,37,2,6,5,1,0,1,45,0,65,49,357,4059.9,52
20,38,2,7,6,0,1,1,52,45,0,51,337,3226.6,57
20,39,2,8,0,0,1,1,57,52,45,48,326,3500.7,38
20,40,2,9,1,1,0,1,38,57,52,44,516,7401.2,69
20,41,2,10,2,1,0,1,69,38,57,46,381,5229.9,64
20,42,2,11,3,1,0,1,64,69,38,46,505,8437.99,86
20,43,2,12,4,1,0,1,86,64,69,58,432,4557.6,68
20,44,2,13,5,1,0,1,68,86,64,62,429,6608.8,77
20,45,2,14,6,0,1,0,77,68,86,65,0,0,0
20,46,2,15,0,1,0,1,0,77,68,57,503,7037.43,68
20,47,2,16,1,1,0,1,68,0,77,61,779,11571.1,131
20,48,2,17,2,1,0,1,131,68,0,70,758,10792,110
20,49,2,18,3,0,1,1,110,131,68,77,946,14565.3,89
20,50,2,19,4,0,1,1,89,110,131,77,85,1636.9,6
20,51,2,20,5,0,1,1,6,89,110,68,93,1572.1,16
20,52,2,21,6,0,1,1,16,6,89,60,240,3076,50
20,53,2,22,0,0,1,0,50,16,6,67,219,2954.4,18
20,54,2,23,1,0,1,1,18,50,16,60,194,2119.5,25
20,55,2,24,2,0,1,1,25,18,50,44,317,3321.8,35
20,56,2,25,3,1,0,1,35,25,18,34,296,2467.6,46
20,57,2,26,4,1,0,1,46,35,25,28,218,1780.6,28
20,58,2,27,5,1,0,1,28,46,35,31,255,2218.53,44
20,59,2,28,6,0,1,1,44,28,46,35,283,2541.7,38
20,60,3,1,0,0,1,0,38,44,28,33,304,3275.7,32
20,61,3,2,1,1,0,0,32,38,44,35,298,2323.1,32
20,62,3,3,2,1,0,1,32,32,38,36,264,2230.1,37
20,63,3,4,3,1,0,1,37,32,32,36,468,4039.5,74
20,64,3,5,4,1,0,1,74,37,32,40,251,2457.4,43
20,65,3,6,5,1,0,1,43,74,37,42,303,2687.5,49
20,66,3,7,6,0,1,1,49,43,74,43,211,2560.4,27
20,67,3,8,0,0,1,1,27,49,43,42,294,2894.09,40
20,68,3,9,1,1,0,1,40,27,49,43,335,3365.8,44
20,69,3,10,2,1,0,1,44,40,27,44,262,2173.7,37
20,70,3,11,3,1,0,1,37,44,40,44,454,3620.97,71
20,71,3,12,4,1,0,1,71,37,44,44,344,2695.4,46
20,72,3,13,5,1,0,1,46,71,37,44,327,2370.4,33
20,73,3,14,6,0,1,1,33,46,71,42,438,3333.91,42
20,74,3,15,0,0,1,1,42,33,46,44,312,2494.6,43
20,75,3,16,1,1,0,1,43,42,33,45,324,2677.1,39
20,76,3,17,2,1,0,1,39,43,42,44,286,2552.6,42
20,77,3,18,3,1,0,1,42,39,43,45,526,4602.06,58
20,78,3,19,4,1,0,1,58,42,39,43,314,2189.6,53
20,79,3,20,5,1,0,1,53,58,42,44,215,2053.2,21
20,80,3,21,6,0,1,1,21,53,58,42,338,3317,41
20,81,3,22,0,0,1,1,41,21,53,42,300,2548.7,35
20,82,3,23,1,1,0,1,35,41,21,41,380,3395.91,50
20,83,3,24,2,1,0,1,50,35,41,42,303,3109.5,33
20,84,3,25,3,1,0,1,33,50,35,41,448,4037.6,51
20,85,3,26,4,1,0,1,51,33,50,40,320,2389.3,59
20,86,3,27,5,1,0,1,59,51,33,41,245,2454.5,23
20,87,3,28,6,0,1,1,23,59,51,41,324,2754.59,23
20,88,3,29,0,0,1,1,23,23,59,39,245,2370.7,32
20,89,3,30,1,1,0,1,32,23,23,38,414,3353.4,62
20,90,3,31,2,1,0,0,62,32,23,40,0,0,0
20,91,4,1,3,1,0,1,0,62,32,35,506,4207.7,62
20,92,4,2,4,1,0,1,62,0,62,37,268,2332.9,37
20,93,4,3,5,1,0,1,37,62,0,34,397,3501.7,45
20,94,4,4,6,0,1,1,45,37,62,37,403,3334.9,32
20,95,4,5,0,0,1,1,32,45,37,38,317,2959.7,54
20,96,4,6,1,0,1,1,54,32,45,41,237,2519.8,35
20,97,4,7,2,1,0,1,35,54,32,37,454,3771.6,68
20,98,4,8,3,1,0,1,68,35,54,47,444,4403.8,42
20,99,4,9,4,1,0,0,42,68,35,44,0,0,0
20,100,4,10,5,1,0,1,0,42,68,39,282,2332.5,26
20,101,4,11,6,0,1,1,26,0,42,36,361,3269.8,29
20,102,4,12,0,0,1,1,29,26,0,36,392,3141.1,41
20,103,4,13,1,1,0,1,41,29,26,34,323,2487.7,43
20,104,4,14,2,1,0,1,43,41,29,35,441,3606,40
20,105,4,15,3,1,0,1,40,43,41,31,563,4457.8,76
20,106,4,16,4,1,0,0,76,40,43,36,0,0,0
20,107,4,17,5,1,0,1,0,76,40,36,363,3506.7,51
20,108,4,18,6,0,1,1,51,0,76,40,390,3374.9,41
20,109,4,19,0,0,1,1,41,51,0,41,290,2944.24,32
20,110,4,20,1,1,0,1,32,41,51,40,354,4024.06,41
20,111,4,21,2,1,0,1,41,32,41,40,332,2732.7,50
20,112,4,22,3,1,0,1,50,41,32,41,574,5272.1,61
20,113,4,23,4,1,0,1,61,50,41,39,343,3031.3,29
20,114,4,24,5,1,0,1,29,61,50,43,350,3363.6,43
20,115,4,25,6,0,1,1,43,29,61,42,336,2781.6,40
20,116,4,26,0,0,1,1,40,43,29,42,465,4254.9,70
20,117,4,27,1,1,0,1,70,40,43,47,323,2286.4,28
20,118,4,28,2,1,0,1,28,70,40,45,282,2511,37
20,119,4,29,3,1,0,1,37,28,70,44,552,5407.9,79
20,120,4,30,4,1,0,1,79,37,28,46,376,3196.5,47
21,1,1,1,4,0,1,0,0,0,0,0,313,2765.8,9
21,2,1,2,5,0,1,0,9,0,0,1,338,3253.5,8
21,3,1,3,6,0,1,1,8,9,0,2,283,2400,3
21,4,1,4,0,0,1,0,3,8,9,2,343,2521.6,8
21,5,1,5,1,1,0,0,8,3,8,4,381,3026.9,7
21,6,1,6,2,1,0,1,7,8,3,5,408,3971.4,8
21,7,1,7,3,1,0,0,8,7,8,6,506,5036.5,0
21,8,1,8,4,1,0,1,0,8,7,6,348,3020.9,3
21,9,1,9,5,1,0,1,3,0,8,5,351,2778.3,6
21,10,1,10,6,0,1,1,6,3,0,5,372,3400.4,9
21,11,1,11,0,0,1,1,9,6,3,5,347,3027.7,5
21,12,1,12,1,1,0,1,5,9,6,5,346,3602.9,5
21,13,1,13,2,1,0,1,5,5,9,5,372,2734.6,2
21,14,1,14,3,1,0,1,2,5,5,4,433,4843.7,7
21,15,1,15,4,1,0,0,7,2,5,5,365,2747.53,3
21,16,1,16,5,1,0,0,3,7,2,5,399,3266.1,7
21,17,1,17,6,0,1,0,7,3,7,5,347,2963.5,6
21,18,1,18,0,0,1,0,6,7,3,5,411,3583.8,1
21,19,1,19,1,1,0,1,1,6,7,4,523,5109.34,9
21,20,1,20,2,1,0,0,9,1,6,5,411,3398.1,3
21,21,1,21,3,1,0,1,3,9,1,5,591,5471.6,9
21,22,1,22,4,1,0,1,9,3,9,5,406,3187.54,6
21,23,1,23,5,1,0,1,6,9,3,5,380,4228.8,5
21,24,1,24,6,0,1,0,5,6,9,5,330,3586.2,2
21,25,1,25,0,0,1,1,2,5,6,5,379,3600,5
21,26,1,26,1,1,0,0,5,2,5,5,400,3768.6,2
21,27,1,27,2,1,0,1,2,5,2,4,401,3860.63,11
21,28,1,28,3,1,0,1,11,2,5,5,685,6867,5
21,29,1,29,4,1,0,0,5,11,2,5,359,2962.93,1
21,30,1,30,5,1,0,1,1,5,11,4,305,2781,3
21,31,1,31,6,0,1,1,3,1,5,4,467,4427.62,11
21,32,2,1,0,0,1,1,11,3,1,5,383,3726.9,3
21,33,2,2,1,1,0,1,3,11,3,5,378,3724.43,2
21,34,2,3,2,1,0,1,2,3,11,5,420,16069.9,12
21,35,2,4,3,1,0,0,12,2,3,5,9,45.7,0
21,36,2,5,4,1,0,0,0,12,2,4,292,3711.89,1
21,37,2,6,5,1,0,1,1,0,12,4,357,4059.9,12
21,38,2,7,6,0,1,1,12,1,0,5,337,3226.6,6
21,39,2,8,0,0,1,1,6,12,1,5,326,3500.7,7
21,40,2,9,1,1,0,1,7,6,12,5,516,7401.2,20
21,41,2,10,2,1,0,1,20,7,6,8,381,5229.9,12
21,42,2,11,3,1,0,1,12,20,7,8,505,8437.99,18
21,43,2,12,4,1,0,1,18,12,20,10,432,4557.6,2
21,44,2,13,5,1,0,1,2,18,12,11,429,6608.8,15
21,45,2,14,6,0,1,0,15,2,18,11,0,0,0
21,46,2,15,0,1,0,1,0,15,2,10,503,7037.43,11
21,47,2,16,1,1,0,1,11,0,15,11,779,11571.1,19
21,48,2,17,2,1,0,1,19,11,0,11,758,10792,16
21,49,2,18,3,0,1,1,16,19,11,11,946,14565.3,14
21,50,2,19,4,0,1,1,14,16,19,11,85,1636.9,7
21,51,2,20,5,0,1,0,7,14,16,11,93,1572.1,3
21,52,2,21,6,0,1,0,3,7,14,10,240,3076,6
21,53,2,22,0,0,1,0,6,3,7,10,219,2954.4,4
21,54,2,23,1,0,1,0,4,6,3,9,194,2119.5,0
21,55,2,24,2,0,1,1,0,4,6,7,317,3321.8,6
21,56,2,25,3,1,0,0,6,0,4,5,296,2467.6,4
21,57,2,26,4,1,0,0,4,6,0,4,218,1780.6,6
21,58,2,27,5,1,0,0,6,4,6,4,255,2218.53,2
21,59,2,28,6,0,1,1,2,6,4,4,283,2541.7,5
21,60,3,1,0,0,1,0,5,2,6,3,304,3275.7,2
21,61,3,2,1,1,0,0,2,5,2,3,298,2323.1,3
21,62,3,3,2,1,0,0,3,2,5,4,264,2230.1,10
21,63,3,4,3,1,0,0,10,3,2,4,468,4039.5,4
21,64,3,5,4,1,0,0,4,10,3,4,251,2457.4,4
21,65,3,6,5,1,0,0,4,4,10,4,303,2687.5,3
21,66,3,7,6,0,1,0,3,4,4,4,211,2560.4,7
21,67,3,8,0,0,1,0,7,3,4,4,294,2894.09,0
21,68,3,9,1,1,0,0,0,7,3,4,335,3365.8,3
21,69,3,10,2,1,0,0,3,0,7,4,262,2173.7,0
21,70,3,11,3,1,0,0,0,3,0,3,454,3620.97,6
21,71,3,12,4,1,0,0,6,0,3,3,344,2695.4,1
21,72,3,13,5,1,0,0,1,6,0,2,327,2370.4,0
21,73,3,14,6,0,1,0,0,1,6,2,438,3333.91,7
21,74,3,15,0,0,1,0,7,0,1,2,312,2494.6,3
21,75,3,16,1,1,0,0,3,7,0,2,324,2677.1,8
21,76,3,17,2,1,0,0,8,3,7,3,286,2552.6,4
21,77,3,18,3,1,0,0,4,8,3,4,526,4602.06,4
21,78,3,19,4,1,0,0,4,4,8,3,314,2189.6,5
21,79,3,20,5,1,0,0,5,4,4,4,215,2053.2,2
21,80,3,21,6,0,1,0,2,5,4,4,338,3317,7
21,81,3,22,0,0,1,0,7,2,5,4,300,2548.7,0
21,82,3,23,1,1,0,1,0,7,2,4,380,3395.91,2
21,83,3,24,2,1,0,0,2,0,7,3,303,3109.5,4
21,84,3,25,3,1,0,0,4,2,0,3,448,4037.6,0
21,85,3,26,4,1,0,1,0,4,2,2,320,2389.3,5
21,86,3,27,5,1,0,1,5,0,4,2,245,2454.5,3
21,87,3,28,6,0,1,0,3,5,0,3,324,2754.59,3
21,88,3,29,0,0,1,0,3,3,5,2,245,2370.7,2
21,89,3,30,1,1,0,0,2,3,3,2,414,3353.4,2
21,90,3,31,2,1,0,0,2,2,3,2,0,0,0
21,91,4,1,3,1,0,0,0,2,2,2,506,4207.7,8
21,92,4,2,4,1,0,1,8,0,2,3,268,2332.9,1
21,93,4,3,5,1,0,0,1,8,0,2,397,3501.7,4
21,94,4,4,6,0,1,0,4,1,8,2,403,3334.9,3
21,95,4,5,0,0,1,0,3,4,1,2,317,2959.7,5
21,96,4,6,1,0,1,1,5,3,4,3,237,2519.8,5
21,97,4,7,2,1,0,0,5,5,3,3,454,3771.6,3
21,98,4,8,3,1,0,1,3,5,5,4,444,4403.8,7
21,99,4,9,4,1,0,0,7,3,5,4,0,0,0
21,100,4,10,5,1,0,1,0,7,3,3,282,2332.5,4
21,101,4,11,6,0,1,0,4,0,7,3,361,3269.8,2
21,102,4,12,0,0,1,0,2,4,0,3,392,3141.1,2
21,103,4,13,1,1,0,1,2,2,4,3,323,2487.7,8
21,104,4,14,2,1,0,1,8,2,2,3,441,3606,2
21,105,4,15,3,1,0,1,2,8,2,3,563,4457.8,6
21,106,4,16,4,1,0,0,6,2,8,3,0,0,0
21,107,4,17,5,1,0,1,0,6,2,3,363,3506.7,3
21,108,4,18,6,0,1,1,3,0,6,3,390,3374.9,6
21,109,4,19,0,0,1,1,6,3,0,3,290,2944.24,7
21,110,4,20,1,1,0,1,7,6,3,4,354,4024.06,3
21,111,4,21,2,1,0,1,3,7,6,3,332,2732.7,4
21,112,4,22,3,1,0,0,4,3,7,4,574,5272.1,2
21,113,4,23,4,1,0,1,2,4,3,3,343,3031.3,4
21,114,4,24,5,1,0,0,4,2,4,4,350,3363.6,4
21,115,4,25,6,0,1,0,4,4,2,4,336,2781.6,0
21,116,4,26,0,0,1,0,0,4,4,3,465,4254.9,1
21,117,4,27,1,1,0,0,1,0,4,2,323,2286.4,4
21,118,4,28,2,1,0,0,4,1,0,2,282,2511,2
21,119,4,29,3,1,0,0,2,4,1,2,552,5407.9,5
21,120,4,30,4,1,0,0,5,2,4,2,376,3196.5,2
22,1,1,1,4,0,1,1,0,0,0,0,313,2765.8,44
22,2,1,2,5,0,1,1,44,0,0,6,338,3253.5,72
22,3,1,3,6,0,1,1,72,44,0,16,283,2400,76
22,4,1,4,0,0,1,1,76,72,44,27,343,2521.6,90
22,5,1,5,1,1,0,1,90,76,72,40,381,3026.9,41
22,6,1,6,2,1,0,1,41,90,76,46,408,3971.4,75
22,7,1,7,3,1,0,1,75,41,90,56,506,5036.5,88
22,8,1,8,4,1,0,1,88,75,41,69,348,3020.9,65
22,9,1,9,5,1,0,1,65,88,75,72,351,2778.3,91
22,10,1,10,6,0,1,1,91,65,88,75,372,3400.4,104
22,11,1,11,0,0,1,1,104,91,65,79,347,3027.7,79
22,12,1,12,1,1,0,1,79,104,91,77,346,3602.9,41
22,13,1,13,2,1,0,1,41,79,104,77,372,2734.6,68
22,14,1,14,3,1,0,1,68,41,79,76,433,4843.7,68
22,15,1,15,4,1,0,1,68,68,41,73,365,2747.53,93
22,16,1,16,5,1,0,1,93,68,68,77,399,3266.1,93
22,17,1,17,6,0,1,1,93,93,68,78,347,2963.5,64
22,18,1,18,0,0,1,1,64,93,93,72,411,3583.8,71
22,19,1,19,1,1,0,1,71,64,93,71,523,5109.34,84
22,20,1,20,2,1,0,1,84,71,64,77,411,3398.1,62
22,21,1,21,3,1,0,1,62,84,71,76,591,5471.6,131
22,22,1,22,4,1,0,1,131,62,84,85,406,3187.54,64
22,23,1,23,5,1,0,1,64,131,62,81,380,4228.8,86
22,24,1,24,6,0,1,1,86,64,131,80,330,3586.2,53
22,25,1,25,0,0,1,1,53,86,64,78,379,3600,82
22,26,1,26,1,1,0,1,82,53,86,80,400,3768.6,65
22,27,1,27,2,1,0,1,65,82,53,77,401,3860.63,66
22,28,1,28,3,1,0,1,66,65,82,78,685,6867,153
22,29,1,29,4,1,0,1,153,66,65,81,359,2962.93,67
22,30,1,30,5,1,0,1,67,153,66,81,305,2781,60
22,31,1,31,6,0,1,1,60,67,153,78,467,4427.62,111
22,32,2,1,0,0,1,1,111,60,67,86,383,3726.9,73
22,33,2,2,1,1,0,1,73,111,60,85,378,3724.43,54
22,34,2,3,2,1,0,1,54,73,111,83,420,16069.9,101
22,35,2,4,3,1,0,1,101,54,73,88,9,45.7,4
22,36,2,5,4,1,0,1,4,101,54,67,292,3711.89,49
22,37,2,6,5,1,0,1,49,4,101,64,357,4059.9,69
22,38,2,7,6,0,1,1,69,49,4,65,337,3226.6,68
22,39,2,8,0,0,1,1,68,69,49,59,326,3500.7,68
22,40,2,9,1,1,0,1,68,68,69,59,516,7401.2,120
22,41,2,10,2,1,0,1,120,68,68,68,381,5229.9,51
22,42,2,11,3,1,0,1,51,120,68,61,505,8437.99,121
22,43,2,12,4,1,0,1,121,51,120,78,432,4557.6,108
22,44,2,13,5,1,0,1,108,121,51,86,429,6608.8,133
22,45,2,14,6,0,1,0,133,108,121,95,0,0,0
22,46,2,15,0,1,0,1,0,133,108,85,503,7037.43,150
22,47,2,16,1,1,0,1,150,0,133,97,779,11571.1,239
22,48,2,17,2,1,0,1,239,150,0,114,758,10792,226
22,49,2,18,3,0,1,1,226,239,150,139,946,14565.3,322
22,50,2,19,4,0,1,1,322,226,239,168,85,1636.9,25
22,51,2,20,5,0,1,1,25,322,226,156,93,1572.1,24
22,52,2,21,6,0,1,1,24,25,322,140,240,3076,42
22,53,2,22,0,0,1,1,42,24,25,146,219,2954.4,56
22,54,2,23,1,0,1,1,56,42,24,133,194,2119.5,56
22,55,2,24,2,0,1,1,56,56,42,107,317,3321.8,63
22,56,2,25,3,1,0,1,63,56,56,84,296,2467.6,52
22,57,2,26,4,1,0,1,52,63,56,45,218,1780.6,46
22,58,2,27,5,1,0,1,46,52,63,48,255,2218.53,49
22,59,2,28,6,0,1,1,49,46,52,52,283,2541.7,61
22,60,3,1,0,0,1,1,61,49,46,54,304,3275.7,61
22,61,3,2,1,1,0,1,61,61,49,55,298,2323.1,43
22,62,3,3,2,1,0,1,43,61,61,53,264,2230.1,44
22,63,3,4,3,1,0,1,44,43,61,50,468,4039.5,97
22,64,3,5,4,1,0,1,97,44,43,57,251,2457.4,31
22,65,3,6,5,1,0,1,31,97,44,55,303,2687.5,52
22,66,3,7,6,0,1,1,52,31,97,55,211,2560.4,37
22,67,3,8,0,0,1,1,37,52,31,52,294,2894.09,49
22,68,3,9,1,1,0,1,49,37,52,50,335,3365.8,45
22,69,3,10,2,1,0,1,45,49,37,50,262,2173.7,49
22,70,3,11,3,1,0,1,49,45,49,51,454,3620.97,73
22,71,3,12,4,1,0,1,73,49,45,48,344,2695.4,71
22,72,3,13,5,1,0,1,71,73,49,53,327,2370.4,79
22,73,3,14,6,0,1,1,79,71,73,57,438,3333.91,76
22,74,3,15,0,0,1,1,76,79,71,63,312,2494.6,62
22,75,3,16,1,1,0,1,62,76,79,65,324,2677.1,62
22,76,3,17,2,1,0,1,62,62,76,67,286,2552.6,33
22,77,3,18,3,1,0,1,33,62,62,65,526,4602.06,107
22,78,3,19,4,1,0,1,107,33,62,70,314,2189.6,43
22,79,3,20,5,1,0,1,43,107,33,66,215,2053.2,42
22,80,3,21,6,0,1,1,42,43,107,60,338,3317,84
22,81,3,22,0,0,1,1,84,42,43,61,300,2548.7,87
22,82,3,23,1,1,0,1,87,84,42,65,380,3395.91,44
22,83,3,24,2,1,0,1,44,87,84,62,303,3109.5,52
22,84,3,25,3,1,0,1,52,44,87,65,448,4037.6,63
22,85,3,26,4,1,0,1,63,52,44,59,320,2389.3,74
22,86,3,27,5,1,0,1,74,63,52,63,245,2454.5,69
22,87,3,28,6,0,1,1,69,74,63,67,324,2754.59,83
22,88,3,29,0,0,1,1,83,69,74,67,245,2370.7,57
22,89,3,30,1,1,0,1,57,83,69,63,414,3353.4,80
22,90,3,31,2,1,0,0,80,57,83,68,0,0,0
22,91,4,1,3,1,0,1,0,80,57,60,506,4207.7,76
22,92,4,2,4,1,0,1,76,0,80,62,268,2332.9,42
22,93,4,3,5,1,0,1,42,76,0,58,397,3501.7,110
22,94,4,4,6,0,1,1,110,42,76,64,403,3334.9,140
22,95,4,5,0,0,1,1,140,110,42,72,317,2959.7,81
22,96,4,6,1,0,1,1,81,140,110,75,237,2519.8,41
22,97,4,7,2,1,0,1,41,81,140,70,454,3771.6,101
22,98,4,8,3,1,0,1,101,41,81,84,444,4403.8,86
22,99,4,9,4,1,0,0,86,101,41,85,0,0,0
22,100,4,10,5,1,0,1,0,86,101,79,282,2332.5,69
22,101,4,11,6,0,1,1,69,0,86,74,361,3269.8,76
22,102,4,12,0,0,1,1,76,69,0,64,392,3141.1,85
22,103,4,13,1,1,0,1,85,76,69,65,323,2487.7,53
22,104,4,14,2,1,0,1,53,85,76,67,441,3606,111
22,105,4,15,3,1,0,1,111,53,85,68,563,4457.8,111
22,106,4,16,4,1,0,0,111,111,53,72,0,0,0
22,107,4,17,5,1,0,1,0,111,111,72,363,3506.7,67
22,108,4,18,6,0,1,1,67,0,111,71,390,3374.9,115
22,109,4,19,0,0,1,1,115,67,0,77,290,2944.24,60
22,110,4,20,1,1,0,1,60,115,67,73,354,4024.06,36
22,111,4,21,2,1,0,1,36,60,115,71,332,2732.7,49
22,112,4,22,3,1,0,1,49,36,60,62,574,5272.1,118
22,113,4,23,4,1,0,1,118,49,36,63,343,3031.3,78
22,114,4,24,5,1,0,1,78,118,49,74,350,3363.6,48
22,115,4,25,6,0,1,1,48,78,118,72,336,2781.6,73
22,116,4,26,0,0,1,1,73,48,78,66,465,4254.9,58
22,117,4,27,1,1,0,1,58,73,48,65,323,2286.4,42
22,118,4,28,2,1,0,1,42,58,73,66,282,2511,32
22,119,4,29,3,1,0,1,32,42,58,64,552,5407.9,104
22,120,4,30,4,1,0,1,104,32,42,62,376,3196.5,101
23,1,1,1,4,0,1,1,0,0,0,0,313,2765.8,11
23,2,1,2,5,0,1,1,11,0,0,1,338,3253.5,16
23,3,1,3,6,0,1,0,16,11,0,3,283,2400,9
23,4,1,4,0,0,1,0,9,16,11,5,343,2521.6,18
23,5,1,5,1,1,0,1,18,9,16,7,381,3026.9,5
23,6,1,6,2,1,0,1,5,18,9,8,408,3971.4,7
23,7,1,7,3,1,0,1,7,5,18,9,506,5036.5,11
23,8,1,8,4,1,0,1,11,7,5,11,348,3020.9,10
23,9,1,9,5,1,0,1,10,11,7,10,351,2778.3,26
23,10,1,10,6,0,1,1,26,10,11,12,372,3400.4,14
23,11,1,11,0,0,1,1,14,26,10,13,347,3027.7,8
23,12,1,12,1,1,0,1,8,14,26,11,346,3602.9,8
23,13,1,13,2,1,0,1,8,8,14,12,372,2734.6,10
23,14,1,14,3,1,0,1,10,8,8,12,433,4843.7,10
23,15,1,15,4,1,0,1,10,10,8,12,365,2747.53,18
23,16,1,16,5,1,0,1,18,10,10,13,399,3266.1,18
23,17,1,17,6,0,1,1,18,18,10,12,347,2963.5,18
23,18,1,18,0,0,1,1,18,18,18,12,411,3583.8,18
23,19,1,19,1,1,0,0,18,18,18,14,523,5109.34,9
23,20,1,20,2,1,0,0,9,18,18,14,411,3398.1,9
23,21,1,21,3,1,0,1,9,9,18,14,591,5471.6,12
23,22,1,22,4,1,0,1,12,9,9,14,406,3187.54,12
23,23,1,23,5,1,0,1,12,12,9,13,380,4228.8,16
23,24,1,24,6,0,1,1,16,12,12,13,330,3586.2,13
23,25,1,25,0,0,1,1,13,16,12,12,379,3600,10
23,26,1,26,1,1,0,1,10,13,16,11,400,3768.6,17
23,27,1,27,2,1,0,1,17,10,13,12,401,3860.63,24
23,28,1,28,3,1,0,1,24,17,10,14,685,6867,19
23,29,1,29,4,1,0,1,19,24,17,15,359,2962.93,10
23,30,1,30,5,1,0,1,10,19,24,15,305,2781,11
23,31,1,31,6,0,1,1,11,10,19,14,467,4427.62,16
23,32,2,1,0,0,1,1,16,11,10,15,383,3726.9,8
23,33,2,2,1,1,0,0,8,16,11,15,378,3724.43,14
23,34,2,3,2,1,0,1,14,8,16,14,420,16069.9,14
23,35,2,4,3,1,0,0,14,14,8,13,9,45.7,0
23,36,2,5,4,1,0,1,0,14,14,10,292,3711.89,10
23,37,2,6,5,1,0,1,10,0,14,10,357,4059.9,9
23,38,2,7,6,0,1,1,9,10,0,10,337,3226.6,9
23,39,2,8,0,0,1,1,9,9,10,9,326,3500.7,17
23,40,2,9,1,1,0,1,17,9,9,10,516,7401.2,9
23,41,2,10,2,1,0,1,9,17,9,9,381,5229.9,16
23,42,2,11,3,1,0,1,16,9,17,10,505,8437.99,16
23,43,2,12,4,1,0,1,16,16,9,12,432,4557.6,20
23,44,2,13,5,1,0,1,20,16,16,13,429,6608.8,18
23,45,2,14,6,0,1,0,18,20,16,15,0,0,0
23,46,2,15,0,1,0,1,0,18,20,13,503,7037.43,23
23,47,2,16,1,1,0,1,23,0,18,14,779,11571.1,38
23,48,2,17,2,1,0,1,38,23,0,18,758,10792,79
23,49,2,18,3,0,1,1,79,38,23,27,946,14565.3,111
23,50,2,19,4,0,1,1,111,79,38,41,85,1636.9,8
23,51,2,20,5,0,1,0,8,111,79,39,93,1572.1,6
23,52,2,21,6,0,1,1,6,8,111,37,240,3076,26
23,53,2,22,0,0,1,1,26,6,8,41,219,2954.4,23
23,54,2,23,1,0,1,1,23,26,6,41,194,2119.5,12
23,55,2,24,2,0,1,1,12,23,26,37,317,3321.8,21
23,56,2,25,3,1,0,1,21,12,23,29,296,2467.6,17
23,57,2,26,4,1,0,0,17,21,12,16,218,1780.6,15
23,58,2,27,5,1,0,1,15,17,21,17,255,2218.53,6
23,59,2,28,6,0,1,1,6,15,17,17,283,2541.7,21
23,60,3,1,0,0,1,1,21,6,15,16,304,3275.7,20
23,61,3,2,1,1,0,1,20,21,6,16,298,2323.1,12
23,62,3,3,2,1,0,0,12,20,21,16,264,2230.1,9
23,63,3,4,3,1,0,0,9,12,20,14,468,4039.5,9
23,64,3,5,4,1,0,1,9,9,12,13,251,2457.4,19
23,65,3,6,5,1,0,1,19,9,9,13,303,2687.5,27
23,66,3,7,6,0,1,0,27,19,9,16,211,2560.4,17
23,67,3,8,0,0,1,1,17,27,19,16,294,2894.09,16
23,68,3,9,1,1,0,0,16,17,27,15,335,3365.8,7
23,69,3,10,2,1,0,0,7,16,17,14,262,2173.7,1
23,70,3,11,3,1,0,1,1,7,16,13,454,3620.97,13
23,71,3,12,4,1,0,0,13,1,7,14,344,2695.4,10
23,72,3,13,5,1,0,0,10,13,1,13,327,2370.4,12
23,73,3,14,6,0,1,1,12,10,13,10,438,3333.91,18
23,74,3,15,0,0,1,0,18,12,10,11,312,2494.6,14
23,75,3,16,1,1,0,0,14,18,12,10,324,2677.1,14
23,76,3,17,2,1,0,0,14,14,18,11,286,2552.6,11
23,77,3,18,3,1,0,0,11,14,14,13,526,4602.06,8
23,78,3,19,4,1,0,1,8,11,14,12,314,2189.6,12
23,79,3,20,5,1,0,1,12,8,11,12,215,2053.2,12
23,80,3,21,6,0,1,1,12,12,8,12,338,3317,29
23,81,3,22,0,0,1,0,29,12,12,14,300,2548.7,17
23,82,3,23,1,1,0,1,17,29,12,14,380,3395.91,20
23,83,3,24,2,1,0,1,20,17,29,15,303,3109.5,17
23,84,3,25,3,1,0,1,17,20,17,16,448,4037.6,15
23,85,3,26,4,1,0,0,15,17,20,17,320,2389.3,14
23,86,3,27,5,1,0,1,14,15,17,17,245,2454.5,14
23,87,3,28,6,0,1,0,14,14,15,18,324,2754.59,25
23,88,3,29,0,0,1,1,25,14,14,17,245,2370.7,16
23,89,3,30,1,1,0,1,16,25,14,17,414,3353.4,20
23,90,3,31,2,1,0,0,20,16,25,17,0,0,0
23,91,4,1,3,1,0,1,0,20,16,14,506,4207.7,7
23,92,4,2,4,1,0,1,7,0,20,13,268,2332.9,16
23,93,4,3,5,1,0,1,16,7,0,14,397,3501.7,22
23,94,4,4,6,0,1,1,22,16,7,15,403,3334.9,24
23,95,4,5,0,0,1,0,24,22,16,15,317,2959.7,11
23,96,4,6,1,0,1,0,11,24,22,14,237,2519.8,12
23,97,4,7,2,1,0,0,12,11,24,13,454,3771.6,17
23,98,4,8,3,1,0,1,17,12,11,15,444,4403.8,18
23,99,4,9,4,1,0,0,18,17,12,17,0,0,0
23,100,4,10,5,1,0,1,0,18,17,14,282,2332.5,8
23,101,4,11,6,0,1,1,8,0,18,12,361,3269.8,26
23,102,4,12,0,0,1,1,26,8,0,13,392,3141.1,19
23,103,4,13,1,1,0,1,19,26,8,14,323,2487.7,7
23,104,4,14,2,1,0,1,7,19,26,13,441,3606,16
23,105,4,15,3,1,0,1,16,7,19,13,563,4457.8,18
23,106,4,16,4,1,0,0,18,16,7,13,0,0,0
23,107,4,17,5,1,0,1,0,18,16,13,363,3506.7,14
23,108,4,18,6,0,1,1,14,0,18,14,390,3374.9,12
23,109,4,19,0,0,1,1,12,14,0,12,290,2944.24,14
23,110,4,20,1,1,0,1,14,12,14,11,354,4024.06,5
23,111,4,21,2,1,0,1,5,14,12,11,332,2732.7,10
23,112,4,22,3,1,0,1,10,5,14,10,574,5272.1,14
23,113,4,23,4,1,0,1,14,10,5,9,343,3031.3,10
23,114,4,24,5,1,0,1,10,14,10,11,350,3363.6,16
23,115,4,25,6,0,1,1,16,10,14,11,336,2781.6,31
23,116,4,26,0,0,1,0,31,16,10,14,465,4254.9,34
23,117,4,27,1,1,0,1,34,31,16,17,323,2286.4,12
23,118,4,28,2,1,0,1,12,34,31,18,282,2511,22
23,119,4,29,3,1,0,1,22,12,34,19,552,5407.9,15
23,120,4,30,4,1,0,1,15,22,12,20,376,3196.5,46
30,1,1,1,4,0,1,1,0,0,0,0,313,2765.8,39
30,2,1,2,5,0,1,1,39,0,0,5,338,3253.5,28
30,3,1,3,6,0,1,1,28,39,0,9,283,2400,22
30,4,1,4,0,0,1,1,22,28,39,12,343,2521.6,20
30,5,1,5,1,1,0,1,20,22,28,15,381,3026.9,40
30,6,1,6,2,1,0,1,40,20,22,21,408,3971.4,41
30,7,1,7,3,1,0,1,41,40,20,27,506,5036.5,45
30,8,1,8,4,1,0,0,45,41,40,33,348,3020.9,19
30,9,1,9,5,1,0,1,19,45,41,30,351,2778.3,15
30,10,1,10,6,0,1,1,15,19,45,28,372,3400.4,30
30,11,1,11,0,0,1,1,30,15,19,30,347,3027.7,13
30,12,1,12,1,1,0,1,13,30,15,29,346,3602.9,18
30,13,1,13,2,1,0,1,18,13,30,25,372,2734.6,29
30,14,1,14,3,1,0,1,29,18,13,24,433,4843.7,41
30,15,1,15,4,1,0,1,41,29,18,23,365,2747.53,27
30,16,1,16,5,1,0,1,27,41,29,24,399,3266.1,28
30,17,1,17,6,0,1,1,28,27,41,26,347,2963.5,23
30,18,1,18,0,0,1,1,23,28,27,25,411,3583.8,32
30,19,1,19,1,1,0,1,32,23,28,28,523,5109.34,49
30,20,1,20,2,1,0,1,49,32,23,32,411,3398.1,27
30,21,1,21,3,1,0,1,27,49,32,32,591,5471.6,30
30,22,1,22,4,1,0,1,30,27,49,30,406,3187.54,26
30,23,1,23,5,1,0,1,26,30,27,30,380,4228.8,20
30,24,1,24,6,0,1,1,20,26,30,29,330,3586.2,33
30,25,1,25,0,0,1,1,33,20,26,31,379,3600,27
30,26,1,26,1,1,0,1,27,33,20,30,400,3768.6,31
30,27,1,27,2,1,0,1,31,27,33,27,401,3860.63,28
30,28,1,28,3,1,0,1,28,31,27,27,685,6867,56
30,29,1,29,4,1,0,1,56,28,31,31,359,2962.93,37
30,30,1,30,5,1,0,1,37,56,28,33,305,2781,11
30,31,1,31,6,0,1,1,11,37,56,31,467,4427.62,48
30,32,2,1,0,0,1,1,48,11,37,34,383,3726.9,43
30,33,2,2,1,1,0,1,43,48,11,36,378,3724.43,23
30,34,2,3,2,1,0,1,23,43,48,35,420,16069.9,24
30,35,2,4,3,1,0,0,24,23,43,34,9,45.7,0
30,36,2,5,4,1,0,1,0,24,23,26,292,3711.89,18
30,37,2,6,5,1,0,1,18,0,24,23,357,4059.9,27
30,38,2,7,6,0,1,1,27,18,0,26,337,3226.6,23
30,39,2,8,0,0,1,1,23,27,18,22,326,3500.7,18
30,40,2,9,1,1,0,1,18,23,27,19,516,7401.2,47
30,41,2,10,2,1,0,1,47,18,23,22,381,5229.9,25
30,42,2,11,3,1,0,1,25,47,18,22,505,8437.99,26
30,43,2,12,4,1,0,1,26,25,47,26,432,4557.6,29
30,44,2,13,5,1,0,1,29,26,25,27,429,6608.8,14
30,45,2,14,6,0,1,0,14,29,26,26,0,0,0
30,46,2,15,0,1,0,1,0,14,29,22,503,7037.43,22
30,47,2,16,1,1,0,1,22,0,14,23,779,11571.1,51
30,48,2,17,2,1,0,1,51,22,0,23,758,10792,46
30,49,2,18,3,0,1,1,46,51,22,26,946,14565.3,57
30,50,2,19,4,0,1,1,57,46,51,31,85,1636.9,6
30,51,2,20,5,0,1,0,6,57,46,28,93,1572.1,0
30,52,2,21,6,0,1,1,0,6,57,26,240,3076,24
30,53,2,22,0,0,1,1,24,0,6,29,219,2954.4,6
30,54,2,23,1,0,1,1,6,24,0,27,194,2119.5,10
30,55,2,24,2,0,1,1,10,6,24,21,317,3321.8,18
30,56,2,25,3,1,0,1,18,10,6,17,296,2467.6,23
30,57,2,26,4,1,0,1,23,18,10,12,218,1780.6,21
30,58,2,27,5,1,0,1,21,23,18,14,255,2218.53,15
30,59,2,28,6,0,1,1,15,21,23,16,283,2541.7,18
30,60,3,1,0,0,1,1,18,15,21,15,304,3275.7,19
30,61,3,2,1,1,0,1,19,18,15,17,298,2323.1,24
30,62,3,3,2,1,0,1,24,19,18,19,264,2230.1,15
30,63,3,4,3,1,0,1,15,24,19,19,468,4039.5,46
30,64,3,5,4,1,0,1,46,15,24,22,251,2457.4,21
30,65,3,6,5,1,0,1,21,46,15,22,303,2687.5,17
30,66,3,7,6,0,1,1,17,21,46,22,211,2560.4,24
30,67,3,8,0,0,1,1,24,17,21,23,294,2894.09,21
30,68,3,9,1,1,0,1,21,24,17,24,335,3365.8,23
30,69,3,10,2,1,0,1,23,21,24,23,262,2173.7,21
30,70,3,11,3,1,0,1,21,23,21,24,454,3620.97,47
30,71,3,12,4,1,0,1,47,21,23,24,344,2695.4,25
30,72,3,13,5,1,0,1,25,47,21,25,327,2370.4,22
30,73,3,14,6,0,1,1,22,25,47,26,438,3333.91,14
30,74,3,15,0,0,1,1,14,22,25,24,312,2494.6,25
30,75,3,16,1,1,0,1,25,14,22,25,324,2677.1,29
30,76,3,17,2,1,0,1,29,25,14,26,286,2552.6,12
30,77,3,18,3,1,0,1,12,29,25,24,526,4602.06,31
30,78,3,19,4,1,0,1,31,12,29,22,314,2189.6,36
30,79,3,20,5,1,0,1,36,31,12,24,215,2053.2,15
30,80,3,21,6,0,1,1,15,36,31,23,338,3317,29
30,81,3,22,0,0,1,1,29,15,36,25,300,2548.7,14
30,82,3,23,1,1,0,1,14,29,15,23,380,3395.91,29
30,83,3,24,2,1,0,1,29,14,29,23,303,3109.5,30
30,84,3,25,3,1,0,1,30,29,14,26,448,4037.6,28
30,85,3,26,4,1,0,1,28,30,29,25,320,2389.3,11
30,86,3,27,5,1,0,1,11,28,30,22,245,2454.5,26
30,87,3,28,6,0,1,1,26,11,28,23,324,2754.59,20
30,88,3,29,0,0,1,1,20,26,11,22,245,2370.7,21
30,89,3,30,1,1,0,1,21,20,26,23,414,3353.4,25
30,90,3,31,2,1,0,0,25,21,20,23,0,0,0
30,91,4,1,3,1,0,1,0,25,21,18,506,4207.7,36
30,92,4,2,4,1,0,1,36,0,25,19,268,2332.9,23
30,93,4,3,5,1,0,1,23,36,0,21,397,3501.7,31
30,94,4,4,6,0,1,1,31,23,36,22,403,3334.9,9
30,95,4,5,0,0,1,1,9,31,23,20,317,2959.7,21
30,96,4,6,1,0,1,1,21,9,31,20,237,2519.8,17
30,97,4,7,2,1,0,1,17,21,9,19,454,3771.6,38
30,98,4,8,3,1,0,1,38,17,21,25,444,4403.8,48
30,99,4,9,4,1,0,0,48,38,17,26,0,0,0
30,100,4,10,5,1,0,1,0,48,38,23,282,2332.5,17
30,101,4,11,6,0,1,1,17,0,48,21,361,3269.8,26
30,102,4,12,0,0,1,1,26,17,0,23,392,3141.1,22
30,103,4,13,1,1,0,1,22,26,17,24,323,2487.7,15
30,104,4,14,2,1,0,1,15,22,26,23,441,3606,28
30,105,4,15,3,1,0,1,28,15,22,22,563,4457.8,49
30,106,4,16,4,1,0,0,49,28,15,22,0,0,0
30,107,4,17,5,1,0,1,0,49,28,22,363,3506.7,21
30,108,4,18,6,0,1,1,21,0,49,23,390,3374.9,14
30,109,4,19,0,0,1,1,14,21,0,21,290,2944.24,21
30,110,4,20,1,1,0,1,21,14,21,21,354,4024.06,27
30,111,4,21,2,1,0,1,27,21,14,22,332,2732.7,25
30,112,4,22,3,1,0,1,25,27,21,22,574,5272.1,47
30,113,4,23,4,1,0,1,47,25,27,22,343,3031.3,38
30,114,4,24,5,1,0,1,38,47,25,27,350,3363.6,25
30,115,4,25,6,0,1,1,25,38,47,28,336,2781.6,21
30,116,4,26,0,0,1,1,21,25,38,29,465,4254.9,45
30,117,4,27,1,1,0,1,45,21,25,32,323,2286.4,24
30,118,4,28,2,1,0,1,24,45,21,32,282,2511,22
30,119,4,29,3,1,0,1,22,24,45,31,552,5407.9,47
30,120,4,30,4,1,0,1,47,22,24,31,376,3196.5,24
31,1,1,1,4,0,1,0,0,0,0,0,313,2765.8,4
31,2,1,2,5,0,1,1,4,0,0,0,338,3253.5,2
31,3,1,3,6,0,1,0,2,4,0,0,283,2400,2
31,4,1,4,0,0,1,0,2,2,4,1,343,2521.6,1
31,5,1,5,1,1,0,1,1,2,2,1,381,3026.9,7
31,6,1,6,2,1,0,1,7,1,2,2,408,3971.4,9
31,7,1,7,3,1,0,1,9,7,1,3,506,5036.5,7
31,8,1,8,4,1,0,1,7,9,7,4,348,3020.9,5
31,9,1,9,5,1,0,0,5,7,9,4,351,2778.3,7
31,10,1,10,6,0,1,1,7,5,7,5,372,3400.4,5
31,11,1,11,0,0,1,0,5,7,5,5,347,3027.7,1
31,12,1,12,1,1,0,0,1,5,7,5,346,3602.9,4
31,13,1,13,2,1,0,0,4,1,5,5,372,2734.6,9
31,14,1,14,3,1,0,1,9,4,1,5,433,4843.7,10
31,15,1,15,4,1,0,0,10,9,4,5,365,2747.53,4
31,16,1,16,5,1,0,1,4,10,9,5,399,3266.1,5
31,17,1,17,6,0,1,0,5,4,10,5,347,2963.5,2
31,18,1,18,0,0,1,0,2,5,4,5,411,3583.8,6
31,19,1,19,1,1,0,0,6,2,5,5,523,5109.34,4
31,20,1,20,2,1,0,0,4,6,2,5,411,3398.1,5
31,21,1,21,3,1,0,1,5,4,6,5,591,5471.6,3
31,22,1,22,4,1,0,0,3,5,4,4,406,3187.54,8
31,23,1,23,5,1,0,0,8,3,5,4,380,4228.8,3
31,24,1,24,6,0,1,1,3,8,3,4,330,3586.2,14
31,25,1,25,0,0,1,0,14,3,8,6,379,3600,3
31,26,1,26,1,1,0,0,3,14,3,5,400,3768.6,1
31,27,1,27,2,1,0,0,1,3,14,5,401,3860.63,2
31,28,1,28,3,1,0,1,2,1,3,4,685,6867,6
31,29,1,29,4,1,0,1,6,2,1,5,359,2962.93,3
31,30,1,30,5,1,0,0,3,6,2,4,305,2781,3
31,31,1,31,6,0,1,1,3,3,6,4,467,4427.62,8
31,32,2,1,0,0,1,1,8,3,3,3,383,3726.9,15
31,33,2,2,1,1,0,1,15,8,3,5,378,3724.43,3
31,34,2,3,2,1,0,1,3,15,8,5,420,16069.9,10
31,35,2,4,3,1,0,0,10,3,15,6,9,45.7,0
31,36,2,5,4,1,0,0,0,10,3,6,292,3711.89,2
31,37,2,6,5,1,0,1,2,0,10,5,357,4059.9,6
31,38,2,7,6,0,1,0,6,2,0,6,337,3226.6,2
31,39,2,8,0,0,1,1,2,6,2,5,326,3500.7,3
31,40,2,9,1,1,0,1,3,2,6,3,516,7401.2,16
31,41,2,10,2,1,0,1,16,3,2,5,381,5229.9,7
31,42,2,11,3,1,0,1,7,16,3,5,505,8437.99,8
31,43,2,12,4,1,0,1,8,7,16,6,432,4557.6,5
31,44,2,13,5,1,0,1,5,8,7,6,429,6608.8,5
31,45,2,14,6,0,1,0,5,5,8,6,0,0,0
31,46,2,15,0,1,0,1,0,5,5,6,503,7037.43,6
31,47,2,16,1,1,0,0,6,0,5,6,779,11571.1,9
31,48,2,17,2,1,0,1,9,6,0,5,758,10792,14
31,49,2,18,3,0,1,1,14,9,6,6,946,14565.3,24
31,50,2,19,4,0,1,0,24,14,9,9,85,1636.9,0
31,51,2,20,5,0,1,0,0,24,14,8,93,1572.1,0
31,52,2,21,6,0,1,0,0,0,24,7,240,3076,1
31,53,2,22,0,0,1,0,1,0,0,7,219,2954.4,1
31,54,2,23,1,0,1,0,1,1,0,7,194,2119.5,5
31,55,2,24,2,0,1,0,5,1,1,6,317,3321.8,2
31,56,2,25,3,1,0,0,2,5,1,4,296,2467.6,8
31,57,2,26,4,1,0,0,8,2,5,2,218,1780.6,2
31,58,2,27,5,1,0,0,2,8,2,2,255,2218.53,1
31,59,2,28,6,0,1,1,1,2,8,2,283,2541.7,7
31,60,3,1,0,0,1,0,7,1,2,3,304,3275.7,6
31,61,3,2,1,1,0,0,6,7,1,4,298,2323.1,5
31,62,3,3,2,1,0,0,5,6,7,4,264,2230.1,4
31,63,3,4,3,1,0,1,4,5,6,4,468,4039.5,12
31,64,3,5,4,1,0,0,12,4,5,5,251,2457.4,0
31,65,3,6,5,1,0,0,0,12,4,5,303,2687.5,4
31,66,3,7,6,0,1,0,4,0,12,5,211,2560.4,1
31,67,3,8,0,0,1,1,1,4,0,4,294,2894.09,7
31,68,3,9,1,1,0,0,7,1,4,4,335,3365.8,7
31,69,3,10,2,1,0,0,7,7,1,5,262,2173.7,2
31,70,3,11,3,1,0,1,2,7,7,4,454,3620.97,8
31,71,3,12,4,1,0,1,8,2,7,4,344,2695.4,4
31,72,3,13,5,1,0,0,4,8,2,4,327,2370.4,6
31,73,3,14,6,0,1,0,6,4,8,5,438,3333.91,5
31,74,3,15,0,0,1,1,5,6,4,5,312,2494.6,5
31,75,3,16,1,1,0,0,5,5,6,5,324,2677.1,1
31,76,3,17,2,1,0,0,1,5,5,4,286,2552.6,1
31,77,3,18,3,1,0,1,1,1,5,4,526,4602.06,3
31,78,3,19,4,1,0,0,3,1,1,3,314,2189.6,1
31,79,3,20,5,1,0,0,1,3,1,3,215,2053.2,3
31,80,3,21,6,0,1,1,3,1,3,2,338,3317,9
31,81,3,22,0,0,1,0,9,3,1,3,300,2548.7,9
31,82,3,23,1,1,0,1,9,9,3,3,380,3395.91,15
31,83,3,24,2,1,0,1,15,9,9,5,303,3109.5,4
31,84,3,25,3,1,0,1,4,15,9,6,448,4037.6,18
31,85,3,26,4,1,0,0,18,4,15,8,320,2389.3,9
31,86,3,27,5,1,0,0,9,18,4,9,245,2454.5,4
31,87,3,28,6,0,1,0,4,9,18,9,324,2754.59,2
31,88,3,29,0,0,1,1,2,4,9,8,245,2370.7,2
31,89,3,30,1,1,0,1,2,2,4,7,414,3353.4,2
31,90,3,31,2,1,0,0,2,2,2,5,0,0,0
31,91,4,1,3,1,0,1,0,2,2,5,506,4207.7,9
31,92,4,2,4,1,0,1,9,0,2,4,268,2332.9,1
31,93,4,3,5,1,0,0,1,9,0,2,397,3501.7,1
31,94,4,4,6,0,1,0,1,1,9,2,403,3334.9,2
31,95,4,5,0,0,1,1,2,1,1,2,317,2959.7,11
31,96,4,6,1,0,1,0,11,2,1,3,237,2519.8,5
31,97,4,7,2,1,0,0,5,11,2,4,454,3771.6,2
31,98,4,8,3,1,0,0,2,5,11,4,444,4403.8,1
31,99,4,9,4,1,0,0,1,2,5,3,0,0,0
31,100,4,10,5,1,0,0,0,1,2,3,282,2332.5,4
31,101,4,11,6,0,1,0,4,0,1,3,361,3269.8,3
31,102,4,12,0,0,1,0,3,4,0,3,392,3141.1,4
31,103,4,13,1,1,0,0,4,3,4,2,323,2487.7,4
31,104,4,14,2,1,0,0,4,4,3,2,441,3606,2
31,105,4,15,3,1,0,0,2,4,4,2,563,4457.8,3
31,106,4,16,4,1,0,0,3,2,4,2,0,0,0
31,107,4,17,5,1,0,0,0,3,2,2,363,3506.7,8
31,108,4,18,6,0,1,0,8,0,3,3,390,3374.9,6
31,109,4,19,0,0,1,1,6,8,0,3,290,2944.24,3
31,110,4,20,1,1,0,1,3,6,8,3,354,4024.06,5
31,111,4,21,2,1,0,0,5,3,6,3,332,2732.7,4
31,112,4,22,3,1,0,0,4,5,3,4,574,5272.1,2
31,113,4,23,4,1,0,0,2,4,5,4,343,3031.3,3
31,114,4,24,5,1,0,0,3,2,4,4,350,3363.6,2
31,115,4,25,6,0,1,1,2,3,2,3,336,2781.6,3
31,116,4,26,0,0,1,0,3,2,3,3,465,4254.9,8
31,117,4,27,1,1,0,1,8,3,2,3,323,2286.4,7
31,118,4,28,2,1,0,1,7,8,3,4,282,2511,2
31,119,4,29,3,1,0,1,2,7,8,3,552,5407.9,7
31,120,4,30,4,1,0,0,7,2,7,4,376,3196.5,5
32,1,1,1,4,0,1,0,0,0,0,0,313,2765.8,2
32,2,1,2,5,0,1,0,2,0,0,0,338,3253.5,0
32,3,1,3,6,0,1,0,0,2,0,0,283,2400,1
32,4,1,4,0,0,1,0,1,0,2,0,343,2521.6,0
32,5,1,5,1,1,0,0,0,1,0,0,381,3026.9,1
32,6,1,6,2,1,0,0,1,0,1,0,408,3971.4,1
32,7,1,7,3,1,0,0,1,1,0,0,506,5036.5,1
32,8,1,8,4,1,0,0,1,1,1,0,348,3020.9,0
32,9,1,9,5,1,0,0,0,1,1,0,351,2778.3,0
32,10,1,10,6,0,1,0,0,0,1,0,372,3400.4,0
32,11,1,11,0,0,1,0,0,0,0,0,347,3027.7,2
32,12,1,12,1,1,0,0,2,0,0,0,346,3602.9,0
32,13,1,13,2,1,0,0,0,2,0,0,372,2734.6,0
32,14,1,14,3,1,0,0,0,0,2,0,433,4843.7,0
32,15,1,15,4,1,0,0,0,0,0,0,365,2747.53,0
32,16,1,16,5,1,0,0,0,0,0,0,399,3266.1,1
32,17,1,17,6,0,1,0,1,0,0,0,347,2963.5,2
32,18,1,18,0,0,1,0,2,1,0,0,411,3583.8,2
32,19,1,19,1,1,0,0,2,2,1,0,523,5109.34,0
32,20,1,20,2,1,0,0,0,2,2,0,411,3398.1,0
32,21,1,21,3,1,0,0,0,0,2,0,591,5471.6,0
32,22,1,22,4,1,0,0,0,0,0,0,406,3187.54,0
32,23,1,23,5,1,0,0,0,0,0,0,380,4228.8,1
32,24,1,24,6,0,1,0,1,0,0,0,330,3586.2,0
32,25,1,25,0,0,1,0,0,1,0,0,379,3600,0
32,26,1,26,1,1,0,0,0,0,1,0,400,3768.6,2
32,27,1,27,2,1,0,0,2,0,0,0,401,3860.63,2
32,28,1,28,3,1,0,0,2,2,0,0,685,6867,0
32,29,1,29,4,1,0,0,0,2,2,0,359,2962.93,0
32,30,1,30,5,1,0,0,0,0,2,0,305,2781,0
32,31,1,31,6,0,1,0,0,0,0,0,467,4427.62,0
32,32,2,1,0,0,1,0,0,0,0,0,383,3726.9,0
32,33,2,2,1,1,0,0,0,0,0,0,378,3724.43,0
32,34,2,3,2,1,0,0,0,0,0,0,420,16069.9,1
32,35,2,4,3,1,0,0,1,0,0,0,9,45.7,0
32,36,2,5,4,1,0,0,0,1,0,0,292,3711.89,1
32,37,2,6,5,1,0,0,1,0,1,0,357,4059.9,0
32,38,2,7,6,0,1,0,0,1,0,0,337,3226.6,0
32,39,2,8,0,0,1,0,0,0,1,0,326,3500.7,1
32,40,2,9,1,1,0,1,1,0,0,0,516,7401.2,2
32,41,2,10,2,1,0,0,2,1,0,0,381,5229.9,0
32,42,2,11,3,1,0,0,0,2,1,0,505,8437.99,0
32,43,2,12,4,1,0,0,0,0,2,0,432,4557.6,0
32,44,2,13,5,1,0,0,0,0,0,0,429,6608.8,0
32,45,2,14,6,0,1,0,0,0,0,0,0,0,0
32,46,2,15,0,1,0,0,0,0,0,0,503,7037.43,0
32,47,2,16,1,1,0,0,0,0,0,0,779,11571.1,0
32,48,2,17,2,1,0,0,0,0,0,0,758,10792,2
32,49,2,18,3,0,1,0,2,0,0,0,946,14565.3,1
32,50,2,19,4,0,1,0,1,2,0,0,85,1636.9,0
32,51,2,20,5,0,1,0,0,1,2,0,93,1572.1,0
32,52,2,21,6,0,1,0,0,0,1,0,240,3076,0
32,53,2,22,0,0,1,0,0,0,0,0,219,2954.4,0
32,54,2,23,1,0,1,0,0,0,0,0,194,2119.5,1
32,55,2,24,2,0,1,0,1,0,0,0,317,3321.8,0
32,56,2,25,3,1,0,0,0,1,0,0,296,2467.6,0
32,57,2,26,4,1,0,0,0,0,1,0,218,1780.6,0
32,58,2,27,5,1,0,0,0,0,0,0,255,2218.53,1
32,59,2,28,6,0,1,0,1,0,0,0,283,2541.7,0
32,60,3,1,0,0,1,0,0,1,0,0,304,3275.7,0
32,61,3,2,1,1,0,0,0,0,1,0,298,2323.1,1
32,62,3,3,2,1,0,0,1,0,0,0,264,2230.1,0
32,63,3,4,3,1,0,0,0,1,0,0,468,4039.5,0
32,64,3,5,4,1,0,0,0,0,1,0,251,2457.4,0
32,65,3,6,5,1,0,0,0,0,0,0,303,2687.5,1
32,66,3,7,6,0,1,0,1,0,0,0,211,2560.4,0
32,67,3,8,0,0,1,0,0,1,0,0,294,2894.09,0
32,68,3,9,1,1,0,0,0,0,1,0,335,3365.8,1
32,69,3,10,2,1,0,0,1,0,0,0,262,2173.7,1
32,70,3,11,3,1,0,0,1,1,0,0,454,3620.97,2
32,71,3,12,4,1,0,0,2,1,1,0,344,2695.4,0
32,72,3,13,5,1,0,0,0,2,1,0,327,2370.4,0
32,73,3,14,6,0,1,0,0,0,2,0,438,3333.91,0
32,74,3,15,0,0,1,0,0,0,0,0,312,2494.6,0
32,75,3,16,1,1,0,0,0,0,0,0,324,2677.1,0
32,76,3,17,2,1,0,0,0,0,0,0,286,2552.6,1
32,77,3,18,3,1,0,0,1,0,0,0,526,4602.06,1
32,78,3,19,4,1,0,0,1,1,0,0,314,2189.6,0
32,79,3,20,5,1,0,1,0,1,1,0,215,2053.2,1
32,80,3,21,6,0,1,0,1,0,1,0,338,3317,0
32,81,3,22,0,0,1,0,0,1,0,0,300,2548.7,0
32,82,3,23,1,1,0,0,0,0,1,0,380,3395.91,1
32,83,3,24,2,1,0,0,1,0,0,0,303,3109.5,3
32,84,3,25,3,1,0,0,3,1,0,0,448,4037.6,0
32,85,3,26,4,1,0,0,0,3,1,0,320,2389.3,0
32,86,3,27,5,1,0,0,0,0,3,0,245,2454.5,1
32,87,3,28,6,0,1,0,1,0,0,0,324,2754.59,0
32,88,3,29,0,0,1,0,0,1,0,0,245,2370.7,0
32,89,3,30,1,1,0,0,0,0,1,0,414,3353.4,1
32,90,3,31,2,1,0,0,1,0,0,0,0,0,0
32,91,4,1,3,1,0,0,0,1,0,0,506,4207.7,0
32,92,4,2,4,1,0,0,0,0,1,0,268,2332.9,0
32,93,4,3,5,1,0,0,0,0,0,0,397,3501.7,0
32,94,4,4,6,0,1,0,0,0,0,0,403,3334.9,1
32,95,4,5,0,0,1,0,1,0,0,0,317,2959.7,0
32,96,4,6,1,0,1,0,0,1,0,0,237,2519.8,0
32,97,4,7,2,1,0,0,0,0,1,0,454,3771.6,0
32,98,4,8,3,1,0,0,0,0,0,0,444,4403.8,0
32,99,4,9,4,1,0,0,0,0,0,0,0,0,0
32,100,4,10,5,1,0,0,0,0,0,0,282,2332.5,1
32,101,4,11,6,0,1,0,1,0,0,0,361,3269.8,0
32,102,4,12,0,0,1,0,0,1,0,0,392,3141.1,1
32,103,4,13,1,1,0,0,1,0,1,0,323,2487.7,0
32,104,4,14,2,1,0,0,0,1,0,0,441,3606,1
32,105,4,15,3,1,0,0,1,0,1,0,563,4457.8,0
32,106,4,16,4,1,0,0,0,1,0,0,0,0,0
32,107,4,17,5,1,0,0,0,0,1,0,363,3506.7,0
32,108,4,18,6,0,1,0,0,0,0,0,390,3374.9,0
32,109,4,19,0,0,1,0,0,0,0,0,290,2944.24,0
32,110,4,20,1,1,0,0,0,0,0,0,354,4024.06,1
32,111,4,21,2,1,0,0,1,0,0,0,332,2732.7,0
32,112,4,22,3,1,0,0,0,1,0,0,574,5272.1,0
32,113,4,23,4,1,0,0,0,0,1,0,343,3031.3,1
32,114,4,24,5,1,0,0,1,0,0,0,350,3363.6,0
32,115,4,25,6,0,1,0,0,1,0,0,336,2781.6,0
32,116,4,26,0,0,1,0,0,0,1,0,465,4254.9,0
32,117,4,27,1,1,0,0,0,0,0,0,323,2286.4,1
32,118,4,28,2,1,0,0,1,0,0,0,282,2511,0
32,119,4,29,3,1,0,0,0,1,0,0,552,5407.9,0
32,120,4,30,4,1,0,0,0,0,1,0,376,3196.5,0
33,1,1,1,4,0,1,0,0,0,0,0,313,2765.8,3
33,2,1,2,5,0,1,0,3,0,0,0,338,3253.5,3
33,3,1,3,6,0,1,0,3,3,0,0,283,2400,2
33,4,1,4,0,0,1,0,2,3,3,1,343,2521.6,5
33,5,1,5,1,1,0,0,5,2,3,1,381,3026.9,1
33,6,1,6,2,1,0,0,1,5,2,2,408,3971.4,5
33,7,1,7,3,1,0,0,5,1,5,2,506,5036.5,4
33,8,1,8,4,1,0,0,4,5,1,3,348,3020.9,1
33,9,1,9,5,1,0,0,1,4,5,3,351,2778.3,2
33,10,1,10,6,0,1,0,2,1,4,2,372,3400.4,6
33,11,1,11,0,0,1,0,6,2,1,3,347,3027.7,6
33,12,1,12,1,1,0,0,6,6,2,3,346,3602.9,1
33,13,1,13,2,1,0,0,1,6,6,3,372,2734.6,3
33,14,1,14,3,1,0,0,3,1,6,3,433,4843.7,1
33,15,1,15,4,1,0,0,1,3,1,2,365,2747.53,0
33,16,1,16,5,1,0,0,0,1,3,2,399,3266.1,3
33,17,1,17,6,0,1,0,3,0,1,2,347,2963.5,1
33,18,1,18,0,0,1,0,1,3,0,2,411,3583.8,3
33,19,1,19,1,1,0,0,3,1,3,1,523,5109.34,5
33,20,1,20,2,1,0,0,5,3,1,2,411,3398.1,0
33,21,1,21,3,1,0,0,0,5,3,1,591,5471.6,1
33,22,1,22,4,1,0,0,1,0,5,1,406,3187.54,8
33,23,1,23,5,1,0,0,8,1,0,3,380,4228.8,5
33,24,1,24,6,0,1,0,5,8,1,3,330,3586.2,5
33,25,1,25,0,0,1,0,5,5,8,3,379,3600,0
33,26,1,26,1,1,0,0,0,5,5,3,400,3768.6,8
33,27,1,27,2,1,0,0,8,0,5,3,401,3860.63,0
33,28,1,28,3,1,0,0,0,8,0,3,685,6867,1
33,29,1,29,4,1,0,1,1,0,8,3,359,2962.93,6
33,30,1,30,5,1,0,0,6,1,0,3,305,2781,3
33,31,1,31,6,0,1,0,3,6,1,3,467,4427.62,3
33,32,2,1,0,0,1,0,3,3,6,3,383,3726.9,4
33,33,2,2,1,1,0,0,4,3,3,3,378,3724.43,0
33,34,2,3,2,1,0,0,0,4,3,2,420,16069.9,1
33,35,2,4,3,1,0,0,1,0,4,2,9,45.7,0
33,36,2,5,4,1,0,0,0,1,0,2,292,3711.89,1
33,37,2,6,5,1,0,0,1,0,1,1,357,4059.9,5
33,38,2,7,6,0,1,0,5,1,0,2,337,3226.6,3
33,39,2,8,0,0,1,0,3,5,1,2,326,3500.7,3
33,40,2,9,1,1,0,0,3,3,5,1,516,7401.2,4
33,41,2,10,2,1,0,0,4,3,3,2,381,5229.9,1
33,42,2,11,3,1,0,0,1,4,3,2,505,8437.99,0
33,43,2,12,4,1,0,0,0,1,4,2,432,4557.6,1
33,44,2,13,5,1,0,0,1,0,1,2,429,6608.8,2
33,45,2,14,6,0,1,0,2,1,0,2,0,0,0
33,46,2,15,0,1,0,1,0,2,1,1,503,7037.43,4
33,47,2,16,1,1,0,0,4,0,2,1,779,11571.1,4
33,48,2,17,2,1,0,1,4,4,0,1,758,10792,6
33,49,2,18,3,0,1,1,6,4,4,2,946,14565.3,6
33,50,2,19,4,0,1,0,6,6,4,3,85,1636.9,0
33,51,2,20,5,0,1,0,0,6,6,3,93,1572.1,1
33,52,2,21,6,0,1,0,1,0,6,3,240,3076,0
33,53,2,22,0,0,1,0,0,1,0,3,219,2954.4,0
33,54,2,23,1,0,1,1,0,0,1,2,194,2119.5,9
33,55,2,24,2,0,1,0,9,0,0,3,317,3321.8,6
33,56,2,25,3,1,0,0,6,9,0,3,296,2467.6,0
33,57,2,26,4,1,0,0,0,6,9,2,218,1780.6,0
33,58,2,27,5,1,0,0,0,0,6,2,255,2218.53,1
33,59,2,28,6,0,1,0,1,0,0,2,283,2541.7,0
33,60,3,1,0,0,1,0,0,1,0,2,304,3275.7,1
33,61,3,2,1,1,0,0,1,0,1,2,298,2323.1,3
33,62,3,3,2,1,0,0,3,1,0,1,264,2230.1,0
33,63,3,4,3,1,0,1,0,3,1,0,468,4039.5,8
33,64,3,5,4,1,0,1,8,0,3,1,251,2457.4,3
33,65,3,6,5,1,0,0,3,8,0,2,303,2687.5,6
33,66,3,7,6,0,1,0,6,3,8,3,211,2560.4,1
33,67,3,8,0,0,1,0,1,6,3,3,294,2894.09,6
33,68,3,9,1,1,0,0,6,1,6,3,335,3365.8,0
33,69,3,10,2,1,0,0,0,6,1,3,262,2173.7,0
33,70,3,11,3,1,0,0,0,0,6,3,454,3620.97,0
33,71,3,12,4,1,0,0,0,0,0,2,344,2695.4,1
33,72,3,13,5,1,0,0,1,0,0,2,327,2370.4,2
33,73,3,14,6,0,1,0,2,1,0,1,438,3333.91,2
33,74,3,15,0,0,1,0,2,2,1,1,312,2494.6,6
33,75,3,16,1,1,0,0,6,2,2,1,324,2677.1,3
33,76,3,17,2,1,0,0,3,6,2,2,286,2552.6,0
33,77,3,18,3,1,0,0,0,3,6,2,526,4602.06,1
33,78,3,19,4,1,0,0,1,0,3,2,314,2189.6,4
33,79,3,20,5,1,0,0,4,1,0,2,215,2053.2,1
33,80,3,21,6,0,1,0,1,4,1,2,338,3317,1
33,81,3,22,0,0,1,0,1,1,4,2,300,2548.7,0
33,82,3,23,1,1,0,0,0,1,1,1,380,3395.91,0
33,83,3,24,2,1,0,0,0,0,1,1,303,3109.5,1
33,84,3,25,3,1,0,0,1,0,0,1,448,4037.6,5
33,85,3,26,4,1,0,0,5,1,0,1,320,2389.3,1
33,86,3,27,5,1,0,0,1,5,1,1,245,2454.5,2
33,87,3,28,6,0,1,0,2,1,5,1,324,2754.59,5
33,88,3,29,0,0,1,0,5,2,1,2,245,2370.7,1
33,89,3,30,1,1,0,0,1,5,2,2,414,3353.4,3
33,90,3,31,2,1,0,0,3,1,5,2,0,0,0
33,91,4,1,3,1,0,0,0,3,1,2,506,4207.7,2
33,92,4,2,4,1,0,0,2,0,3,2,268,2332.9,3
33,93,4,3,5,1,0,0,3,2,0,2,397,3501.7,0
33,94,4,4,6,0,1,0,0,3,2,2,403,3334.9,0
33,95,4,5,0,0,1,0,0,0,3,1,317,2959.7,1
33,96,4,6,1,0,1,0,1,0,0,1,237,2519.8,2
33,97,4,7,2,1,0,0,2,1,0,1,454,3771.6,0
33,98,4,8,3,1,0,0,0,2,1,1,444,4403.8,1
33,99,4,9,4,1,0,0,1,0,2,1,0,0,0
33,100,4,10,5,1,0,0,0,1,0,0,282,2332.5,2
33,101,4,11,6,0,1,0,2,0,1,0,361,3269.8,0
33,102,4,12,0,0,1,0,0,2,0,0,392,3141.1,1
33,103,4,13,1,1,0,0,1,0,2,0,323,2487.7,0
33,104,4,14,2,1,0,0,0,1,0,0,441,3606,5
33,105,4,15,3,1,0,0,5,0,1,1,563,4457.8,1
33,106,4,16,4,1,0,0,1,5,0,1,0,0,0
33,107,4,17,5,1,0,0,0,1,5,1,363,3506.7,1
33,108,4,18,6,0,1,0,1,0,1,1,390,3374.9,0
33,109,4,19,0,0,1,0,0,1,0,1,290,2944.24,0
33,110,4,20,1,1,0,0,0,0,1,1,354,4024.06,0
33,111,4,21,2,1,0,0,0,0,0,1,332,2732.7,1
33,112,4,22,3,1,0,0,1,0,0,0,574,5272.1,8
33,113,4,23,4,1,0,0,8,1,0,1,343,3031.3,0
33,114,4,24,5,1,0,1,0,8,1,1,350,3363.6,5
33,115,4,25,6,0,1,0,5,0,8,2,336,2781.6,2
33,116,4,26,0,0,1,0,2,5,0,2,465,4254.9,2
33,117,4,27,1,1,0,0,2,2,5,2,323,2286.4,2
33,118,4,28,2,1,0,1,2,2,2,2,282,2511,1
33,119,4,29,3,1,0,0,1,2,2,2,552,5407.9,0
33,120,4,30,4,1,0,0,0,1,2,1,376,3196.5,3
34,1,1,1,4,0,1,1,0,0,0,0,313,2765.8,2
34,2,1,2,5,0,1,0,2,0,0,0,338,3253.5,1
34,3,1,3,6,0,1,0,1,2,0,0,283,2400,0
34,4,1,4,0,0,1,0,0,1,2,0,343,2521.6,1
34,5,1,5,1,1,0,0,1,0,1,0,381,3026.9,2
34,6,1,6,2,1,0,1,2,1,0,0,408,3971.4,5
34,7,1,7,3,1,0,0,5,2,1,1,506,5036.5,3
34,8,1,8,4,1,0,0,3,5,2,2,348,3020.9,0
34,9,1,9,5,1,0,0,0,3,5,1,351,2778.3,0
34,10,1,10,6,0,1,0,0,0,3,1,372,3400.4,0
34,11,1,11,0,0,1,1,0,0,0,1,347,3027.7,2
34,12,1,12,1,1,0,1,2,0,0,1,346,3602.9,5
34,13,1,13,2,1,0,0,5,2,0,2,372,2734.6,2
34,14,1,14,3,1,0,1,2,5,2,1,433,4843.7,5
34,15,1,15,4,1,0,0,5,2,5,2,365,2747.53,0
34,16,1,16,5,1,0,1,0,5,2,2,399,3266.1,8
34,17,1,17,6,0,1,1,8,0,5,3,347,2963.5,4
34,18,1,18,0,0,1,1,4,8,0,3,411,3583.8,2
34,19,1,19,1,1,0,1,2,4,8,3,523,5109.34,5
34,20,1,20,2,1,0,0,5,2,4,3,411,3398.1,5
34,21,1,21,3,1,0,1,5,5,2,4,591,5471.6,6
34,22,1,22,4,1,0,1,6,5,5,4,406,3187.54,3
34,23,1,23,5,1,0,0,3,6,5,4,380,4228.8,1
34,24,1,24,6,0,1,1,1,3,6,3,330,3586.2,5
34,25,1,25,0,0,1,1,5,1,3,3,379,3600,6
34,26,1,26,1,1,0,0,6,5,1,4,400,3768.6,1
34,27,1,27,2,1,0,1,1,6,5,3,401,3860.63,3
34,28,1,28,3,1,0,0,3,1,6,3,685,6867,0
34,29,1,29,4,1,0,0,0,3,1,2,359,2962.93,0
34,30,1,30,5,1,0,0,0,0,3,2,305,2781,0
34,31,1,31,6,0,1,1,0,0,0,2,467,4427.62,5
34,32,2,1,0,0,1,1,5,0,0,2,383,3726.9,8
34,33,2,2,1,1,0,0,8,5,0,2,378,3724.43,3
34,34,2,3,2,1,0,1,3,8,5,2,420,16069.9,1
34,35,2,4,3,1,0,0,1,3,8,2,9,45.7,0
34,36,2,5,4,1,0,1,0,1,3,2,292,3711.89,3
34,37,2,6,5,1,0,0,3,0,1,2,357,4059.9,0
34,38,2,7,6,0,1,1,0,3,0,2,337,3226.6,3
34,39,2,8,0,0,1,1,3,0,3,2,326,3500.7,3
34,40,2,9,1,1,0,0,3,3,0,1,516,7401.2,1
34,41,2,10,2,1,0,1,1,3,3,1,381,5229.9,3
34,42,2,11,3,1,0,1,3,1,3,1,505,8437.99,2
34,43,2,12,4,1,0,0,2,3,1,2,432,4557.6,3
34,44,2,13,5,1,0,0,3,2,3,2,429,6608.8,3
34,45,2,14,6,0,1,0,3,3,2,2,0,0,0
34,46,2,15,0,1,0,0,0,3,3,2,503,7037.43,1
34,47,2,16,1,1,0,1,1,0,3,1,779,11571.1,8
34,48,2,17,2,1,0,1,8,1,0,2,758,10792,5
34,49,2,18,3,0,1,1,5,8,1,3,946,14565.3,15
34,50,2,19,4,0,1,0,15,5,8,5,85,1636.9,0
34,51,2,20,5,0,1,0,0,15,5,4,93,1572.1,1
34,52,2,21,6,0,1,0,1,0,15,4,240,3076,1
34,53,2,22,0,0,1,0,1,1,0,4,219,2954.4,0
34,54,2,23,1,0,1,0,0,1,1,4,194,2119.5,1
34,55,2,24,2,0,1,0,1,0,1,3,317,3321.8,2
34,56,2,25,3,1,0,0,2,1,0,2,296,2467.6,2
34,57,2,26,4,1,0,0,2,2,1,1,218,1780.6,2
34,58,2,27,5,1,0,1,2,2,2,1,255,2218.53,4
34,59,2,28,6,0,1,1,4,2,2,1,283,2541.7,2
34,60,3,1,0,0,1,0,2,4,2,1,304,3275.7,1
34,61,3,2,1,1,0,0,1,2,4,2,298,2323.1,1
34,62,3,3,2,1,0,0,1,1,2,2,264,2230.1,2
34,63,3,4,3,1,0,1,2,1,1,2,468,4039.5,6
34,64,3,5,4,1,0,0,6,2,1,2,251,2457.4,0
34,65,3,6,5,1,0,1,0,6,2,2,303,2687.5,1
34,66,3,7,6,0,1,1,1,0,6,1,211,2560.4,4
34,67,3,8,0,0,1,0,4,1,0,2,294,2894.09,0
34,68,3,9,1,1,0,0,0,4,1,2,335,3365.8,1
34,69,3,10,2,1,0,0,1,0,4,2,262,2173.7,0
34,70,3,11,3,1,0,0,0,1,0,1,454,3620.97,2
34,71,3,12,4,1,0,0,2,0,1,1,344,2695.4,1
34,72,3,13,5,1,0,0,1,2,0,1,327,2370.4,5
34,73,3,14,6,0,1,0,5,1,2,1,438,3333.91,4
34,74,3,15,0,0,1,0,4,5,1,1,312,2494.6,0
34,75,3,16,1,1,0,0,0,4,5,1,324,2677.1,1
34,76,3,17,2,1,0,1,1,0,4,1,286,2552.6,3
34,77,3,18,3,1,0,1,3,1,0,2,526,4602.06,3
34,78,3,19,4,1,0,0,3,3,1,2,314,2189.6,1
34,79,3,20,5,1,0,1,1,3,3,2,215,2053.2,4
34,80,3,21,6,0,1,0,4,1,3,2,338,3317,4
34,81,3,22,0,0,1,1,4,4,1,2,300,2548.7,1
34,82,3,23,1,1,0,1,1,4,4,2,380,3395.91,1
34,83,3,24,2,1,0,1,1,1,4,2,303,3109.5,3
34,84,3,25,3,1,0,1,3,1,1,2,448,4037.6,2
34,85,3,26,4,1,0,1,2,3,1,2,320,2389.3,4
34,86,3,27,5,1,0,0,4,2,3,2,245,2454.5,0
34,87,3,28,6,0,1,0,0,4,2,2,324,2754.59,0
34,88,3,29,0,0,1,0,0,0,4,1,245,2370.7,1
34,89,3,30,1,1,0,0,1,0,0,1,414,3353.4,7
34,90,3,31,2,1,0,0,7,1,0,2,0,0,0
34,91,4,1,3,1,0,0,0,7,1,2,506,4207.7,4
34,92,4,2,4,1,0,0,4,0,7,2,268,2332.9,1
34,93,4,3,5,1,0,0,1,4,0,1,397,3501.7,3
34,94,4,4,6,0,1,0,3,1,4,2,403,3334.9,2
34,95,4,5,0,0,1,1,2,3,1,2,317,2959.7,3
34,96,4,6,1,0,1,0,3,2,3,2,237,2519.8,1
34,97,4,7,2,1,0,0,1,3,2,2,454,3771.6,5
34,98,4,8,3,1,0,1,5,1,3,2,444,4403.8,2
34,99,4,9,4,1,0,0,2,5,1,2,0,0,0
34,100,4,10,5,1,0,0,0,2,5,2,282,2332.5,2
34,101,4,11,6,0,1,0,2,0,2,2,361,3269.8,2
34,102,4,12,0,0,1,0,2,2,0,2,392,3141.1,3
34,103,4,13,1,1,0,0,3,2,2,2,323,2487.7,1
34,104,4,14,2,1,0,1,1,3,2,2,441,3606,7
34,105,4,15,3,1,0,0,7,1,3,2,563,4457.8,1
34,106,4,16,4,1,0,0,1,7,1,2,0,0,0
34,107,4,17,5,1,0,1,0,1,7,2,363,3506.7,3
34,108,4,18,6,0,1,0,3,0,1,2,390,3374.9,1
34,109,4,19,0,0,1,1,1,3,0,2,290,2944.24,2
34,110,4,20,1,1,0,1,2,1,3,2,354,4024.06,5
34,111,4,21,2,1,0,0,5,2,1,2,332,2732.7,1
34,112,4,22,3,1,0,1,1,5,2,1,574,5272.1,3
34,113,4,23,4,1,0,0,3,1,5,2,343,3031.3,1
34,114,4,24,5,1,0,1,1,3,1,2,350,3363.6,2
34,115,4,25,6,0,1,0,2,1,3,2,336,2781.6,4
34,116,4,26,0,0,1,0,4,2,1,2,465,4254.9,2
34,117,4,27,1,1,0,0,2,4,2,2,323,2286.4,2
34,118,4,28,2,1,0,1,2,2,4,2,282,2511,4
34,119,4,29,3,1,0,1,4,2,2,2,552,5407.9,12
34,120,4,30,4,1,0,0,12,4,2,3,376,3196.5,4
