±àÂë,¿Í»§Á¿
1001,3,6,7,5,9,5,28,7,4,4,3,12,5,16,9,9,3,5,4,9,25,6,7,2,5,13,12,35,9,4,6,5,5,9,30,10,4,1,10,8,14,25,6,6,1,15,9,16,9,1,0,2,4,2,1,0,2,3,4,8,9,8,12,9,3,5,5,13,5,10,5,6,10,9,6,11,20,5,3,1,4,2,6,22,7,3,3,5,6,8,17,10,5,9,7,7,10,13,12,8,9,16,6,4,20,9,8,4,6,6,7,20,6,13,4,8,3,10,14,11
1002,0,0,0,0,1,0,1,1,0,0,0,0,0,0,0,0,0,0,0,0,0,0,1,0,1,0,0,0,0,0,1,2,0,0,1,0,1,0,0,0,2,2,0,2,0,1,2,0,0,0,0,0,1,0,0,0,0,0,0,0,0,0,0,0,0,0,0,0,0,1,0,0,0,0,0,0,0,0,0,0,0,0,0,1,0,0,0,0,1,0,2,0,0,0,2,0,0,0,0,0,0,1,0,0,0,0,0,0,0,0,1,2,0,1,1,1,0,0,0,0
1004,1,3,3,2,1,1,6,1,1,0,3,1,0,3,3,1,2,0,1,1,7,6,0,0,3,0,2,5,2,1,2,0,3,2,7,1,0,0,1,0,3,9,6,4,0,3,3,2,1,0,0,0,1,2,0,0,0,1,0,0,5,2,4,1,1,1,1,2,1,5,1,2,3,3,1,0,1,0,0,1,4,0,1,0,3,1,1,1,2,4,3,2,0,1,0,1,7,4,3,1,0,3,0,4,5,2,2,2,1,7,5,6,1,1,3,1,2,0,4,4
1005,0,0,0,0,2,1,3,0,0,0,2,0,0,0,0,0,0,1,0,0,0,1,2,0,0,0,0,4,0,1,0,1,0,0,2,0,0,0,0,0,0,0,0,0,0,0,0,0,0,0,0,0,0,0,0,0,0,0,0,1,0,0,0,0,0,0,0,0,0,0,0,1,0,0,0,0,2,0,0,0,0,0,0,1,0,0,0,0,0,1,0,0,1,0,0,0,3,0,0,0,0,0,0,1,0,0,0,0,0,1,0,1,0,0,0,0,0,0,0,0
1099,0,0,0,0,0,0,0,0,0,0,0,0,0,0,0,1,0,0,0,0,1,1,0,0,0,2,0,0,0,0,0,0,0,0,0,0,0,0,0,0,0,0,0,0,0,0,0,0,0,0,0,1,0,0,0,0,0,0,1,0,0,0,0,0,0,0,0,0,0,0,1,0,0,0,0,0,0,0,0,0,0,0,0,0,0,0,0,0,1,0,0,0,0,0,0,0,0,0,0,0,0,0,1,0,0,0,0,0,0,0,0,0,0,0,0,0,0,0,0,0
1101,1,0,0,0,0,0,2,0,1,1,1,0,1,1,0,0,0,1,1,1,0,2,0,1,1,0,0,2,1,1,0,2,0,1,2,1,0,0,0,2,0,3,3,0,0,0,0,0,0,0,0,1,0,0,0,0,0,0,0,1,1,0,0,0,0,1,0,1,0,1,0,0,2,0,1,1,2,0,0,0,1,1,3,1,0,0,1,0,1,1,1,0,1,4,1,2,0,0,1,1,1,1,2,1,4,1,0,2,1,0,0,6,1,0,1,0,0,2,4,0
1102,0,0,0,0,0,0,1,1,0,0,0,0,0,0,0,0,0,0,0,0,0,0,1,0,0,0,0,2,0,0,0,0,0,2,2,2,1,0,1,0,1,3,0,1,0,0,0,1,0,0,0,0,0,0,0,0,0,0,0,1,2,0,4,0,0,0,0,0,1,2,0,0,1,0,0,0,2,2,0,3,0,0,3,1,2,0,1,0,0,2,3,0,2,1,0,0,1,2,0,0,0,0,1,0,1,0,0,0,0,1,1,3,1,0,2,0,0,1,4,0
1103,1,1,0,0,0,1,0,0,0,0,0,0,0,1,0,0,0,0,0,1,0,0,0,0,0,0,2,0,0,0,0,1,4,3,0,0,0,0,0,0,1,0,0,0,0,1,0,1,0,0,0,0,0,0,0,0,0,0,0,0,0,0,1,0,0,0,0,0,0,0,0,0,1,0,0,1,0,0,0,0,0,0,0,0,0,0,0,0,0,0,7,0,0,0,0,0,0,0,0,0,0,1,1,0,1,0,0,0,0,0,0,1,0,0,0,0,0,1,0,0
1201,64,66,52,71,115,96,105,87,63,63,94,110,85,85,88,103,82,111,139,128,142,106,82,75,95,111,102,161,75,84,99,68,109,88,121,74,75,77,73,115,78,81,93,67,61,95,125,109,122,14,17,46,55,42,88,81,52,74,50,80,91,78,85,67,64,37,72,90,77,99,89,95,148,68,84,85,124,86,43,59,73,105,66,111,68,54,72,40,99,76,145,60,81,91,68,58,86,105,81,72,92,89,100,83,112,82,92,93,79,109,82,148,83,109,78,111,111,72,116,50
1202,5,5,9,12,13,9,15,6,14,4,10,8,18,9,8,10,7,8,20,16,12,12,10,8,13,4,11,15,13,5,5,8,13,11,14,14,7,16,10,14,9,13,11,4,8,6,10,10,7,0,1,1,0,0,6,4,1,4,10,6,9,5,3,4,4,2,8,15,4,11,7,3,14,7,12,5,9,2,6,2,4,9,4,14,9,2,10,4,7,6,16,4,6,6,6,6,8,13,4,4,9,11,5,7,5,5,3,7,3,9,12,9,7,6,5,8,5,5,7,7
1203,33,27,18,21,32,37,24,34,26,30,21,18,23,42,19,27,25,33,42,37,52,26,28,33,30,34,16,43,13,30,20,33,27,19,31,16,31,24,23,32,24,20,29,23,17,27,35,27,42,5,11,10,13,9,21,20,14,13,25,25,21,5,40,17,24,19,27,26,24,54,29,26,34,35,33,38,84,26,21,26,17,51,31,50,16,21,23,17,34,33,37,32,29,15,16,11,36,49,39,18,27,44,27,57,57,36,35,36,13,26,26,49,33,21,21,37,32,19,53,18
1205,1,1,1,3,1,4,0,2,1,0,0,3,0,3,2,2,4,1,6,2,6,4,8,3,2,2,1,3,1,1,2,4,1,0,3,2,3,0,1,0,2,4,2,5,0,1,0,0,1,0,0,0,0,0,0,0,1,0,0,0,3,1,0,0,0,0,1,6,2,2,0,0,1,1,2,0,5,3,3,0,1,1,0,1,1,0,0,0,2,1,4,0,2,0,0,0,2,2,0,0,1,0,1,0,2,0,0,2,1,0,1,1,0,1,0,1,1,2,1,1
1301,2,4,1,2,3,4,4,4,2,2,2,2,2,1,3,1,5,6,1,7,4,0,4,0,5,2,2,4,3,4,6,1,2,5,3,1,3,1,1,4,4,3,3,2,2,2,2,4,0,1,0,3,1,1,2,4,1,0,4,0,6,0,3,3,2,1,1,2,1,1,4,4,1,1,0,6,1,3,0,1,1,2,2,1,2,0,3,0,5,3,0,5,3,7,1,0,4,0,4,0,6,2,4,3,3,3,6,1,2,2,4,2,2,5,3,5,1,2,3,2
1302,2,0,3,0,0,1,5,0,1,2,4,1,0,1,0,1,0,2,0,1,2,0,0,0,0,1,0,2,1,2,1,0,2,1,2,0,1,0,0,2,4,2,0,0,0,2,0,2,1,0,0,0,1,0,2,0,0,0,0,1,2,3,0,0,2,0,0,1,0,0,0,1,0,0,0,0,1,1,3,0,1,0,1,0,1,2,0,0,0,1,1,0,2,3,2,1,1,0,0,2,1,0,0,1,0,0,1,0,0,2,1,1,0,1,1,5,0,0,0,1
1306,0,0,0,0,0,0,0,0,0,0,1,0,1,0,3,2,0,0,2,1,1,3,1,1,0,0,1,3,1,1,1,0,1,0,1,0,1,1,0,0,1,0,0,0,0,1,0,1,0,0,0,0,0,0,0,0,0,0,0,0,1,0,0,0,0,0,0,0,1,0,1,0,0,0,0,1,0,0,0,0,0,0,0,0,0,0,1,0,2,0,8,0,0,0,0,3,1,0,0,0,0,1,0,1,2,0,0,1,1,0,0,2,0,0,0,0,0,1,1,2
1308,6,2,4,2,5,0,4,3,3,3,5,8,5,5,5,4,4,4,2,2,2,3,1,1,1,2,0,5,4,3,3,6,5,2,3,5,8,5,4,4,5,2,4,1,2,6,1,0,0,0,0,0,0,0,0,0,1,3,2,8,3,11,4,6,7,4,6,3,7,5,7,6,6,6,4,5,14,3,7,7,3,3,5,4,1,2,3,2,9,7,3,4,7,3,4,2,9,6,4,3,11,0,5,2,3,6,4,8,1,4,4,6,8,5,2,5,5,2,3,1
1501,1,2,3,2,1,3,6,2,3,1,3,6,0,7,0,2,0,0,3,2,2,5,5,0,2,2,2,3,12,3,1,1,2,5,2,7,2,4,7,1,4,2,2,5,2,3,10,4,10,1,2,0,2,2,6,3,0,4,1,0,0,1,2,1,2,0,6,3,4,3,5,5,5,2,1,1,3,4,2,2,3,3,4,3,4,2,1,2,3,3,6,2,2,5,1,0,2,4,2,2,5,2,3,1,3,2,2,0,5,5,5,3,3,2,0,5,4,5,5,2
1502,0,0,0,0,0,0,0,0,0,0,0,0,0,0,0,1,0,0,0,0,1,1,0,0,0,0,0,0,0,0,0,0,0,0,0,0,0,0,0,0,0,0,0,0,0,0,0,0,0,0,0,0,0,0,0,0,0,0,1,0,0,0,0,0,0,0,0,0,0,0,0,0,0,0,0,0,1,0,0,0,0,0,0,0,0,0,0,0,0,0,0,0,1,1,0,0,0,0,0,0,2,0,0,0,0,0,2,0,0,0,0,0,0,0,0,0,1,1,0,0
1503,1,0,0,1,4,1,1,2,1,0,0,0,0,0,3,0,0,0,3,0,0,1,1,0,0,0,0,2,1,0,0,1,0,0,1,0,0,1,1,2,2,1,0,2,1,1,1,1,1,0,0,1,0,2,0,0,0,0,1,0,0,0,0,0,0,0,0,0,1,3,0,0,0,0,0,0,1,0,0,0,0,0,0,0,0,1,0,0,0,0,0,0,1,0,0,0,0,0,0,0,1,0,0,2,1,0,1,0,2,1,2,2,0,0,0,0,0,1,1,1
1504,0,0,0,0,0,0,0,1,0,0,0,0,0,0,0,0,1,0,0,0,0,0,0,0,0,0,0,1,0,0,0,0,0,0,0,1,0,0,0,1,0,0,1,0,0,3,0,2,1,1,0,1,0,0,0,0,1,1,0,0,0,0,0,0,0,0,1,0,0,1,0,0,0,0,0,0,1,0,0,1,0,0,0,0,0,1,0,0,0,1,1,0,0,0,0,0,2,0,1,0,0,1,0,0,2,0,1,0,0,0,0,0,0,0,0,0,1,0,0,0
1505,9,7,5,2,8,5,13,13,10,5,8,8,10,14,8,3,8,13,16,9,13,7,16,11,11,10,8,12,7,7,14,6,12,11,11,9,10,13,10,8,11,11,10,12,10,10,12,8,21,3,1,7,6,6,14,9,5,8,7,6,4,6,9,1,9,6,6,6,7,9,13,7,15,8,5,12,6,6,6,12,8,12,4,11,10,6,17,13,12,7,11,7,13,18,10,7,10,16,12,22,10,14,9,22,25,12,12,12,8,12,14,19,13,13,11,17,13,16,26,19
1507,0,0,0,0,0,0,0,0,0,0,0,0,0,0,0,0,0,0,0,0,0,0,0,0,0,0,0,0,0,0,0,0,0,0,0,0,0,0,0,0,0,0,0,0,0,0,0,0,0,0,0,0,0,0,0,0,0,0,0,0,0,0,0,0,0,0,0,0,0,0,0,0,0,0,0,0,0,0,0,0,0,0,0,0,0,0,0,0,0,0,0,0,0,0,0,0,0,0,0,0,0,0,0,0,0,0,0,0,0,0,0,0,0,0,0,0,0,0,0,0
1508,1,1,1,2,4,1,0,4,0,0,1,0,1,0,0,2,0,1,2,1,1,2,1,1,2,0,0,1,0,1,1,0,2,2,0,1,1,1,0,2,1,0,0,1,0,0,0,3,2,0,0,0,0,0,3,0,1,2,2,0,1,0,1,4,1,0,0,3,1,0,1,0,1,1,1,0,0,1,3,0,0,0,0,2,0,0,2,1,0,0,3,0,2,1,1,0,1,1,1,1,1,0,1,2,4,1,1,0,0,3,1,2,1,1,0,1,0,1,1,0
1510,0,1,1,0,0,1,2,0,1,0,2,1,0,2,0,1,0,1,2,1,1,1,1,0,0,3,2,3,1,0,2,1,0,0,1,1,0,1,1,0,2,0,0,2,1,1,4,4,13,0,1,1,2,0,3,0,2,1,2,3,0,1,2,0,0,1,1,0,1,1,2,0,3,0,1,0,2,0,0,0,1,2,0,0,1,0,2,1,2,2,1,2,0,1,1,0,4,0,1,1,0,0,1,1,0,0,0,1,1,2,0,1,0,0,2,2,0,2,3,3
1511,0,0,1,0,0,0,0,0,0,0,0,0,0,0,0,0,1,1,0,0,0,0,0,0,1,2,0,0,0,0,0,0,0,0,0,0,0,0,0,0,0,0,0,0,0,0,0,0,0,0,0,0,0,0,0,0,0,0,0,0,0,1,0,1,0,0,0,0,0,0,0,0,0,1,0,0,0,0,0,0,0,0,0,0,0,0,1,0,0,0,0,0,0,0,0,0,1,0,0,0,0,1,0,0,0,0,0,0,0,0,0,0,0,0,0,0,0,0,0,0
1512,0,1,0,2,1,2,1,0,1,0,2,3,1,0,0,3,0,1,1,0,0,1,0,1,2,0,3,2,1,0,3,2,0,0,1,1,1,0,2,1,0,0,0,1,0,0,2,3,11,0,0,0,1,0,0,3,2,1,1,2,1,0,7,2,2,0,0,0,0,0,0,0,0,0,0,0,1,0,0,1,1,0,0,0,0,0,0,0,0,0,1,0,2,0,0,0,0,0,0,0,0,0,1,1,0,0,0,0,1,0,1,0,0,0,0,2,0,0,1,1
1513,0,0,2,1,0,0,0,0,0,0,0,0,0,1,0,0,1,2,2,0,2,0,0,0,1,0,0,3,0,0,0,0,0,2,2,0,1,0,0,1,0,1,0,0,0,0,1,0,1,0,0,0,0,0,0,0,2,0,0,0,1,1,0,0,0,0,0,3,1,0,1,0,0,0,1,0,0,0,0,2,0,0,0,1,0,0,1,0,1,0,2,0,0,0,0,2,0,0,2,1,0,0,1,0,6,1,3,0,0,0,2,0,0,0,0,0,0,1,1,0
1515,2,3,0,1,1,2,3,1,0,0,0,0,2,0,0,2,0,2,2,1,1,1,0,1,2,0,1,2,2,0,0,0,1,1,2,0,0,3,2,1,2,2,0,0,1,0,1,0,1,0,1,0,1,0,0,0,0,1,1,0,1,1,1,0,1,1,0,0,1,0,2,0,1,0,0,2,0,0,2,0,0,0,0,1,0,0,1,0,1,0,0,0,0,3,0,3,1,0,1,2,1,1,0,1,5,1,0,0,0,3,0,0,2,0,0,0,0,0,0,0
1516,0,0,0,0,0,0,0,0,0,0,0,0,0,0,0,0,0,0,0,0,0,0,0,0,0,0,0,0,0,0,0,0,0,0,0,0,0,0,0,0,0,0,0,0,0,0,0,0,0,0,0,0,0,0,0,0,0,0,0,0,0,0,0,0,0,0,0,0,0,0,0,0,0,0,0,0,0,0,0,0,0,0,0,0,0,0,0,0,0,0,0,0,0,0,0,0,0,0,0,0,0,0,0,0,0,1,0,0,0,0,0,0,3,0,2,1,5,1,4,1
1517,0,4,3,7,3,2,5,3,1,3,4,4,3,4,3,4,4,2,3,2,5,3,5,3,1,6,2,7,5,7,6,4,11,3,4,1,0,2,2,3,3,2,3,2,2,2,8,4,7,0,2,3,1,2,2,4,2,1,1,4,3,2,6,1,3,4,4,3,2,7,2,1,5,2,1,1,3,3,2,1,1,0,4,3,5,0,5,5,4,5,5,2,7,3,2,2,6,5,3,1,2,2,3,5,5,3,5,2,1,7,4,0,3,1,1,6,1,0,2,4
1518,6,8,3,4,7,8,13,6,10,8,11,10,9,19,6,3,5,5,16,10,13,8,6,13,11,6,10,14,9,8,12,4,6,10,17,6,15,2,7,10,10,20,9,9,5,11,23,12,18,5,4,8,17,3,6,8,2,3,7,10,5,5,11,6,8,7,9,8,3,8,7,3,9,2,8,7,12,6,9,9,8,10,11,15,6,2,7,13,8,13,10,4,8,9,6,8,15,6,9,2,12,7,9,16,17,7,11,14,9,18,7,23,5,14,17,15,7,8,17,13
1519,0,0,1,0,0,1,0,0,0,1,1,1,1,3,1,0,2,0,3,1,0,7,0,2,1,2,0,2,0,1,0,2,2,0,5,4,2,3,1,5,1,8,4,3,2,8,13,20,27,0,1,1,0,0,0,0,0,0,0,0,0,0,3,1,1,0,0,1,0,0,0,4,1,0,0,0,2,1,2,1,0,1,2,4,2,1,0,3,1,1,0,1,0,1,0,3,0,0,1,0,0,3,1,3,3,1,0,0,5,1,0,1,2,2,2,2,1,1,2,0
1521,10,6,8,2,4,10,22,11,6,12,13,16,12,9,8,6,11,6,12,9,15,11,7,8,9,11,7,14,7,12,6,13,14,10,14,5,9,10,10,12,17,14,9,9,7,18,18,20,11,0,1,4,4,4,8,7,9,12,11,6,4,12,13,6,9,4,7,17,7,8,6,4,8,8,6,3,13,7,2,5,5,16,9,16,5,4,8,6,11,9,14,9,5,8,2,3,9,13,9,7,4,14,9,11,12,7,6,10,11,12,8,11,5,9,6,12,8,6,9,3
2001,6,5,0,2,0,8,0,3,1,13,1,1,5,0,2,0,3,10,0,3,5,2,3,3,1,0,5,4,2,3,5,1,3,0,3,2,2,6,1,5,0,2,0,2,7,1,3,0,0,0,0,8,0,1,5,6,0,15,3,0,0,2,3,1,6,0,2,3,0,14,1,5,4,9,0,2,4,2,0,3,3,1,1,1,1,1,5,0,6,1,1,0,3,6,0,4,2,1,1,0,0,2,3,3,1,0,5,0,0,0,2,1,0,0,1,2,3,0,3,5
2002,3,5,1,1,2,3,6,1,5,1,5,4,4,5,2,2,1,0,2,0,3,4,3,3,4,2,1,4,2,1,2,5,2,3,2,2,1,0,1,2,1,0,2,1,0,1,4,2,4,0,0,0,1,2,1,0,1,1,1,1,1,2,3,1,4,0,1,2,2,0,2,3,1,3,2,2,5,6,1,1,2,0,2,4,4,1,2,0,2,2,1,0,2,1,3,4,3,2,1,2,2,2,3,2,1,0,4,3,2,0,2,2,0,0,0,2,0,2,0,2
2003,0,5,0,2,0,2,0,1,0,5,2,1,0,0,1,0,3,2,3,3,3,0,1,2,3,2,5,0,1,2,4,0,2,0,0,0,0,6,1,2,1,0,2,0,3,5,4,3,1,0,0,1,0,1,1,2,0,0,0,4,1,0,4,0,0,0,2,0,0,2,0,0,1,0,2,0,0,0,0,2,1,0,2,0,3,0,0,7,0,2,0,0,0,0,1,0,3,0,1,1,0,0,0,0,5,0,0,2,1,0,1,2,0,0,0,1,0,0,4,3
2004,0,0,0,0,0,0,0,0,0,0,0,0,0,0,0,0,0,0,0,0,0,0,0,0,0,0,0,0,0,0,0,0,0,0,0,0,0,0,0,0,0,0,0,0,0,0,0,0,0,0,0,0,0,0,0,0,0,0,0,0,0,0,0,0,0,0,0,0,0,0,0,0,0,0,1,0,0,0,0,0,0,0,0,0,0,0,0,0,0,0,0,0,0,0,1,0,0,0,0,0,0,0,0,0,0,0,0,0,0,0,0,0,0,0,0,1,0,0,0,0
2005,1,3,4,4,4,6,4,4,4,0,1,4,3,5,2,1,3,8,5,1,5,6,4,4,6,5,2,12,0,3,6,8,4,6,8,1,3,2,1,8,3,4,0,4,3,2,5,3,3,0,1,5,1,4,8,7,3,4,3,0,3,3,5,5,6,4,0,3,6,2,1,0,4,6,3,9,3,4,1,3,4,5,1,6,1,1,2,2,6,2,9,4,7,1,4,3,4,1,4,0,6,1,2,6,5,2,3,0,3,4,4,6,1,2,4,9,4,2,4,2
2006,6,3,5,10,11,6,12,9,5,6,1,10,8,14,8,8,7,7,12,10,17,9,12,5,2,10,11,6,10,3,15,12,9,3,6,4,4,4,6,6,12,6,4,7,3,3,14,8,8,0,2,3,0,2,3,2,5,2,4,2,2,5,5,5,5,2,1,5,3,7,7,5,1,4,5,6,5,7,3,2,1,2,3,9,0,3,4,0,10,2,6,3,4,1,6,1,2,3,3,5,3,4,5,4,4,2,2,3,2,7,2,3,2,9,4,2,6,9,11,2
2007,8,8,1,3,10,1,8,6,4,2,3,0,7,3,4,5,8,7,10,6,5,3,3,1,2,12,6,7,3,5,5,10,4,3,7,1,4,6,1,5,6,7,5,3,4,6,9,7,15,1,0,2,4,0,2,8,1,1,4,3,2,1,4,1,1,0,0,1,1,3,2,5,2,3,3,3,2,2,3,1,3,3,2,4,1,1,1,0,3,2,3,1,0,5,4,2,2,2,1,1,2,1,1,5,1,2,4,4,0,2,3,1,3,0,1,0,0,1,0,1
2008,7,3,6,12,6,5,10,7,8,5,2,3,7,3,5,5,4,2,7,3,7,6,0,3,8,6,7,12,10,5,3,3,8,7,13,2,5,6,4,5,6,14,10,8,5,12,16,10,2,2,1,4,1,0,1,2,5,5,0,5,0,3,11,0,4,1,4,8,2,7,2,2,8,2,5,5,5,1,1,2,2,9,3,4,4,1,2,2,3,4,2,0,7,4,10,3,5,7,3,4,0,4,3,3,8,2,4,6,9,4,7,4,1,2,4,11,4,4,3,4
2009,2,5,5,5,3,5,6,7,6,5,5,6,8,6,5,3,5,8,3,8,4,5,0,3,2,2,8,7,7,1,3,9,5,6,8,7,6,4,2,2,5,9,16,7,2,6,9,8,7,1,1,0,1,0,5,4,2,2,2,1,3,2,9,3,3,2,4,3,3,2,4,3,3,2,3,2,2,5,0,2,5,4,2,6,4,3,2,2,9,6,8,2,4,1,2,2,11,4,4,1,2,7,3,3,5,3,7,2,0,1,5,3,2,1,3,7,2,2,3,7
2010,0,2,1,0,3,3,4,0,1,1,2,1,1,4,1,0,1,0,2,1,4,3,1,1,2,1,3,5,1,2,2,2,3,2,5,3,1,1,3,2,4,5,5,4,1,2,7,3,2,0,0,1,1,0,1,1,0,1,1,2,2,0,0,2,1,3,1,0,1,2,0,0,1,0,0,2,1,0,0,0,0,4,0,1,2,2,1,0,0,0,2,1,0,1,2,0,0,2,0,2,0,0,1,1,0,2,1,2,0,3,2,3,4,2,2,1,0,1,3,0
2011,7,12,8,3,8,5,12,5,8,14,4,5,9,8,5,11,12,9,10,8,20,10,12,4,4,9,17,17,11,4,11,3,9,20,16,9,9,6,4,17,8,16,17,15,5,9,30,26,14,2,5,5,2,2,2,8,2,2,6,1,6,8,10,6,7,8,12,5,5,9,10,4,8,6,7,2,8,11,7,9,11,8,3,8,16,3,3,6,11,12,12,15,5,2,11,8,21,7,17,2,10,3,3,5,28,12,10,9,5,3,14,16,7,7,7,11,5,9,34,9
2012,0,0,0,0,1,1,2,1,0,0,0,1,0,0,0,1,3,1,4,0,1,1,0,0,0,0,0,0,1,2,2,0,1,0,1,2,0,0,0,0,2,2,2,2,0,3,2,0,1,0,0,1,0,1,0,1,0,0,1,2,1,1,0,1,1,0,2,1,1,0,3,0,0,0,1,1,0,1,1,1,1,1,0,2,0,0,0,0,2,0,2,0,0,2,1,1,1,1,1,0,1,2,0,0,2,1,1,2,0,1,0,0,1,0,0,0,0,0,1,0
2013,5,2,4,4,7,8,3,3,4,3,4,4,2,3,6,5,5,7,6,4,5,5,4,5,3,4,7,2,6,4,6,5,4,4,3,2,2,6,6,3,7,4,3,6,4,6,8,11,13,0,2,3,0,5,0,0,3,3,5,5,2,5,5,2,4,4,5,1,5,8,4,5,5,2,3,2,3,5,1,3,2,2,6,3,7,3,0,2,3,8,5,0,3,4,2,3,10,6,2,2,1,2,3,3,5,2,5,6,5,6,1,12,2,5,3,9,0,3,8,2
2014,4,3,5,11,7,6,12,5,6,6,6,7,13,7,9,4,4,7,7,10,8,7,12,5,3,5,4,15,11,3,7,6,1,7,11,8,13,5,8,9,7,7,0,13,8,8,14,16,9,0,2,12,5,5,3,4,5,4,7,6,6,5,10,14,4,2,2,11,2,9,5,1,2,4,3,5,14,6,1,5,0,11,2,3,13,1,1,11,6,3,10,8,5,3,3,1,4,6,8,5,1,10,14,5,11,7,5,2,4,9,7,8,6,14,6,10,1,4,5,8
2015,0,3,2,1,0,3,3,3,1,3,3,5,1,6,0,2,3,2,3,0,2,0,1,2,7,2,5,4,1,0,3,0,2,4,7,2,2,5,0,3,2,10,2,5,5,4,6,13,10,0,2,5,2,2,3,1,1,4,1,0,3,0,5,2,3,1,4,1,6,6,5,0,2,2,1,1,6,3,2,7,0,0,6,0,3,3,0,0,1,3,1,3,5,1,4,3,0,0,1,1,1,3,2,0,0,0,0,0,1,1,0,0,0,1,5,4,3,0,0,2
2101,4,2,0,0,0,1,0,1,0,2,0,0,0,0,1,1,0,1,0,0,1,0,0,0,1,0,1,0,0,1,2,1,0,1,0,0,1,0,0,0,0,0,0,0,0,1,0,3,0,0,0,0,0,0,1,0,0,0,0,0,0,1,2,0,1,6,0,1,0,1,0,0,0,0,0,0,0,1,0,0,0,0,0,0,1,0,1,1,0,0,2,0,0,0,3,0,0,0,0,0,1,1,0,1,0,0,0,0,1,1,0,0,0,1,0,0,1,0,1,0
2102,0,0,0,2,1,2,0,0,0,0,0,0,0,2,0,0,0,0,0,1,0,1,0,0,0,0,0,0,0,0,0,0,0,2,0,0,4,0,0,0,0,0,0,0,0,0,0,0,0,0,0,0,1,0,0,0,0,0,0,1,0,3,0,0,0,0,0,0,0,0,0,0,0,0,0,0,0,0,0,0,0,0,1,0,0,0,0,0,0,0,2,0,0,0,0,0,0,0,0,0,0,0,1,0,0,0,0,0,1,0,1,0,0,0,0,0,0,0,0,0
2103,1,0,0,2,2,0,0,0,2,0,0,0,0,1,0,0,1,0,3,1,1,0,3,0,0,0,2,1,0,0,0,0,1,0,0,0,1,0,0,1,0,0,0,0,0,0,0,3,0,0,0,0,0,0,1,0,5,0,1,0,1,2,0,1,0,0,0,2,0,2,0,0,1,0,0,3,0,0,1,1,0,0,2,0,0,0,0,0,0,1,1,0,0,0,0,1,0,1,0,1,0,1,3,0,0,1,1,2,1,0,0,1,2,0,0,0,0,0,1,0
2104,0,4,0,3,3,2,0,0,1,1,3,3,2,1,1,2,2,0,3,0,2,0,1,1,0,2,2,2,0,1,2,1,0,4,1,1,0,3,2,5,2,0,0,1,2,0,2,3,4,2,2,2,3,0,0,2,1,1,4,1,1,0,1,2,1,1,0,0,0,2,0,0,3,0,2,0,3,2,0,0,0,0,0,0,1,0,0,1,1,0,0,0,0,1,1,1,0,1,1,2,0,0,2,0,4,0,0,2,2,1,1,1,0,0,0,0,0,0,0,0
2105,4,1,3,1,1,2,0,1,3,4,1,1,0,3,0,1,3,0,3,0,3,4,1,0,3,0,5,2,1,1,6,1,1,3,8,0,6,3,4,10,9,15,2,6,3,10,14,3,6,3,1,3,0,0,3,2,0,0,0,0,1,4,1,0,0,0,0,0,0,0,1,0,2,1,4,1,0,0,0,5,0,0,0,0,2,3,2,0,0,1,2,1,4,0,1,1,3,2,1,0,1,0,1,0,1,1,2,2,2,0,1,0,1,3,0,1,2,1,3,1
2106,0,0,0,0,0,1,0,1,0,2,1,1,0,0,1,1,0,0,0,1,2,1,0,1,1,0,1,0,0,0,1,0,0,2,1,0,0,0,1,2,1,3,0,2,0,0,3,3,3,1,0,1,0,0,1,0,0,1,0,0,0,0,0,1,1,0,0,0,0,1,0,0,1,2,2,0,1,2,0,1,0,2,0,0,1,0,0,0,1,0,1,0,0,2,0,2,0,2,0,1,0,0,1,1,1,0,0,0,0,1,1,0,1,0,0,0,0,1,0,1
2107,0,1,0,0,0,0,0,0,0,0,0,0,0,0,0,2,0,0,0,0,0,0,0,0,0,0,0,0,0,0,0,0,0,0,0,0,0,0,0,2,0,0,0,6,0,0,0,1,1,1,0,0,0,0,0,0,0,0,0,0,0,0,0,0,0,0,0,0,0,0,0,0,0,0,0,0,0,0,1,0,0,0,1,0,0,0,0,0,0,0,0,0,0,0,0,0,0,0,0,0,0,0,0,0,0,0,0,0,0,0,0,0,0,0,0,0,0,0,0,0
2201,14,15,13,24,9,13,22,9,13,25,17,9,18,12,24,13,18,10,19,10,18,11,18,5,16,14,20,25,18,12,22,6,12,18,23,3,11,11,9,15,10,22,18,18,8,22,32,29,24,1,6,5,11,11,10,11,13,5,16,9,3,8,22,11,12,6,9,10,14,12,16,9,17,8,19,6,18,7,12,16,18,7,13,7,20,16,21,8,18,17,12,8,14,40,15,11,21,13,10,14,14,15,8,31,18,12,7,27,9,7,10,16,15,6,13,10,12,5,18,13
2202,7,8,8,14,7,10,18,22,9,9,13,4,10,17,22,14,8,13,6,15,23,11,13,10,15,16,10,27,7,11,18,14,8,20,25,24,14,10,23,20,11,24,10,21,8,26,36,38,48,2,2,6,6,8,10,9,5,11,8,14,14,8,16,2,14,7,13,10,7,21,12,11,18,10,13,10,21,7,6,14,11,13,9,19,16,5,12,14,20,12,15,8,17,17,9,2,16,16,11,14,13,18,15,23,21,13,9,34,19,13,11,23,15,14,16,14,9,7,26,23
2203,2,12,16,4,3,12,13,6,17,28,8,11,6,15,8,17,9,17,11,11,11,9,11,9,20,3,15,21,11,6,27,11,8,26,23,8,13,16,17,21,4,26,28,33,16,22,45,36,65,7,9,17,14,13,8,9,13,10,12,19,3,3,12,7,15,1,5,4,8,13,7,4,13,6,12,2,15,10,3,8,20,2,2,6,7,18,17,15,10,8,8,4,13,40,18,11,14,17,10,7,15,11,2,12,21,10,10,25,8,4,2,17,10,8,10,4,6,7,15,13
2204,4,6,2,8,6,5,2,4,3,4,3,4,2,5,0,4,3,3,9,6,10,4,3,2,5,3,5,15,5,4,6,3,3,4,8,2,8,9,5,13,2,1,4,7,5,9,18,13,27,1,1,1,3,6,3,7,0,5,6,1,1,5,9,1,3,6,3,4,7,6,1,6,3,5,0,1,8,0,3,9,1,2,8,13,4,5,4,2,7,12,13,2,10,8,9,6,17,5,3,9,6,8,8,3,7,5,3,5,5,3,4,11,8,2,4,4,3,1,10,6
2205,4,7,11,13,6,10,15,8,12,6,13,5,13,10,15,17,8,9,12,10,22,7,9,5,10,14,5,14,7,10,13,13,8,12,12,3,6,9,6,12,7,10,14,18,7,21,25,39,55,1,3,5,12,3,9,10,2,3,8,6,10,2,19,2,2,6,12,7,2,6,7,24,8,15,8,6,13,4,10,8,7,8,8,7,8,6,3,6,6,7,11,6,13,12,9,5,7,8,9,5,6,9,12,14,11,7,12,5,5,2,5,14,5,8,6,4,2,3,6,9
2206,5,7,5,9,4,3,2,4,15,5,11,2,11,5,7,13,8,8,7,5,21,8,11,5,7,10,2,24,11,1,6,7,3,2,13,1,2,6,4,14,5,3,10,8,5,6,16,17,18,2,0,4,2,4,6,2,6,4,5,4,0,12,8,1,1,0,3,4,3,5,6,4,5,11,4,2,17,3,4,10,11,3,4,2,5,12,2,7,4,5,8,3,13,10,6,1,6,14,7,7,10,8,6,10,12,12,10,5,3,1,8,10,18,3,6,5,2,3,14,13
2207,2,5,6,6,0,7,8,4,7,4,5,0,1,0,7,9,3,5,10,1,8,5,14,7,4,0,3,10,2,8,5,6,2,6,16,5,6,2,1,9,3,23,13,16,2,25,22,32,46,6,0,2,2,3,6,2,3,5,3,2,4,2,5,1,1,4,0,2,1,6,9,11,4,1,2,2,4,6,2,7,3,3,2,1,6,2,7,3,12,5,2,2,12,4,7,5,9,4,2,4,3,9,2,6,6,2,0,4,3,2,2,2,2,2,2,4,4,1,7,7
2208,3,7,5,5,2,3,3,0,2,7,3,1,2,1,3,2,4,1,2,2,5,1,0,1,3,3,1,3,3,2,3,0,4,2,2,1,3,1,1,4,4,2,1,4,0,0,5,5,5,0,2,0,0,1,1,1,1,1,0,0,3,0,3,3,1,2,1,2,2,1,4,2,2,1,0,2,6,2,1,1,3,4,1,1,0,1,5,1,1,3,2,3,3,3,2,0,6,1,4,1,3,1,0,4,7,2,4,3,2,3,0,5,1,1,5,3,0,1,2,3
2209,3,3,3,1,3,3,2,2,4,8,3,1,2,1,2,3,2,3,5,2,5,4,2,1,0,0,2,1,3,2,6,5,2,9,2,1,0,1,0,8,4,4,3,3,0,10,9,11,10,3,0,0,0,1,1,1,1,0,1,2,0,3,3,1,2,1,1,1,0,1,0,0,0,1,1,0,3,2,0,3,4,1,0,0,1,0,4,0,0,1,2,3,7,2,3,0,2,2,2,1,2,2,0,1,2,1,3,7,2,1,1,3,0,1,4,2,0,2,1,3
2210,0,1,4,1,0,6,1,2,5,5,0,0,0,1,0,0,0,0,2,0,3,1,3,1,2,0,1,8,0,2,4,6,0,0,5,1,3,2,1,3,0,3,6,1,1,2,12,5,18,2,0,1,5,4,5,0,0,2,0,0,1,0,0,0,1,2,1,0,4,1,6,1,4,1,3,1,0,1,0,5,7,0,2,2,6,2,5,0,1,1,1,2,6,1,1,0,1,4,4,6,1,3,0,4,5,3,7,0,0,0,3,15,3,2,6,4,3,0,4,10
2211,0,0,2,1,0,0,0,0,2,2,0,0,1,0,5,1,0,2,0,0,3,0,0,6,0,1,0,1,0,2,1,1,0,0,1,0,0,1,1,0,1,1,0,1,0,2,0,1,3,0,0,0,0,1,2,0,2,0,1,2,2,0,0,1,0,2,1,0,1,1,0,0,2,0,0,0,0,0,0,1,0,0,2,0,0,1,1,0,0,1,1,0,2,2,1,0,0,0,0,0,0,0,0,1,0,0,0,0,0,0,0,1,0,0,0,0,0,0,0,1
2212,0,1,1,4,1,3,2,4,2,1,3,4,2,1,0,0,1,0,1,0,2,3,2,1,0,1,2,4,0,0,0,1,4,2,3,0,3,0,0,1,0,2,1,3,0,5,19,0,3,0,1,1,1,1,2,0,0,3,1,2,2,1,0,1,0,0,0,1,0,0,3,7,0,3,0,1,2,1,1,2,2,1,1,5,1,1,2,1,1,1,1,1,0,1,1,0,2,2,1,1,3,1,0,2,1,1,2,0,4,0,3,1,1,1,1,4,1,2,1,0
2301,0,1,2,1,1,0,2,1,4,2,1,0,1,3,0,5,0,3,1,0,2,2,0,2,0,3,3,1,1,0,1,1,0,1,1,1,1,1,2,0,1,1,1,2,2,2,3,7,12,0,0,3,0,1,1,1,0,2,1,3,2,1,2,2,0,4,2,0,0,2,2,0,2,2,0,5,2,4,2,2,0,1,2,1,1,0,3,3,3,3,0,3,2,0,1,1,4,1,3,0,0,2,0,2,4,1,3,0,1,2,0,2,0,0,3,7,2,0,1,1
2302,1,0,2,0,0,0,0,0,2,1,0,0,0,1,1,1,2,2,1,0,0,0,0,0,0,1,0,1,0,1,0,1,0,0,0,0,0,0,1,1,0,0,1,0,0,2,1,7,10,1,0,1,2,0,3,0,0,0,0,2,0,0,0,0,3,0,1,0,0,0,2,1,0,0,0,1,1,0,1,0,0,1,1,0,0,1,0,2,2,1,0,2,1,2,0,1,1,1,1,4,3,2,0,3,1,0,1,1,0,2,3,1,0,1,5,1,0,0,0,4
2303,1,5,1,7,0,1,1,4,5,6,2,1,1,0,4,2,2,1,3,0,2,0,2,0,2,4,7,9,4,3,3,4,1,3,7,3,1,2,2,0,3,5,4,5,3,5,4,13,19,1,1,4,5,1,4,5,3,1,4,1,4,1,3,4,7,4,4,1,0,2,1,1,2,3,4,0,2,2,2,5,1,4,1,2,1,4,1,3,2,1,1,2,1,3,0,1,2,5,2,0,8,3,1,2,2,1,2,3,1,0,1,3,0,3,4,7,1,3,6,6
2304,1,2,0,0,0,1,1,1,4,0,1,1,4,0,0,0,3,0,0,0,1,0,0,1,0,0,0,0,0,0,2,0,1,0,0,0,0,0,0,1,1,0,0,1,0,1,0,5,0,0,1,0,0,0,0,0,1,0,0,2,0,0,0,0,0,1,0,0,0,1,0,0,0,0,0,0,0,1,0,0,0,1,0,0,0,1,0,1,0,0,0,1,0,0,1,0,0,0,0,0,1,0,0,0,1,0,0,0,0,0,0,0,0,0,1,2,1,0,1,1
2305,1,0,1,2,1,0,0,0,0,2,0,0,0,1,0,0,1,1,0,0,0,0,0,0,2,0,0,2,0,1,0,0,0,0,1,0,0,0,0,0,0,0,0,2,0,0,2,2,1,0,0,0,1,1,0,1,0,0,7,0,1,0,1,0,1,1,0,0,0,0,0,1,0,0,1,1,0,0,0,8,5,0,4,4,1,1,5,2,0,2,1,0,2,2,4,0,0,0,1,0,2,4,0,0,1,2,3,0,2,0,1,1,3,1,8,2,0,3,1,5
2306,1,1,0,1,0,0,0,0,2,1,0,0,0,1,2,3,0,2,0,0,0,5,1,1,0,1,2,0,1,0,0,1,4,3,0,0,0,1,0,1,0,0,0,1,0,1,0,1,1,0,0,0,4,1,2,2,2,0,1,1,1,0,0,1,2,0,4,1,1,2,0,2,4,1,2,0,1,0,0,4,0,1,0,0,0,0,3,2,0,0,1,0,1,5,0,1,0,0,1,1,2,2,0,4,2,1,2,3,0,0,0,0,2,3,1,3,0,3,0,16
2307,3,2,1,5,1,1,3,3,5,2,0,1,1,3,5,2,5,3,1,2,3,1,2,1,2,1,4,2,1,4,7,0,0,2,2,0,2,2,3,1,1,2,0,0,2,1,4,5,10,2,0,3,0,1,3,3,1,1,2,4,1,2,1,1,6,0,1,2,0,2,3,3,2,2,2,0,2,4,5,3,2,2,1,3,2,0,4,1,6,0,1,3,2,3,1,0,0,0,2,0,4,2,0,1,3,1,1,2,1,0,3,3,1,2,4,3,3,1,2,7
2309,1,1,1,0,2,1,0,0,0,0,1,0,0,0,0,1,2,1,0,1,3,0,1,3,1,0,1,1,0,1,1,0,0,0,0,0,1,0,3,0,1,0,3,0,1,2,3,7,6,0,1,3,5,0,1,0,1,0,1,1,1,0,0,0,1,1,1,0,0,0,0,0,6,2,1,0,0,0,1,0,1,1,2,0,2,3,0,1,2,1,1,2,1,2,0,4,1,8,1,0,1,4,4,0,0,1,0,0,1,0,0,0,2,2,1,5,3,2,2,0
2310,0,0,0,2,0,1,0,0,0,0,0,0,0,0,3,1,0,2,0,0,0,0,1,1,0,0,0,0,1,0,0,0,2,0,0,0,0,2,0,0,1,0,1,0,3,1,3,3,9,0,1,4,1,3,0,0,1,0,0,0,0,0,1,2,0,2,0,2,0,0,1,0,0,0,0,1,0,0,0,2,0,2,1,0,2,0,2,0,2,0,0,0,1,0,0,0,0,0,0,1,0,0,0,1,0,0,0,0,2,0,1,0,0,1,0,0,0,0,0,0
2311,0,0,0,0,0,0,3,1,1,0,1,3,0,0,0,1,2,2,0,2,1,4,4,0,2,3,2,1,1,0,1,1,1,3,2,2,2,0,3,1,4,4,5,2,0,5,3,8,8,1,1,1,0,2,0,1,1,0,4,0,1,1,0,0,4,3,0,1,0,0,1,0,1,1,2,0,0,0,0,0,0,2,2,1,2,1,0,0,0,3,1,2,5,3,1,0,5,1,1,2,1,0,2,2,0,1,0,0,1,0,1,1,1,0,3,1,0,3,0,1
2312,1,0,0,0,0,0,0,0,0,0,0,1,0,1,0,0,0,0,1,1,0,0,1,0,0,0,0,0,0,0,0,0,0,0,0,0,1,0,0,0,0,0,0,0,0,0,2,0,2,0,0,0,1,0,0,0,1,0,0,0,1,0,0,0,1,0,1,0,0,0,0,1,0,0,0,0,0,0,0,0,2,0,0,0,0,1,0,0,1,0,0,0,0,0,0,0,1,0,0,0,0,0,0,0,2,0,0,0,0,0,0,0,0,1,0,0,0,0,0,0
2313,0,0,0,0,0,0,0,0,0,0,1,0,1,0,0,1,0,0,0,0,0,0,0,0,0,0,0,0,0,0,1,0,0,0,0,0,0,0,0,0,0,0,0,0,0,0,1,0,0,0,0,0,0,0,0,0,0,0,0,0,0,0,0,1,0,0,0,0,0,0,0,0,1,0,1,0,0,1,0,0,0,1,0,0,1,0,0,0,1,0,0,1,2,0,0,1,1,0,0,0,1,0,0,0,0,0,0,0,1,0,0,0,0,0,0,0,0,0,0,0
2314,0,2,1,0,0,0,0,0,0,0,0,0,0,0,1,0,0,0,0,1,0,0,3,2,0,1,4,2,0,0,0,0,0,0,3,3,0,0,2,0,0,4,2,2,3,2,8,16,20,3,1,6,3,0,4,4,2,0,0,5,0,2,1,5,0,0,0,0,0,1,0,0,0,1,0,0,0,0,0,1,3,0,0,1,0,1,3,0,0,0,0,0,0,0,0,1,1,0,0,0,3,0,0,0,0,0,1,0,2,0,0,2,0,1,0,0,0,5,0,2
2316,1,1,0,0,0,2,1,0,1,0,1,1,1,0,0,0,0,0,0,2,0,0,1,2,0,1,1,0,1,1,0,0,0,1,0,1,0,1,0,4,4,0,3,2,1,1,3,0,4,0,0,1,0,2,3,0,2,2,1,1,0,2,0,2,1,1,1,0,0,1,0,3,0,2,1,3,0,0,1,2,3,3,3,2,2,1,3,1,1,2,1,0,4,4,2,2,1,1,1,0,0,0,0,1,2,1,1,3,2,1,0,1,1,1,1,2,2,0,2,1
2317,0,1,0,0,0,0,0,0,2,0,0,0,1,0,2,1,1,1,2,0,0,0,0,0,1,2,0,0,0,0,0,0,5,0,0,0,1,0,1,0,0,0,0,1,0,0,1,4,7,0,0,0,1,0,0,0,0,0,0,0,0,0,0,0,1,0,1,0,0,2,0,0,0,0,0,0,0,0,0,2,0,1,0,1,0,0,1,0,0,0,0,0,0,0,1,0,0,1,0,0,0,0,0,0,0,0,0,0,0,0,0,0,0,0,0,1,0,2,0,2
3001,0,0,0,1,0,0,0,0,0,0,0,0,0,0,0,0,0,0,1,0,0,0,0,0,0,2,0,0,0,0,0,0,0,0,0,0,0,0,0,0,0,0,0,0,0,0,1,1,0,0,0,1,0,0,0,0,0,0,0,0,0,0,0,0,0,0,0,0,0,0,0,0,0,0,0,0,0,0,0,0,0,0,0,0,0,0,0,0,0,0,1,0,0,0,0,1,0,0,0,0,0,0,0,1,0,0,0,0,1,0,0,0,0,0,0,0,0,0,0,0
3002,2,0,0,0,3,2,3,1,1,3,2,0,2,0,1,3,0,1,2,1,1,2,1,4,1,1,2,9,3,1,4,1,0,2,6,1,2,2,1,5,2,3,1,1,1,2,4,5,2,0,0,0,0,0,0,3,0,2,0,0,0,1,3,1,3,0,0,2,1,0,2,0,0,2,1,0,0,1,0,2,1,0,1,1,0,2,0,0,2,1,4,1,0,0,2,3,1,2,0,1,2,0,0,0,0,1,1,1,3,0,1,0,2,2,0,2,1,2,4,2
3003,0,0,0,0,0,0,0,0,0,0,0,0,1,0,0,0,0,0,0,0,0,0,0,1,0,0,0,1,1,0,0,0,0,0,0,0,0,0,0,1,0,0,0,0,0,0,1,0,0,0,0,0,0,0,0,1,1,0,0,0,0,0,0,0,0,0,1,0,0,0,0,0,0,0,0,0,0,0,0,1,0,0,0,1,0,0,0,0,0,0,0,0,0,0,0,0,0,0,0,0,1,0,0,0,1,0,0,0,0,0,0,1,0,0,0,0,3,0,0,0
3004,0,0,0,0,0,0,0,0,0,0,0,0,0,0,0,0,0,0,0,0,0,0,0,1,0,0,0,0,0,1,0,0,1,0,0,0,0,0,0,0,0,0,0,0,0,0,3,0,1,0,0,1,0,0,0,0,0,0,0,0,0,0,1,0,0,2,2,0,0,0,0,1,0,0,0,0,0,0,0,4,0,0,0,0,0,0,0,1,0,0,0,0,0,1,0,0,0,0,0,0,0,0,0,0,1,0,1,0,1,0,0,0,0,1,0,0,0,0,1,0
3005,0,0,0,0,0,0,0,0,0,0,0,0,0,0,0,0,0,0,0,0,0,0,0,0,0,0,0,0,0,0,0,0,0,0,0,0,0,0,0,0,0,0,0,0,0,0,0,0,0,0,0,0,0,0,0,0,0,0,0,0,0,0,0,0,0,0,0,0,0,0,0,0,0,0,0,0,0,0,0,0,0,0,0,0,0,0,0,0,0,0,0,0,0,0,0,0,0,0,0,0,0,0,0,1,0,0,0,0,0,0,0,0,0,0,0,1,0,0,4,1
3006,4,3,1,5,2,1,8,0,2,4,0,5,4,1,0,2,0,1,8,3,3,1,3,7,2,3,0,7,1,1,6,4,1,1,4,4,4,5,1,4,5,1,3,3,2,1,5,7,8,1,0,0,0,2,4,2,1,1,0,2,1,5,5,0,2,7,4,2,5,10,4,1,5,3,5,1,0,5,1,0,1,3,5,1,1,0,1,3,5,4,0,0,2,0,3,1,3,6,0,1,5,3,2,3,2,2,0,0,3,0,7,3,5,2,4,9,2,3,9,1
3007,2,2,2,0,1,2,0,1,0,1,0,0,0,4,0,6,0,0,3,0,0,1,0,0,4,1,0,0,3,0,3,3,1,2,0,2,2,0,3,1,2,0,2,1,5,3,3,5,2,0,0,11,0,1,0,1,3,1,0,0,0,0,5,0,0,1,1,1,0,0,0,1,1,0,3,1,0,0,1,0,2,2,3,1,0,2,0,1,1,1,1,1,0,0,4,1,0,1,1,0,0,3,1,1,5,2,0,0,0,0,1,2,3,1,0,2,0,0,5,2
3008,3,2,1,1,1,4,1,1,0,0,1,1,2,1,2,1,4,3,3,1,1,3,0,1,1,0,3,1,2,1,2,6,1,2,1,2,1,1,2,4,3,2,0,2,0,1,1,2,1,0,0,0,0,0,0,0,1,0,0,0,1,2,2,1,0,1,1,0,2,1,2,1,0,1,0,1,1,0,0,0,0,0,1,1,2,2,0,1,0,2,2,3,0,1,1,0,3,3,2,1,2,4,1,2,1,3,2,0,3,4,0,6,4,2,2,1,0,0,0,0
3010,1,0,0,0,0,0,0,4,2,0,1,0,2,0,1,0,0,0,1,0,0,0,0,0,0,0,0,1,0,0,2,1,0,0,0,0,0,0,0,0,1,0,0,0,0,0,0,0,1,0,0,0,0,0,1,1,0,0,0,0,0,0,3,2,0,1,2,0,0,0,1,0,0,0,2,0,1,1,0,1,1,1,0,0,0,1,1,0,0,0,0,0,1,0,0,0,0,0,0,0,0,0,1,0,1,1,1,1,1,1,0,0,2,2,0,1,0,2,0,2
3011,1,2,0,1,0,0,2,1,0,2,0,1,0,0,0,1,1,4,7,0,2,2,1,1,0,0,1,1,2,1,3,3,0,2,1,0,1,0,1,3,1,1,2,1,0,0,1,1,3,0,0,0,1,0,0,1,1,2,0,1,0,0,2,0,1,0,1,1,0,0,0,2,0,1,0,0,1,0,0,1,0,0,0,0,0,3,0,0,1,0,0,0,0,1,1,0,1,1,0,1,0,1,1,0,1,0,0,0,2,1,1,0,1,0,0,0,0,1,0,0
3013,2,3,1,2,5,8,7,2,0,5,0,0,4,7,6,4,1,2,5,1,4,3,3,10,4,5,5,5,0,2,7,5,3,2,4,2,2,1,4,3,2,4,7,1,2,5,5,8,5,0,0,4,0,0,3,1,3,3,2,1,6,3,10,4,1,1,0,4,2,4,2,5,3,3,4,3,4,9,3,6,0,8,6,7,2,4,3,7,4,4,7,2,10,1,4,3,2,5,3,7,6,6,2,7,6,4,2,0,4,9,3,5,5,7,4,5,0,6,4,2
3014,0,0,0,0,0,0,0,0,0,0,0,0,0,1,0,0,0,1,1,1,0,0,0,0,0,1,0,0,1,0,0,0,0,1,0,0,0,1,0,1,0,0,0,0,0,1,1,0,0,0,0,0,0,0,0,0,1,0,1,0,0,0,0,0,0,0,0,0,0,0,0,0,0,0,0,0,0,1,0,1,0,0,1,3,0,0,0,0,0,0,0,0,0,0,0,0,0,0,0,0,0,0,0,0,1,0,0,0,0,0,0,0,0,0,0,0,0,0,0,0
3016,10,11,9,7,14,15,15,3,7,7,2,6,11,15,9,6,11,12,16,9,9,10,4,5,13,12,4,23,13,1,14,9,11,5,16,3,7,10,6,16,8,9,8,4,6,7,18,10,20,2,0,2,3,5,3,6,6,5,10,8,4,0,11,6,5,9,5,11,6,21,11,8,4,10,5,3,13,11,5,6,4,10,8,8,2,6,8,5,7,14,12,9,7,4,5,4,20,23,10,5,10,1,6,7,20,8,4,7,3,2,4,25,6,6,7,10,8,7,12,7
3017,0,1,0,0,1,0,1,0,0,0,1,1,0,0,0,0,0,0,1,1,0,0,0,0,1,0,0,0,0,0,1,0,0,0,0,0,0,0,0,0,0,1,1,0,0,0,0,1,0,0,0,0,0,0,0,0,0,0,0,0,0,0,1,0,0,0,0,0,0,0,0,0,0,0,1,0,1,1,0,0,0,0,0,1,0,0,0,0,1,0,0,0,0,0,0,1,0,0,0,0,0,0,0,1,1,1,0,0,0,3,0,0,2,0,0,1,0,0,2,0
3018,14,4,8,3,12,9,8,6,3,8,5,3,3,12,8,5,6,6,1,10,10,4,8,3,1,6,13,8,10,3,6,9,5,6,6,4,8,1,0,9,1,5,4,0,3,2,8,6,12,3,0,5,2,2,7,6,3,1,5,5,12,4,3,6,5,2,4,2,5,11,3,3,1,5,8,3,10,7,4,6,5,5,5,4,4,6,7,3,4,6,9,7,11,1,1,3,8,7,7,1,0,4,1,5,8,6,8,5,0,6,8,5,6,2,4,13,10,1,6,7
3102,0,0,0,0,0,1,0,0,0,0,0,0,0,0,0,0,0,0,0,0,0,0,0,0,0,1,0,0,0,0,0,0,0,0,0,0,0,0,0,0,0,1,0,0,0,0,0,0,0,0,0,0,0,0,0,0,0,0,0,0,0,0,0,0,0,0,0,0,0,0,0,0,0,0,0,0,0,0,0,0,0,0,0,0,0,0,0,0,0,0,0,0,0,0,0,0,0,0,0,0,0,0,0,0,0,0,1,0,0,0,0,0,0,0,0,0,0,0,0,0
3105,0,0,0,0,0,0,0,1,1,0,0,0,0,0,0,0,0,0,0,0,0,0,0,0,0,0,0,0,0,0,0,1,0,0,0,0,0,0,0,0,0,0,0,0,0,0,0,0,0,0,0,0,0,0,0,0,0,0,0,0,0,0,0,0,0,0,0,0,0,0,0,0,1,0,0,0,0,0,0,0,0,0,0,0,0,0,0,0,0,0,0,0,0,0,0,0,0,0,0,0,0,0,0,0,0,0,0,1,0,0,0,0,0,0,0,0,0,0,0,0
3107,0,0,0,0,0,0,0,0,0,0,0,0,0,0,0,0,0,0,0,0,0,0,0,0,0,0,0,0,0,0,0,0,0,0,0,0,0,0,1,0,0,0,0,0,0,0,1,1,0,0,0,0,0,0,0,0,0,0,1,0,0,0,0,0,0,0,0,0,0,1,0,0,0,1,0,0,0,0,0,0,0,0,0,0,0,0,0,0,0,0,0,0,0,0,0,0,0,0,0,0,0,0,0,0,0,0,0,1,0,0,0,0,0,0,0,0,0,0,0,0
3109,0,0,0,0,0,0,0,0,0,0,0,0,2,0,0,0,0,0,1,0,0,0,0,0,1,0,0,0,0,0,0,0,0,0,0,1,0,0,0,0,0,0,0,0,0,0,0,0,2,0,0,0,0,0,0,0,0,0,0,0,0,2,0,0,0,0,0,2,0,0,0,0,0,0,0,0,0,0,0,1,0,1,0,0,0,0,0,0,0,0,0,0,0,0,0,0,0,0,0,0,0,0,0,0,0,0,0,0,0,0,0,0,0,1,0,0,0,0,0,0
3110,0,0,0,0,0,0,0,1,1,0,0,1,0,1,0,1,0,1,0,0,0,0,0,4,0,0,0,0,0,1,0,2,1,0,0,0,1,1,0,1,1,1,1,0,0,0,1,1,0,0,0,0,0,1,0,1,0,1,1,1,0,0,2,0,1,0,0,0,0,1,0,0,0,0,0,0,0,0,1,1,1,0,0,1,2,0,2,0,0,0,0,0,0,0,4,2,0,0,0,1,0,0,1,0,0,0,0,0,0,3,1,0,0,0,0,1,0,1,1,0
3112,0,0,0,0,1,0,0,0,0,0,0,0,2,0,0,0,1,0,1,0,0,3,1,0,0,0,0,0,0,0,0,1,0,1,0,0,0,0,0,0,0,0,0,0,0,0,0,0,0,0,0,0,0,0,0,0,0,0,0,0,0,0,0,0,0,1,0,0,0,0,0,0,1,0,0,0,0,0,0,0,0,0,0,1,0,0,0,1,0,0,1,0,1,0,1,0,0,0,1,0,0,0,0,0,0,0,3,0,0,0,0,0,0,1,0,1,0,0,0,0
3113,0,0,0,0,0,0,1,0,0,0,0,0,0,0,0,0,0,0,0,0,0,0,0,0,0,0,0,0,0,0,0,0,0,0,0,0,0,0,0,0,0,0,0,0,0,0,0,0,0,0,0,0,0,0,0,0,0,0,0,0,0,0,0,0,0,0,0,0,0,0,0,0,0,0,0,0,0,0,0,0,0,0,1,0,0,0,0,0,0,0,0,0,0,0,1,0,0,0,0,0,0,0,0,0,0,0,0,0,1,0,0,0,0,0,0,0,0,0,0,0
3114,0,0,0,0,1,5,1,1,1,4,0,1,1,1,0,1,0,0,0,0,0,1,1,2,0,0,0,1,0,0,1,1,1,2,0,0,0,0,0,3,0,0,2,2,0,2,5,4,6,0,0,0,0,1,0,2,0,0,1,2,0,0,2,0,0,0,3,0,0,3,0,0,0,0,0,0,0,0,0,4,0,3,0,6,3,3,0,0,0,0,4,0,0,0,3,1,0,0,0,1,1,0,1,0,2,0,0,0,1,0,1,0,0,0,2,2,2,0,2,0
3116,0,1,0,0,3,0,1,0,2,0,0,1,0,0,2,0,0,1,0,0,1,0,1,0,0,0,0,2,0,0,0,2,0,1,2,1,2,0,0,0,1,2,2,0,0,1,0,1,0,0,0,0,1,0,0,1,0,0,0,0,1,0,1,0,0,0,0,5,1,2,0,0,0,0,0,1,0,0,0,0,0,4,0,2,0,1,0,0,0,0,0,0,0,1,0,0,1,0,0,0,0,3,0,0,0,0,0,0,1,1,1,1,0,0,0,1,0,0,1,2
3117,1,0,1,0,0,0,0,0,0,0,0,0,0,4,1,0,0,2,0,0,1,0,0,5,0,0,0,0,1,2,3,2,1,0,1,0,0,0,1,5,1,2,0,0,0,1,0,0,8,0,0,1,0,2,0,0,0,0,0,1,0,0,3,0,1,0,1,0,0,0,2,0,1,0,0,0,1,0,0,0,2,3,2,2,1,0,0,0,0,1,3,0,0,0,0,2,0,0,0,0,2,0,0,0,0,0,0,0,0,0,0,0,0,0,0,1,2,0,1,0
3118,1,1,1,1,1,0,3,1,1,0,1,0,0,1,0,2,0,1,1,1,0,2,0,0,1,0,0,1,0,0,1,0,0,1,1,0,3,0,1,3,0,1,0,1,0,2,1,0,4,0,0,0,0,1,1,1,0,0,2,0,1,2,2,0,2,0,1,0,0,0,1,0,0,0,0,0,1,1,1,1,2,1,0,2,0,0,0,0,0,0,1,0,0,0,1,0,0,0,0,0,0,0,1,2,0,0,0,3,0,1,1,0,1,0,1,0,3,1,1,1
3119,2,0,0,0,0,2,0,0,0,0,0,0,0,2,0,0,0,1,0,0,0,0,0,2,1,0,1,1,0,0,0,0,0,2,0,0,0,1,0,1,0,0,0,2,0,0,0,1,4,0,0,0,0,0,1,1,1,0,0,1,0,0,2,0,0,0,1,0,0,1,0,1,1,1,1,0,1,0,0,1,3,0,0,1,0,0,0,1,1,0,0,0,0,0,0,0,0,0,0,1,0,0,0,0,0,0,0,1,0,0,0,0,0,0,0,0,0,0,0,0
3125,0,0,0,0,0,0,1,0,0,0,0,0,0,0,0,0,1,0,0,0,0,0,0,0,0,0,0,0,0,0,0,0,0,0,0,0,0,0,0,1,0,0,0,0,0,0,0,1,0,0,0,0,0,0,0,0,0,0,1,0,0,0,0,0,0,0,0,0,0,0,0,1,0,0,0,0,0,0,0,0,0,0,0,0,0,0,0,0,0,0,0,0,0,0,0,0,0,0,0,0,0,0,0,0,0,0,0,0,0,0,0,0,0,0,0,0,0,0,0,0
3126,0,0,0,0,0,0,0,0,0,0,0,0,3,0,0,0,0,0,1,1,0,2,0,0,0,0,1,0,0,0,1,1,0,0,0,0,0,0,0,0,3,0,0,0,0,0,1,1,0,0,0,0,0,0,0,2,1,0,0,0,0,0,0,0,0,0,0,0,0,0,0,3,1,0,0,0,0,0,1,0,1,1,0,1,0,0,0,0,0,0,0,0,0,0,1,0,0,0,1,0,0,0,0,0,1,1,2,0,0,0,0,0,2,0,0,2,0,0,0,0
3208,0,0,0,0,0,0,0,0,0,0,0,0,0,0,0,0,0,0,0,0,0,0,0,0,0,0,0,0,0,0,0,0,0,0,0,0,0,0,0,0,0,0,0,0,0,0,0,0,0,0,0,0,0,0,0,0,0,0,0,0,0,0,0,0,0,0,0,0,0,0,0,0,0,0,0,0,0,0,0,0,0,0,0,0,0,0,0,0,0,0,0,0,0,0,0,0,0,0,0,0,0,0,0,0,0,0,0,0,0,0,0,0,0,0,0,0,0,0,0,0
3217,0,0,0,0,1,0,0,0,0,0,1,0,0,0,0,0,0,1,0,0,0,0,1,0,0,0,0,0,0,0,0,0,0,0,0,1,0,0,0,0,0,0,0,0,0,0,0,1,0,0,0,0,0,0,0,0,0,0,0,0,0,0,0,0,1,0,0,0,1,0,0,0,0,0,0,0,1,0,0,0,0,1,1,0,0,0,0,0,0,0,0,0,0,1,0,0,0,0,0,0,0,0,0,0,0,0,0,0,0,0,0,0,0,0,0,0,0,0,0,0
3227,2,0,0,0,0,1,0,0,0,0,0,0,0,0,0,1,0,1,0,0,0,0,0,0,0,2,1,0,0,0,0,0,0,1,0,0,0,0,0,1,0,0,0,0,0,0,0,0,1,0,0,0,0,1,0,0,0,0,0,0,1,0,0,0,0,0,0,1,0,2,0,0,0,0,0,1,0,0,0,0,0,0,1,0,0,0,0,0,1,0,0,0,0,0,0,0,0,0,0,1,0,1,0,1,0,0,0,0,0,1,0,0,1,0,0,0,1,0,0,0
3311,0,0,0,0,0,0,0,0,0,0,0,0,0,0,0,0,0,0,0,0,0,0,0,0,0,0,0,0,0,0,0,0,0,0,0,0,0,0,0,0,0,0,0,0,0,0,0,0,0,0,0,0,0,0,0,0,0,0,0,0,0,0,0,0,0,0,0,0,0,0,0,0,0,0,0,0,0,0,0,0,0,0,0,0,0,0,0,0,0,0,0,0,0,0,0,0,0,0,0,0,0,0,0,0,0,0,0,0,0,0,0,0,0,0,0,0,0,0,0,0
3316,0,0,0,0,0,0,0,0,0,1,0,0,0,0,0,1,0,0,0,0,0,0,0,0,0,0,0,0,0,0,0,0,0,0,0,0,2,0,1,0,0,0,0,0,0,0,0,0,0,0,0,0,0,0,1,0,0,0,0,0,0,0,0,0,0,0,0,0,0,0,0,0,0,0,0,0,0,0,0,0,0,0,0,0,0,0,1,0,0,0,0,0,0,0,0,0,0,0,0,0,0,0,0,0,0,0,0,0,0,0,0,0,0,0,0,0,0,0,0,0
3319,1,0,1,2,0,2,3,0,0,0,4,1,2,1,0,0,0,2,1,0,0,1,2,1,0,3,0,1,2,0,1,2,0,1,0,0,1,0,0,0,0,0,0,0,0,0,0,0,1,0,0,0,0,2,1,0,0,0,0,1,1,0,2,0,2,0,3,0,0,0,0,2,2,4,1,0,1,2,0,0,0,0,1,3,0,2,2,0,2,0,1,0,0,0,1,0,0,0,0,1,0,0,0,3,0,0,0,0,0,0,1,6,0,0,0,0,1,0,0,0
3320,0,0,0,1,0,0,0,1,0,0,0,0,0,0,0,0,0,0,0,0,0,1,2,2,0,0,0,0,0,0,0,0,0,0,0,0,0,0,0,0,0,0,1,0,0,0,0,0,0,0,0,0,0,2,0,0,0,0,0,0,1,0,3,0,0,0,2,0,0,0,1,0,0,0,0,0,0,0,0,0,0,0,0,0,0,0,0,0,0,0,0,0,0,0,0,1,0,0,0,0,0,1,0,0,1,0,0,0,0,0,0,0,0,2,2,1,0,0,0,0
3321,2,2,0,1,1,0,1,0,1,2,2,0,1,0,0,0,0,1,0,0,0,2,1,0,0,3,0,0,1,3,1,2,0,0,0,0,1,1,0,1,0,0,0,0,0,0,0,1,1,0,0,0,0,0,2,0,0,1,0,0,0,0,0,0,1,1,0,0,0,0,0,0,0,1,2,0,0,0,0,0,0,0,0,1,0,0,1,0,0,0,0,0,0,0,0,1,0,0,0,0,0,0,0,0,0,0,0,0,0,0,0,1,0,2,0,0,1,0,0,3
3322,0,1,0,1,0,2,0,0,0,0,0,0,0,0,0,0,1,0,1,0,0,3,0,0,0,2,0,0,2,0,0,0,0,0,0,0,0,0,0,0,1,0,0,0,0,0,1,3,0,0,0,0,0,1,0,0,0,0,0,0,0,0,0,1,3,0,0,0,0,0,0,0,0,0,0,0,0,0,0,0,0,0,0,1,0,0,0,0,1,0,1,0,0,0,0,0,0,0,0,0,0,0,0,0,0,0,1,0,0,0,0,0,0,0,0,0,0,0,0,0
3323,0,0,0,0,0,0,0,0,0,1,0,0,0,0,0,1,0,0,2,0,0,0,0,2,0,0,0,0,0,0,0,0,0,0,0,0,0,2,1,1,0,0,0,0,1,1,1,0,0,0,1,0,0,1,0,0,0,0,0,0,1,0,2,1,0,0,0,0,0,0,0,0,0,0,0,0,0,2,1,0,0,0,0,0,1,0,0,1,0,0,0,3,0,0,0,0,0,0,1,0,0,0,0,0,0,0,0,0,0,0,0,1,0,0,0,0,0,0,0,0
3325,0,0,0,0,0,0,0,0,0,0,0,0,0,0,0,0,0,0,0,0,1,0,0,0,0,0,0,0,1,0,0,0,0,0,0,0,0,0,0,0,0,0,0,0,0,0,0,0,0,0,0,0,0,0,0,0,0,0,0,0,0,0,0,0,0,0,0,0,0,0,0,0,0,1,0,0,0,0,0,0,0,0,0,0,0,0,0,0,0,0,0,0,0,0,0,0,0,0,0,0,0,0,0,1,0,0,0,0,0,0,0,0,0,0,0,1,0,0,0,0
3326,0,0,0,0,0,0,0,0,0,0,0,0,0,0,0,0,0,0,0,0,0,0,0,0,0,0,0,0,0,0,0,0,0,0,0,0,1,0,0,1,0,0,0,0,0,0,1,0,0,0,0,0,0,0,0,0,0,0,0,0,0,0,0,0,0,0,0,0,0,0,0,0,0,0,0,0,0,0,0,0,0,0,0,0,0,0,0,0,0,0,0,0,0,0,0,0,0,0,0,0,0,0,0,0,0,0,0,0,0,0,0,0,0,0,0,0,0,0,0,0
3402,0,0,0,1,0,0,1,0,0,0,0,0,0,0,0,1,2,0,0,0,1,0,0,0,0,1,0,0,0,0,1,2,0,0,0,1,0,1,0,1,0,0,0,0,0,0,2,1,2,0,0,0,0,1,0,0,0,0,0,1,0,0,0,0,0,1,0,0,0,0,0,0,1,0,0,1,0,0,1,0,0,0,0,0,1,0,0,0,0,0,0,0,1,2,0,1,0,0,0,0,0,1,0,1,0,0,1,0,0,1,0,1,0,1,0,0,0,0,0,0
3403,0,0,0,0,0,1,0,0,0,0,0,0,0,0,0,0,0,0,2,3,0,0,0,0,0,0,0,0,0,0,0,0,0,0,0,0,0,0,0,0,1,0,1,0,0,1,1,1,0,0,0,1,0,0,0,1,1,0,0,0,0,0,0,0,1,0,0,0,0,0,0,0,0,0,0,0,1,0,1,0,0,0,0,0,0,0,0,0,0,0,0,0,0,0,1,0,0,0,0,0,0,0,0,0,0,0,0,0,0,0,0,1,0,0,0,0,0,0,0,0
3407,0,0,0,0,0,0,0,0,0,0,0,1,0,0,0,1,0,0,0,1,0,1,0,0,0,0,0,0,0,0,2,0,0,0,0,0,0,2,0,0,0,0,0,1,1,0,1,2,7,0,1,0,0,0,1,0,0,0,0,0,0,0,4,0,0,0,0,0,0,1,1,3,1,0,1,0,0,0,0,0,0,1,1,0,1,0,0,0,1,0,1,0,0,0,0,0,0,0,0,1,1,1,0,5,0,0,0,0,1,3,1,0,0,0,0,0,2,2,0,4
3408,0,0,0,0,2,2,0,0,0,0,0,3,2,0,0,4,0,0,0,0,0,1,1,0,0,0,1,0,0,0,2,4,0,0,0,1,0,0,0,0,0,0,0,1,0,0,1,1,2,0,0,0,0,0,1,0,1,0,0,0,0,2,1,0,0,0,0,0,0,0,0,0,0,0,0,0,0,0,2,0,1,0,0,0,1,0,0,0,0,1,0,1,0,0,1,0,2,0,0,0,0,0,0,0,0,0,0,0,0,0,0,0,0,0,0,0,0,0,1,0
3413,0,0,0,0,0,0,0,0,0,0,0,0,0,0,0,0,0,0,0,0,0,0,0,0,0,0,0,0,0,0,0,0,0,0,0,0,0,0,0,0,0,0,0,0,0,0,0,0,0,0,0,0,0,0,0,0,0,0,0,0,0,0,0,0,0,0,0,0,0,0,0,0,0,0,0,0,0,0,0,0,0,0,0,0,0,0,0,0,0,0,0,0,0,0,0,0,0,0,0,0,0,0,0,0,0,0,0,0,0,0,0,0,0,0,0,0,0,0,0,0
3415,0,0,0,0,0,0,2,0,0,0,0,1,0,2,0,0,0,1,0,1,1,0,0,1,5,0,0,0,0,0,0,0,0,0,0,0,0,0,2,0,1,1,2,0,0,0,0,0,3,0,0,0,0,0,0,1,0,3,0,0,1,0,0,0,0,0,0,0,0,1,0,1,2,0,0,0,0,1,0,4,0,0,1,0,0,0,0,1,0,0,1,0,0,0,0,0,0,1,0,1,0,0,0,0,0,0,0,0,0,0,0,0,0,0,4,0,0,0,0,0
3417,0,0,0,0,0,0,0,0,0,0,0,0,0,0,0,0,0,0,0,0,0,0,0,3,0,0,0,0,0,0,0,0,0,0,0,0,0,0,0,0,0,0,0,1,0,0,0,0,0,0,0,0,0,0,0,0,0,0,1,0,0,0,0,0,0,0,0,1,0,0,0,1,0,0,0,0,0,0,0,0,0,0,0,0,0,0,0,0,0,0,1,0,0,0,0,0,0,0,0,0,0,0,0,0,1,0,1,0,0,0,0,0,0,0,0,1,0,0,0,0
3423,0,0,0,0,0,0,0,0,0,0,0,0,0,0,0,0,0,0,0,0,0,0,0,0,0,0,0,0,0,0,0,0,0,0,0,0,0,0,0,0,0,0,0,0,0,0,0,0,0,0,0,0,0,0,0,0,0,0,1,0,0,0,1,0,0,2,0,0,0,0,0,0,0,0,0,0,0,0,0,0,0,0,0,0,0,0,0,0,0,0,0,0,0,0,0,0,0,1,0,0,0,0,0,0,0,0,0,0,0,0,0,1,0,0,0,0,0,0,2,0
3424,0,0,0,0,0,0,0,0,0,0,0,0,0,0,0,0,0,0,0,0,0,0,0,0,0,0,0,0,0,0,0,0,0,0,0,0,0,0,0,0,0,0,0,0,0,0,0,0,0,0,0,0,0,0,0,0,0,0,0,0,0,0,0,0,0,0,0,0,0,0,0,0,0,0,0,0,0,0,0,0,0,0,0,0,0,0,0,0,0,0,0,0,0,0,0,0,0,0,0,0,0,0,0,0,0,0,1,0,0,0,0,0,0,0,0,0,0,0,5,0
3426,0,0,0,0,0,0,0,0,0,0,1,0,0,0,0,1,0,1,0,0,0,0,0,1,0,0,0,0,0,0,0,0,1,0,0,1,0,0,1,0,0,0,0,0,0,0,0,0,0,0,0,0,0,0,0,0,0,0,0,0,0,0,0,0,0,0,0,0,0,0,0,0,0,0,0,1,0,0,0,0,0,0,0,0,0,0,0,0,2,0,0,0,0,0,0,0,1,0,0,0,0,0,0,0,0,0,0,0,0,1,0,0,0,0,0,0,0,0,0,0
3431,0,0,0,0,0,0,0,0,0,0,0,0,0,0,0,0,1,0,3,0,1,0,0,0,1,0,1,0,0,0,0,0,0,1,0,0,0,0,0,0,1,1,0,0,0,0,0,0,0,0,0,0,0,0,0,0,0,0,0,0,0,0,0,0,0,0,0,0,0,0,0,0,0,0,0,0,0,0,0,0,0,0,1,0,0,0,0,0,4,1,0,0,0,0,0,0,1,0,0,0,0,0,0,0,0,0,0,1,0,0,0,0,0,0,0,1,0,1,2,0
10,4,9,10,7,13,7,38,9,5,4,8,13,5,19,12,11,5,6,5,10,33,14,10,2,9,15,14,44,11,6,9,8,8,11,40,11,5,1,11,8,19,36,12,12,2,19,14,18,10,1,0,3,6,4,1,0,2,4,5,9,14,10,16,10,4,6,6,15,6,16,7,9,13,12,7,11,23,5,3,2,8,2,7,24,10,4,4,6,10,13,22,12,6,10,9,8,20,17,15,9,9,20,7,9,25,11,10,6,7,14,13,29,7,15,8,10,5,10,18,15
11,2,1,0,0,0,1,3,1,1,1,1,0,1,2,0,0,0,1,1,2,0,2,1,1,1,0,2,4,1,1,0,3,4,6,5,3,1,0,1,2,2,6,3,1,0,1,0,2,0,0,0,1,0,0,0,0,0,0,0,2,3,0,5,0,0,1,0,1,1,3,0,0,4,0,1,2,4,2,0,3,1,1,6,2,2,0,2,0,1,3,11,0,3,5,1,2,1,2,1,1,1,2,4,1,6,1,0,2,1,1,1,10,2,0,3,0,0,4,8,0
12,103,99,80,107,161,146,144,129,104,97,125,139,126,139,117,142,118,153,207,183,212,148,128,119,140,151,130,222,102,120,126,113,150,118,170,106,116,117,107,161,113,118,135,99,87,129,170,146,172,19,29,57,68,51,115,105,68,91,85,111,124,89,128,88,92,58,108,137,107,166,125,124,197,111,131,128,222,117,73,87,95,166,101,176,94,77,105,61,142,116,202,96,118,112,90,75,132,169,124,94,129,144,133,147,176,123,130,138,96,144,121,207,123,137,104,157,149,98,177,76
13,10,6,8,4,8,5,13,7,6,7,12,11,8,7,11,8,9,12,5,11,9,6,6,2,6,5,3,14,9,10,11,7,10,8,10,6,13,7,5,10,14,7,7,3,5,11,3,7,1,1,0,3,2,1,4,4,2,3,6,9,12,14,7,9,11,5,7,6,9,6,12,11,7,7,4,12,16,7,10,8,5,5,8,5,4,4,7,2,16,11,12,9,12,13,7,6,15,6,9,5,18,3,9,7,8,9,11,10,4,8,9,11,10,11,6,15,6,5,7,6
15,30,33,28,24,33,36,66,43,33,30,45,49,39,59,29,27,33,34,65,36,54,48,42,40,43,42,35,66,45,39,45,34,50,44,63,36,41,40,43,47,53,61,38,46,33,57,93,81,124,10,13,26,34,19,42,34,26,34,35,31,20,30,55,23,36,23,34,44,28,40,39,24,48,24,24,26,45,28,28,34,27,44,34,56,33,17,45,44,43,42,54,27,41,50,23,28,51,45,45,39,38,45,38,65,83,41,44,39,43,64,44,62,37,42,41,63,41,43,72,47
20,49,59,42,58,62,62,82,55,53,64,39,52,68,64,50,47,62,70,74,57,89,61,56,41,47,60,81,95,66,38,74,64,57,65,90,45,52,57,38,69,64,86,68,77,53,68,131,110,89,6,16,50,18,25,35,46,28,44,38,32,32,37,74,43,49,27,40,44,37,71,46,33,42,43,39,42,58,53,21,41,35,50,33,51,59,23,23,32,62,50,62,37,45,32,54,35,68,42,50,26,29,41,43,40,76,39,51,41,32,41,50,61,29,43,40,70,28,37,79,47
21,9,8,3,8,7,8,0,3,6,9,5,5,2,7,3,7,6,1,9,3,9,6,5,2,5,2,11,5,1,3,11,3,2,12,11,1,12,6,7,20,12,18,2,15,6,11,19,16,14,7,3,6,4,0,6,4,6,2,5,2,3,10,4,4,3,7,0,3,0,6,1,0,7,3,8,4,4,5,2,7,0,2,4,0,5,3,3,2,2,3,8,1,4,3,5,5,3,6,2,4,2,2,8,2,6,3,3,6,7,3,4,2,4,4,0,1,3,2,5,2
22,44,72,76,90,41,75,88,65,91,104,79,41,68,68,93,93,64,71,84,62,131,64,86,53,82,65,66,153,67,60,111,73,54,101,137,49,69,68,68,120,51,121,108,133,55,150,239,226,322,25,24,42,56,56,63,52,46,49,61,61,43,44,97,31,52,37,49,45,49,73,71,79,76,62,62,33,107,43,42,84,87,44,52,63,74,69,83,57,80,76,76,42,110,140,81,41,101,86,65,69,76,85,53,111,111,71,67,115,60,36,49,118,78,48,73,58,42,32,104,101
23,11,16,9,18,5,7,11,10,26,14,8,8,10,10,18,18,18,18,9,9,12,12,16,13,10,17,24,19,10,11,16,8,14,13,17,10,9,9,17,9,16,16,20,18,17,23,38,78,109,8,6,26,23,12,21,17,15,6,21,20,12,9,9,18,27,17,16,7,1,13,10,12,18,14,14,11,8,12,12,29,17,20,17,15,14,14,25,16,20,17,7,16,22,24,11,12,17,18,16,8,26,19,7,16,18,13,14,12,14,5,10,14,10,16,31,34,12,22,15,46
30,39,28,22,20,39,41,45,19,15,30,12,17,29,41,27,28,23,30,49,27,30,26,20,33,27,31,28,56,36,11,48,41,23,23,41,18,27,21,18,47,25,26,28,13,22,22,51,46,55,6,0,24,6,10,18,22,20,15,18,17,24,15,46,20,17,24,21,23,21,47,25,22,14,25,29,12,31,36,14,28,14,29,30,28,11,26,20,21,25,34,36,23,31,9,21,17,38,48,28,17,26,22,15,28,48,32,19,14,21,26,25,47,36,25,21,45,24,22,47,24
31,4,2,2,1,6,8,7,4,6,4,1,3,8,9,3,4,2,6,4,2,2,8,3,13,3,1,2,5,1,3,6,10,3,7,6,2,6,2,3,14,6,7,5,5,1,6,9,10,24,0,0,1,1,5,2,8,2,1,6,5,2,4,12,0,4,1,6,7,1,8,3,5,5,2,1,1,3,1,3,8,9,13,3,16,6,4,2,2,1,2,9,0,1,1,11,5,1,0,2,3,3,3,3,2,3,2,6,6,3,5,4,1,3,2,3,8,7,2,6,3
32,2,0,0,0,1,1,0,0,0,0,1,0,0,0,0,1,0,2,0,0,0,0,1,0,0,2,1,0,0,0,0,0,0,1,0,1,0,0,0,1,0,0,0,0,0,0,0,1,1,0,0,0,0,1,0,0,0,0,0,0,1,0,0,0,1,0,0,1,1,2,0,0,0,0,0,1,1,0,0,0,0,1,2,0,0,0,0,0,1,1,0,0,0,1,0,0,0,0,0,1,0,1,0,1,0,0,0,0,0,1,0,0,1,0,0,0,1,0,0,0
33,3,3,1,5,1,4,4,1,1,4,6,1,3,1,0,2,1,3,4,0,1,7,5,5,0,8,0,1,6,3,2,4,0,1,0,0,5,3,2,3,1,0,1,0,1,1,3,4,2,0,1,0,0,6,4,0,0,1,0,1,3,0,7,2,6,1,5,0,0,0,1,2,2,6,3,0,1,4,1,0,0,0,1,5,1,2,4,1,3,0,2,3,0,0,1,2,0,0,2,1,0,1,0,4,1,1,1,0,0,0,1,8,0,4,2,2,2,0,0,3
34,0,0,0,1,2,3,3,0,0,0,1,5,2,2,0,7,3,2,5,5,3,2,1,5,6,1,2,0,0,0,5,6,1,1,1,3,0,3,3,1,3,2,3,3,2,1,5,5,14,0,1,1,0,1,2,2,2,3,2,1,1,2,6,0,1,3,0,1,0,2,1,5,4,0,1,2,1,1,4,4,1,1,3,0,3,0,0,1,7,3,3,1,1,2,2,1,4,2,1,2,1,2,0,6,1,0,3,1,1,5,1,3,0,1,4,2,2,3,10,4
