编码,日期,销量
1001,20150501,1
1001,20150502,1
1001,20150503,1
1001,20150504,1
1001,20150505,1
1001,20150506,1
1001,20150507,1
1001,20150508,1
1001,20150509,1
1001,20150510,1
1001,20150511,1
1001,20150512,1
1001,20150513,1
1001,20150514,1
1001,20150515,1
1001,20150516,1
1001,20150517,1
1001,20150518,1
1001,20150519,1
1001,20150520,1
1001,20150521,1
1001,20150522,1
1001,20150523,1
1001,20150524,1
1001,20150525,1
1001,20150526,1
1001,20150527,1
1001,20150528,1
1001,20150529,1
1001,20150530,1
1002,20150501,1
1002,20150502,1
1002,20150503,1
1002,20150504,1
1002,20150505,1
1002,20150506,1
1002,20150507,1
1002,20150508,1
1002,20150509,1
1002,20150510,1
1002,20150511,1
1002,20150512,1
1002,20150513,1
1002,20150514,1
1002,20150515,1
1002,20150516,1
1002,20150517,1
1002,20150518,1
1002,20150519,1
1002,20150520,1
1002,20150521,1
1002,20150522,1
1002,20150523,1
1002,20150524,1
1002,20150525,1
1002,20150526,1
1002,20150527,1
1002,20150528,1
1002,20150529,1
1002,20150530,1
1004,20150501,1
1004,20150502,1
1004,20150503,1
1004,20150504,1
1004,20150505,1
1004,20150506,1
1004,20150507,1
1004,20150508,1
1004,20150509,1
1004,20150510,1
1004,20150511,1
1004,20150512,1
1004,20150513,1
1004,20150514,1
1004,20150515,1
1004,20150516,1
1004,20150517,1
1004,20150518,1
1004,20150519,1
1004,20150520,1
1004,20150521,1
1004,20150522,1
1004,20150523,1
1004,20150524,1
1004,20150525,1
1004,20150526,1
1004,20150527,1
1004,20150528,1
1004,20150529,1
1004,20150530,1
1005,20150501,1
1005,20150502,1
1005,20150503,1
1005,20150504,1
1005,20150505,1
1005,20150506,1
1005,20150507,1
1005,20150508,1
1005,20150509,1
1005,20150510,1
1005,20150511,1
1005,20150512,1
1005,20150513,1
1005,20150514,1
1005,20150515,1
1005,20150516,1
1005,20150517,1
1005,20150518,1
1005,20150519,1
1005,20150520,1
1005,20150521,1
1005,20150522,1
1005,20150523,1
1005,20150524,1
1005,20150525,1
1005,20150526,1
1005,20150527,1
1005,20150528,1
1005,20150529,1
1005,20150530,1
1099,20150501,1
1099,20150502,1
1099,20150503,1
1099,20150504,1
1099,20150505,1
1099,20150506,1
1099,20150507,1
1099,20150508,1
1099,20150509,1
1099,20150510,1
1099,20150511,1
1099,20150512,1
1099,20150513,1
1099,20150514,1
1099,20150515,1
1099,20150516,1
1099,20150517,1
1099,20150518,1
1099,20150519,1
1099,20150520,1
1099,20150521,1
1099,20150522,1
1099,20150523,1
1099,20150524,1
1099,20150525,1
1099,20150526,1
1099,20150527,1
1099,20150528,1
1099,20150529,1
1099,20150530,1
1101,20150501,1
1101,20150502,1
1101,20150503,1
1101,20150504,1
1101,20150505,1
1101,20150506,1
1101,20150507,1
1101,20150508,1
1101,20150509,1
1101,20150510,1
1101,20150511,1
1101,20150512,1
1101,20150513,1
1101,20150514,1
1101,20150515,1
1101,20150516,1
1101,20150517,1
1101,20150518,1
1101,20150519,1
1101,20150520,1
1101,20150521,1
1101,20150522,1
1101,20150523,1
1101,20150524,1
1101,20150525,1
1101,20150526,1
1101,20150527,1
1101,20150528,1
1101,20150529,1
1101,20150530,1
1102,20150501,1
1102,20150502,1
1102,20150503,1
1102,20150504,1
1102,20150505,1
1102,20150506,1
1102,20150507,1
1102,20150508,1
1102,20150509,1
1102,20150510,1
1102,20150511,1
1102,20150512,1
1102,20150513,1
1102,20150514,1
1102,20150515,1
1102,20150516,1
1102,20150517,1
1102,20150518,1
1102,20150519,1
1102,20150520,1
1102,20150521,1
1102,20150522,1
1102,20150523,1
1102,20150524,1
1102,20150525,1
1102,20150526,1
1102,20150527,1
1102,20150528,1
1102,20150529,1
1102,20150530,1
1103,20150501,1
1103,20150502,1
1103,20150503,1
1103,20150504,1
1103,20150505,1
1103,20150506,1
1103,20150507,1
1103,20150508,1
1103,20150509,1
1103,20150510,1
1103,20150511,1
1103,20150512,1
1103,20150513,1
1103,20150514,1
1103,20150515,1
1103,20150516,1
1103,20150517,1
1103,20150518,1
1103,20150519,1
1103,20150520,1
1103,20150521,1
1103,20150522,1
1103,20150523,1
1103,20150524,1
1103,20150525,1
1103,20150526,1
1103,20150527,1
1103,20150528,1
1103,20150529,1
1103,20150530,1
1201,20150501,1
1201,20150502,1
1201,20150503,1
1201,20150504,1
1201,20150505,1
1201,20150506,1
1201,20150507,1
1201,20150508,1
1201,20150509,1
1201,20150510,1
1201,20150511,1
1201,20150512,1
1201,20150513,1
1201,20150514,1
1201,20150515,1
1201,20150516,1
1201,20150517,1
1201,20150518,1
1201,20150519,1
1201,20150520,1
1201,20150521,1
1201,20150522,1
1201,20150523,1
1201,20150524,1
1201,20150525,1
1201,20150526,1
1201,20150527,1
1201,20150528,1
1201,20150529,1
1201,20150530,1
1202,20150501,1
1202,20150502,1
1202,20150503,1
1202,20150504,1
1202,20150505,1
1202,20150506,1
1202,20150507,1
1202,20150508,1
1202,20150509,1
1202,20150510,1
1202,20150511,1
1202,20150512,1
1202,20150513,1
1202,20150514,1
1202,20150515,1
1202,20150516,1
1202,20150517,1
1202,20150518,1
1202,20150519,1
1202,20150520,1
1202,20150521,1
1202,20150522,1
1202,20150523,1
1202,20150524,1
1202,20150525,1
1202,20150526,1
1202,20150527,1
1202,20150528,1
1202,20150529,1
1202,20150530,1
1203,20150501,1
1203,20150502,1
1203,20150503,1
1203,20150504,1
1203,20150505,1
1203,20150506,1
1203,20150507,1
1203,20150508,1
1203,20150509,1
1203,20150510,1
1203,20150511,1
1203,20150512,1
1203,20150513,1
1203,20150514,1
1203,20150515,1
1203,20150516,1
1203,20150517,1
1203,20150518,1
1203,20150519,1
1203,20150520,1
1203,20150521,1
1203,20150522,1
1203,20150523,1
1203,20150524,1
1203,20150525,1
1203,20150526,1
1203,20150527,1
1203,20150528,1
1203,20150529,1
1203,20150530,1
1205,20150501,1
1205,20150502,1
1205,20150503,1
1205,20150504,1
1205,20150505,1
1205,20150506,1
1205,20150507,1
1205,20150508,1
1205,20150509,1
1205,20150510,1
1205,20150511,1
1205,20150512,1
1205,20150513,1
1205,20150514,1
1205,20150515,1
1205,20150516,1
1205,20150517,1
1205,20150518,1
1205,20150519,1
1205,20150520,1
1205,20150521,1
1205,20150522,1
1205,20150523,1
1205,20150524,1
1205,20150525,1
1205,20150526,1
1205,20150527,1
1205,20150528,1
1205,20150529,1
1205,20150530,1
1301,20150501,1
1301,20150502,1
1301,20150503,1
1301,20150504,1
1301,20150505,1
1301,20150506,1
1301,20150507,1
1301,20150508,1
1301,20150509,1
1301,20150510,1
1301,20150511,1
1301,20150512,1
1301,20150513,1
1301,20150514,1
1301,20150515,1
1301,20150516,1
1301,20150517,1
1301,20150518,1
1301,20150519,1
1301,20150520,1
1301,20150521,1
1301,20150522,1
1301,20150523,1
1301,20150524,1
1301,20150525,1
1301,20150526,1
1301,20150527,1
1301,20150528,1
1301,20150529,1
1301,20150530,1
1302,20150501,1
1302,20150502,1
1302,20150503,1
1302,20150504,1
1302,20150505,1
1302,20150506,1
1302,20150507,1
1302,20150508,1
1302,20150509,1
1302,20150510,1
1302,20150511,1
1302,20150512,1
1302,20150513,1
1302,20150514,1
1302,20150515,1
1302,20150516,1
1302,20150517,1
1302,20150518,1
1302,20150519,1
1302,20150520,1
1302,20150521,1
1302,20150522,1
1302,20150523,1
1302,20150524,1
1302,20150525,1
1302,20150526,1
1302,20150527,1
1302,20150528,1
1302,20150529,1
1302,20150530,1
1306,20150501,1
1306,20150502,1
1306,20150503,1
1306,20150504,1
1306,20150505,1
1306,20150506,1
1306,20150507,1
1306,20150508,1
1306,20150509,1
1306,20150510,1
1306,20150511,1
1306,20150512,1
1306,20150513,1
1306,20150514,1
1306,20150515,1
1306,20150516,1
1306,20150517,1
1306,20150518,1
1306,20150519,1
1306,20150520,1
1306,20150521,1
1306,20150522,1
1306,20150523,1
1306,20150524,1
1306,20150525,1
1306,20150526,1
1306,20150527,1
1306,20150528,1
1306,20150529,1
1306,20150530,1
1308,20150501,1
1308,20150502,1
1308,20150503,1
1308,20150504,1
1308,20150505,1
1308,20150506,1
1308,20150507,1
1308,20150508,1
1308,20150509,1
1308,20150510,1
1308,20150511,1
1308,20150512,1
1308,20150513,1
1308,20150514,1
1308,20150515,1
1308,20150516,1
1308,20150517,1
1308,20150518,1
1308,20150519,1
1308,20150520,1
1308,20150521,1
1308,20150522,1
1308,20150523,1
1308,20150524,1
1308,20150525,1
1308,20150526,1
1308,20150527,1
1308,20150528,1
1308,20150529,1
1308,20150530,1
1501,20150501,1
1501,20150502,1
1501,20150503,1
1501,20150504,1
1501,20150505,1
1501,20150506,1
1501,20150507,1
1501,20150508,1
1501,20150509,1
1501,20150510,1
1501,20150511,1
1501,20150512,1
1501,20150513,1
1501,20150514,1
1501,20150515,1
1501,20150516,1
1501,20150517,1
1501,20150518,1
1501,20150519,1
1501,20150520,1
1501,20150521,1
1501,20150522,1
1501,20150523,1
1501,20150524,1
1501,20150525,1
1501,20150526,1
1501,20150527,1
1501,20150528,1
1501,20150529,1
1501,20150530,1
1502,20150501,1
1502,20150502,1
1502,20150503,1
1502,20150504,1
1502,20150505,1
1502,20150506,1
1502,20150507,1
1502,20150508,1
1502,20150509,1
1502,20150510,1
1502,20150511,1
1502,20150512,1
1502,20150513,1
1502,20150514,1
1502,20150515,1
1502,20150516,1
1502,20150517,1
1502,20150518,1
1502,20150519,1
1502,20150520,1
1502,20150521,1
1502,20150522,1
1502,20150523,1
1502,20150524,1
1502,20150525,1
1502,20150526,1
1502,20150527,1
1502,20150528,1
1502,20150529,1
1502,20150530,1
1503,20150501,1
1503,20150502,1
1503,20150503,1
1503,20150504,1
1503,20150505,1
1503,20150506,1
1503,20150507,1
1503,20150508,1
1503,20150509,1
1503,20150510,1
1503,20150511,1
1503,20150512,1
1503,20150513,1
1503,20150514,1
1503,20150515,1
1503,20150516,1
1503,20150517,1
1503,20150518,1
1503,20150519,1
1503,20150520,1
1503,20150521,1
1503,20150522,1
1503,20150523,1
1503,20150524,1
1503,20150525,1
1503,20150526,1
1503,20150527,1
1503,20150528,1
1503,20150529,1
1503,20150530,1
1504,20150501,1
1504,20150502,1
1504,20150503,1
1504,20150504,1
1504,20150505,1
1504,20150506,1
1504,20150507,1
1504,20150508,1
1504,20150509,1
1504,20150510,1
1504,20150511,1
1504,20150512,1
1504,20150513,1
1504,20150514,1
1504,20150515,1
1504,20150516,1
1504,20150517,1
1504,20150518,1
1504,20150519,1
1504,20150520,1
1504,20150521,1
1504,20150522,1
1504,20150523,1
1504,20150524,1
1504,20150525,1
1504,20150526,1
1504,20150527,1
1504,20150528,1
1504,20150529,1
1504,20150530,1
1505,20150501,1
1505,20150502,1
1505,20150503,1
1505,20150504,1
1505,20150505,1
1505,20150506,1
1505,20150507,1
1505,20150508,1
1505,20150509,1
1505,20150510,1
1505,20150511,1
1505,20150512,1
1505,20150513,1
1505,20150514,1
1505,20150515,1
1505,20150516,1
1505,20150517,1
1505,20150518,1
1505,20150519,1
1505,20150520,1
1505,20150521,1
1505,20150522,1
1505,20150523,1
1505,20150524,1
1505,20150525,1
1505,20150526,1
1505,20150527,1
1505,20150528,1
1505,20150529,1
1505,20150530,1
1507,20150501,1
1507,20150502,1
1507,20150503,1
1507,20150504,1
1507,20150505,1
1507,20150506,1
1507,20150507,1
1507,20150508,1
1507,20150509,1
1507,20150510,1
1507,20150511,1
1507,20150512,1
1507,20150513,1
1507,20150514,1
1507,20150515,1
1507,20150516,1
1507,20150517,1
1507,20150518,1
1507,20150519,1
1507,20150520,1
1507,20150521,1
1507,20150522,1
1507,20150523,1
1507,20150524,1
1507,20150525,1
1507,20150526,1
1507,20150527,1
1507,20150528,1
1507,20150529,1
1507,20150530,1
1508,20150501,1
1508,20150502,1
1508,20150503,1
1508,20150504,1
1508,20150505,1
1508,20150506,1
1508,20150507,1
1508,20150508,1
1508,20150509,1
1508,20150510,1
1508,20150511,1
1508,20150512,1
1508,20150513,1
1508,20150514,1
1508,20150515,1
1508,20150516,1
1508,20150517,1
1508,20150518,1
1508,20150519,1
1508,20150520,1
1508,20150521,1
1508,20150522,1
1508,20150523,1
1508,20150524,1
1508,20150525,1
1508,20150526,1
1508,20150527,1
1508,20150528,1
1508,20150529,1
1508,20150530,1
1510,20150501,1
1510,20150502,1
1510,20150503,1
1510,20150504,1
1510,20150505,1
1510,20150506,1
1510,20150507,1
1510,20150508,1
1510,20150509,1
1510,20150510,1
1510,20150511,1
1510,20150512,1
1510,20150513,1
1510,20150514,1
1510,20150515,1
1510,20150516,1
1510,20150517,1
1510,20150518,1
1510,20150519,1
1510,20150520,1
1510,20150521,1
1510,20150522,1
1510,20150523,1
1510,20150524,1
1510,20150525,1
1510,20150526,1
1510,20150527,1
1510,20150528,1
1510,20150529,1
1510,20150530,1
1511,20150501,1
1511,20150502,1
1511,20150503,1
1511,20150504,1
1511,20150505,1
1511,20150506,1
1511,20150507,1
1511,20150508,1
1511,20150509,1
1511,20150510,1
1511,20150511,1
1511,20150512,1
1511,20150513,1
1511,20150514,1
1511,20150515,1
1511,20150516,1
1511,20150517,1
1511,20150518,1
1511,20150519,1
1511,20150520,1
1511,20150521,1
1511,20150522,1
1511,20150523,1
1511,20150524,1
1511,20150525,1
1511,20150526,1
1511,20150527,1
1511,20150528,1
1511,20150529,1
1511,20150530,1
1512,20150501,1
1512,20150502,1
1512,20150503,1
1512,20150504,1
1512,20150505,1
1512,20150506,1
1512,20150507,1
1512,20150508,1
1512,20150509,1
1512,20150510,1
1512,20150511,1
1512,20150512,1
1512,20150513,1
1512,20150514,1
1512,20150515,1
1512,20150516,1
1512,20150517,1
1512,20150518,1
1512,20150519,1
1512,20150520,1
1512,20150521,1
1512,20150522,1
1512,20150523,1
1512,20150524,1
1512,20150525,1
1512,20150526,1
1512,20150527,1
1512,20150528,1
1512,20150529,1
1512,20150530,1
1513,20150501,1
1513,20150502,1
1513,20150503,1
1513,20150504,1
1513,20150505,1
1513,20150506,1
1513,20150507,1
1513,20150508,1
1513,20150509,1
1513,20150510,1
1513,20150511,1
1513,20150512,1
1513,20150513,1
1513,20150514,1
1513,20150515,1
1513,20150516,1
1513,20150517,1
1513,20150518,1
1513,20150519,1
1513,20150520,1
1513,20150521,1
1513,20150522,1
1513,20150523,1
1513,20150524,1
1513,20150525,1
1513,20150526,1
1513,20150527,1
1513,20150528,1
1513,20150529,1
1513,20150530,1
1515,20150501,1
1515,20150502,1
1515,20150503,1
1515,20150504,1
1515,20150505,1
1515,20150506,1
1515,20150507,1
1515,20150508,1
1515,20150509,1
1515,20150510,1
1515,20150511,1
1515,20150512,1
1515,20150513,1
1515,20150514,1
1515,20150515,1
1515,20150516,1
1515,20150517,1
1515,20150518,1
1515,20150519,1
1515,20150520,1
1515,20150521,1
1515,20150522,1
1515,20150523,1
1515,20150524,1
1515,20150525,1
1515,20150526,1
1515,20150527,1
1515,20150528,1
1515,20150529,1
1515,20150530,1
1516,20150501,1
1516,20150502,1
1516,20150503,1
1516,20150504,1
1516,20150505,1
1516,20150506,1
1516,20150507,1
1516,20150508,1
1516,20150509,1
1516,20150510,1
1516,20150511,1
1516,20150512,1
1516,20150513,1
1516,20150514,1
1516,20150515,1
1516,20150516,1
1516,20150517,1
1516,20150518,1
1516,20150519,1
1516,20150520,1
1516,20150521,1
1516,20150522,1
1516,20150523,1
1516,20150524,1
1516,20150525,1
1516,20150526,1
1516,20150527,1
1516,20150528,1
1516,20150529,1
1516,20150530,1
1517,20150501,1
1517,20150502,1
1517,20150503,1
1517,20150504,1
1517,20150505,1
1517,20150506,1
1517,20150507,1
1517,20150508,1
1517,20150509,1
1517,20150510,1
1517,20150511,1
1517,20150512,1
1517,20150513,1
1517,20150514,1
1517,20150515,1
1517,20150516,1
1517,20150517,1
1517,20150518,1
1517,20150519,1
1517,20150520,1
1517,20150521,1
1517,20150522,1
1517,20150523,1
1517,20150524,1
1517,20150525,1
1517,20150526,1
1517,20150527,1
1517,20150528,1
1517,20150529,1
1517,20150530,1
1518,20150501,1
1518,20150502,1
1518,20150503,1
1518,20150504,1
1518,20150505,1
1518,20150506,1
1518,20150507,1
1518,20150508,1
1518,20150509,1
1518,20150510,1
1518,20150511,1
1518,20150512,1
1518,20150513,1
1518,20150514,1
1518,20150515,1
1518,20150516,1
1518,20150517,1
1518,20150518,1
1518,20150519,1
1518,20150520,1
1518,20150521,1
1518,20150522,1
1518,20150523,1
1518,20150524,1
1518,20150525,1
1518,20150526,1
1518,20150527,1
1518,20150528,1
1518,20150529,1
1518,20150530,1
1519,20150501,1
1519,20150502,1
1519,20150503,1
1519,20150504,1
1519,20150505,1
1519,20150506,1
1519,20150507,1
1519,20150508,1
1519,20150509,1
1519,20150510,1
1519,20150511,1
1519,20150512,1
1519,20150513,1
1519,20150514,1
1519,20150515,1
1519,20150516,1
1519,20150517,1
1519,20150518,1
1519,20150519,1
1519,20150520,1
1519,20150521,1
1519,20150522,1
1519,20150523,1
1519,20150524,1
1519,20150525,1
1519,20150526,1
1519,20150527,1
1519,20150528,1
1519,20150529,1
1519,20150530,1
1521,20150501,1
1521,20150502,1
1521,20150503,1
1521,20150504,1
1521,20150505,1
1521,20150506,1
1521,20150507,1
1521,20150508,1
1521,20150509,1
1521,20150510,1
1521,20150511,1
1521,20150512,1
1521,20150513,1
1521,20150514,1
1521,20150515,1
1521,20150516,1
1521,20150517,1
1521,20150518,1
1521,20150519,1
1521,20150520,1
1521,20150521,1
1521,20150522,1
1521,20150523,1
1521,20150524,1
1521,20150525,1
1521,20150526,1
1521,20150527,1
1521,20150528,1
1521,20150529,1
1521,20150530,1
2001,20150501,1
2001,20150502,1
2001,20150503,1
2001,20150504,1
2001,20150505,1
2001,20150506,1
2001,20150507,1
2001,20150508,1
2001,20150509,1
2001,20150510,1
2001,20150511,1
2001,20150512,1
2001,20150513,1
2001,20150514,1
2001,20150515,1
2001,20150516,1
2001,20150517,1
2001,20150518,1
2001,20150519,1
2001,20150520,1
2001,20150521,1
2001,20150522,1
2001,20150523,1
2001,20150524,1
2001,20150525,1
2001,20150526,1
2001,20150527,1
2001,20150528,1
2001,20150529,1
2001,20150530,1
2002,20150501,1
2002,20150502,1
2002,20150503,1
2002,20150504,1
2002,20150505,1
2002,20150506,1
2002,20150507,1
2002,20150508,1
2002,20150509,1
2002,20150510,1
2002,20150511,1
2002,20150512,1
2002,20150513,1
2002,20150514,1
2002,20150515,1
2002,20150516,1
2002,20150517,1
2002,20150518,1
2002,20150519,1
2002,20150520,1
2002,20150521,1
2002,20150522,1
2002,20150523,1
2002,20150524,1
2002,20150525,1
2002,20150526,1
2002,20150527,1
2002,20150528,1
2002,20150529,1
2002,20150530,1
2003,20150501,1
2003,20150502,1
2003,20150503,1
2003,20150504,1
2003,20150505,1
2003,20150506,1
2003,20150507,1
2003,20150508,1
2003,20150509,1
2003,20150510,1
2003,20150511,1
2003,20150512,1
2003,20150513,1
2003,20150514,1
2003,20150515,1
2003,20150516,1
2003,20150517,1
2003,20150518,1
2003,20150519,1
2003,20150520,1
2003,20150521,1
2003,20150522,1
2003,20150523,1
2003,20150524,1
2003,20150525,1
2003,20150526,1
2003,20150527,1
2003,20150528,1
2003,20150529,1
2003,20150530,1
2004,20150501,1
2004,20150502,1
2004,20150503,1
2004,20150504,1
2004,20150505,1
2004,20150506,1
2004,20150507,1
2004,20150508,1
2004,20150509,1
2004,20150510,1
2004,20150511,1
2004,20150512,1
2004,20150513,1
2004,20150514,1
2004,20150515,1
2004,20150516,1
2004,20150517,1
2004,20150518,1
2004,20150519,1
2004,20150520,1
2004,20150521,1
2004,20150522,1
2004,20150523,1
2004,20150524,1
2004,20150525,1
2004,20150526,1
2004,20150527,1
2004,20150528,1
2004,20150529,1
2004,20150530,1
2005,20150501,1
2005,20150502,1
2005,20150503,1
2005,20150504,1
2005,20150505,1
2005,20150506,1
2005,20150507,1
2005,20150508,1
2005,20150509,1
2005,20150510,1
2005,20150511,1
2005,20150512,1
2005,20150513,1
2005,20150514,1
2005,20150515,1
2005,20150516,1
2005,20150517,1
2005,20150518,1
2005,20150519,1
2005,20150520,1
2005,20150521,1
2005,20150522,1
2005,20150523,1
2005,20150524,1
2005,20150525,1
2005,20150526,1
2005,20150527,1
2005,20150528,1
2005,20150529,1
2005,20150530,1
2006,20150501,1
2006,20150502,1
2006,20150503,1
2006,20150504,1
2006,20150505,1
2006,20150506,1
2006,20150507,1
2006,20150508,1
2006,20150509,1
2006,20150510,1
2006,20150511,1
2006,20150512,1
2006,20150513,1
2006,20150514,1
2006,20150515,1
2006,20150516,1
2006,20150517,1
2006,20150518,1
2006,20150519,1
2006,20150520,1
2006,20150521,1
2006,20150522,1
2006,20150523,1
2006,20150524,1
2006,20150525,1
2006,20150526,1
2006,20150527,1
2006,20150528,1
2006,20150529,1
2006,20150530,1
2007,20150501,1
2007,20150502,1
2007,20150503,1
2007,20150504,1
2007,20150505,1
2007,20150506,1
2007,20150507,1
2007,20150508,1
2007,20150509,1
2007,20150510,1
2007,20150511,1
2007,20150512,1
2007,20150513,1
2007,20150514,1
2007,20150515,1
2007,20150516,1
2007,20150517,1
2007,20150518,1
2007,20150519,1
2007,20150520,1
2007,20150521,1
2007,20150522,1
2007,20150523,1
2007,20150524,1
2007,20150525,1
2007,20150526,1
2007,20150527,1
2007,20150528,1
2007,20150529,1
2007,20150530,1
2008,20150501,1
2008,20150502,1
2008,20150503,1
2008,20150504,1
2008,20150505,1
2008,20150506,1
2008,20150507,1
2008,20150508,1
2008,20150509,1
2008,20150510,1
2008,20150511,1
2008,20150512,1
2008,20150513,1
2008,20150514,1
2008,20150515,1
2008,20150516,1
2008,20150517,1
2008,20150518,1
2008,20150519,1
2008,20150520,1
2008,20150521,1
2008,20150522,1
2008,20150523,1
2008,20150524,1
2008,20150525,1
2008,20150526,1
2008,20150527,1
2008,20150528,1
2008,20150529,1
2008,20150530,1
2009,20150501,1
2009,20150502,1
2009,20150503,1
2009,20150504,1
2009,20150505,1
2009,20150506,1
2009,20150507,1
2009,20150508,1
2009,20150509,1
2009,20150510,1
2009,20150511,1
2009,20150512,1
2009,20150513,1
2009,20150514,1
2009,20150515,1
2009,20150516,1
2009,20150517,1
2009,20150518,1
2009,20150519,1
2009,20150520,1
2009,20150521,1
2009,20150522,1
2009,20150523,1
2009,20150524,1
2009,20150525,1
2009,20150526,1
2009,20150527,1
2009,20150528,1
2009,20150529,1
2009,20150530,1
2010,20150501,1
2010,20150502,1
2010,20150503,1
2010,20150504,1
2010,20150505,1
2010,20150506,1
2010,20150507,1
2010,20150508,1
2010,20150509,1
2010,20150510,1
2010,20150511,1
2010,20150512,1
2010,20150513,1
2010,20150514,1
2010,20150515,1
2010,20150516,1
2010,20150517,1
2010,20150518,1
2010,20150519,1
2010,20150520,1
2010,20150521,1
2010,20150522,1
2010,20150523,1
2010,20150524,1
2010,20150525,1
2010,20150526,1
2010,20150527,1
2010,20150528,1
2010,20150529,1
2010,20150530,1
2011,20150501,1
2011,20150502,1
2011,20150503,1
2011,20150504,1
2011,20150505,1
2011,20150506,1
2011,20150507,1
2011,20150508,1
2011,20150509,1
2011,20150510,1
2011,20150511,1
2011,20150512,1
2011,20150513,1
2011,20150514,1
2011,20150515,1
2011,20150516,1
2011,20150517,1
2011,20150518,1
2011,20150519,1
2011,20150520,1
2011,20150521,1
2011,20150522,1
2011,20150523,1
2011,20150524,1
2011,20150525,1
2011,20150526,1
2011,20150527,1
2011,20150528,1
2011,20150529,1
2011,20150530,1
2012,20150501,1
2012,20150502,1
2012,20150503,1
2012,20150504,1
2012,20150505,1
2012,20150506,1
2012,20150507,1
2012,20150508,1
2012,20150509,1
2012,20150510,1
2012,20150511,1
2012,20150512,1
2012,20150513,1
2012,20150514,1
2012,20150515,1
2012,20150516,1
2012,20150517,1
2012,20150518,1
2012,20150519,1
2012,20150520,1
2012,20150521,1
2012,20150522,1
2012,20150523,1
2012,20150524,1
2012,20150525,1
2012,20150526,1
2012,20150527,1
2012,20150528,1
2012,20150529,1
2012,20150530,1
2013,20150501,1
2013,20150502,1
2013,20150503,1
2013,20150504,1
2013,20150505,1
2013,20150506,1
2013,20150507,1
2013,20150508,1
2013,20150509,1
2013,20150510,1
2013,20150511,1
2013,20150512,1
2013,20150513,1
2013,20150514,1
2013,20150515,1
2013,20150516,1
2013,20150517,1
2013,20150518,1
2013,20150519,1
2013,20150520,1
2013,20150521,1
2013,20150522,1
2013,20150523,1
2013,20150524,1
2013,20150525,1
2013,20150526,1
2013,20150527,1
2013,20150528,1
2013,20150529,1
2013,20150530,1
2014,20150501,1
2014,20150502,1
2014,20150503,1
2014,20150504,1
2014,20150505,1
2014,20150506,1
2014,20150507,1
2014,20150508,1
2014,20150509,1
2014,20150510,1
2014,20150511,1
2014,20150512,1
2014,20150513,1
2014,20150514,1
2014,20150515,1
2014,20150516,1
2014,20150517,1
2014,20150518,1
2014,20150519,1
2014,20150520,1
2014,20150521,1
2014,20150522,1
2014,20150523,1
2014,20150524,1
2014,20150525,1
2014,20150526,1
2014,20150527,1
2014,20150528,1
2014,20150529,1
2014,20150530,1
2015,20150501,1
2015,20150502,1
2015,20150503,1
2015,20150504,1
2015,20150505,1
2015,20150506,1
2015,20150507,1
2015,20150508,1
2015,20150509,1
2015,20150510,1
2015,20150511,1
2015,20150512,1
2015,20150513,1
2015,20150514,1
2015,20150515,1
2015,20150516,1
2015,20150517,1
2015,20150518,1
2015,20150519,1
2015,20150520,1
2015,20150521,1
2015,20150522,1
2015,20150523,1
2015,20150524,1
2015,20150525,1
2015,20150526,1
2015,20150527,1
2015,20150528,1
2015,20150529,1
2015,20150530,1
2101,20150501,1
2101,20150502,1
2101,20150503,1
2101,20150504,1
2101,20150505,1
2101,20150506,1
2101,20150507,1
2101,20150508,1
2101,20150509,1
2101,20150510,1
2101,20150511,1
2101,20150512,1
2101,20150513,1
2101,20150514,1
2101,20150515,1
2101,20150516,1
2101,20150517,1
2101,20150518,1
2101,20150519,1
2101,20150520,1
2101,20150521,1
2101,20150522,1
2101,20150523,1
2101,20150524,1
2101,20150525,1
2101,20150526,1
2101,20150527,1
2101,20150528,1
2101,20150529,1
2101,20150530,1
2102,20150501,1
2102,20150502,1
2102,20150503,1
2102,20150504,1
2102,20150505,1
2102,20150506,1
2102,20150507,1
2102,20150508,1
2102,20150509,1
2102,20150510,1
2102,20150511,1
2102,20150512,1
2102,20150513,1
2102,20150514,1
2102,20150515,1
2102,20150516,1
2102,20150517,1
2102,20150518,1
2102,20150519,1
2102,20150520,1
2102,20150521,1
2102,20150522,1
2102,20150523,1
2102,20150524,1
2102,20150525,1
2102,20150526,1
2102,20150527,1
2102,20150528,1
2102,20150529,1
2102,20150530,1
2103,20150501,1
2103,20150502,1
2103,20150503,1
2103,20150504,1
2103,20150505,1
2103,20150506,1
2103,20150507,1
2103,20150508,1
2103,20150509,1
2103,20150510,1
2103,20150511,1
2103,20150512,1
2103,20150513,1
2103,20150514,1
2103,20150515,1
2103,20150516,1
2103,20150517,1
2103,20150518,1
2103,20150519,1
2103,20150520,1
2103,20150521,1
2103,20150522,1
2103,20150523,1
2103,20150524,1
2103,20150525,1
2103,20150526,1
2103,20150527,1
2103,20150528,1
2103,20150529,1
2103,20150530,1
2104,20150501,1
2104,20150502,1
2104,20150503,1
2104,20150504,1
2104,20150505,1
2104,20150506,1
2104,20150507,1
2104,20150508,1
2104,20150509,1
2104,20150510,1
2104,20150511,1
2104,20150512,1
2104,20150513,1
2104,20150514,1
2104,20150515,1
2104,20150516,1
2104,20150517,1
2104,20150518,1
2104,20150519,1
2104,20150520,1
2104,20150521,1
2104,20150522,1
2104,20150523,1
2104,20150524,1
2104,20150525,1
2104,20150526,1
2104,20150527,1
2104,20150528,1
2104,20150529,1
2104,20150530,1
2105,20150501,1
2105,20150502,1
2105,20150503,1
2105,20150504,1
2105,20150505,1
2105,20150506,1
2105,20150507,1
2105,20150508,1
2105,20150509,1
2105,20150510,1
2105,20150511,1
2105,20150512,1
2105,20150513,1
2105,20150514,1
2105,20150515,1
2105,20150516,1
2105,20150517,1
2105,20150518,1
2105,20150519,1
2105,20150520,1
2105,20150521,1
2105,20150522,1
2105,20150523,1
2105,20150524,1
2105,20150525,1
2105,20150526,1
2105,20150527,1
2105,20150528,1
2105,20150529,1
2105,20150530,1
2106,20150501,1
2106,20150502,1
2106,20150503,1
2106,20150504,1
2106,20150505,1
2106,20150506,1
2106,20150507,1
2106,20150508,1
2106,20150509,1
2106,20150510,1
2106,20150511,1
2106,20150512,1
2106,20150513,1
2106,20150514,1
2106,20150515,1
2106,20150516,1
2106,20150517,1
2106,20150518,1
2106,20150519,1
2106,20150520,1
2106,20150521,1
2106,20150522,1
2106,20150523,1
2106,20150524,1
2106,20150525,1
2106,20150526,1
2106,20150527,1
2106,20150528,1
2106,20150529,1
2106,20150530,1
2107,20150501,1
2107,20150502,1
2107,20150503,1
2107,20150504,1
2107,20150505,1
2107,20150506,1
2107,20150507,1
2107,20150508,1
2107,20150509,1
2107,20150510,1
2107,20150511,1
2107,20150512,1
2107,20150513,1
2107,20150514,1
2107,20150515,1
2107,20150516,1
2107,20150517,1
2107,20150518,1
2107,20150519,1
2107,20150520,1
2107,20150521,1
2107,20150522,1
2107,20150523,1
2107,20150524,1
2107,20150525,1
2107,20150526,1
2107,20150527,1
2107,20150528,1
2107,20150529,1
2107,20150530,1
2201,20150501,1
2201,20150502,1
2201,20150503,1
2201,20150504,1
2201,20150505,1
2201,20150506,1
2201,20150507,1
2201,20150508,1
2201,20150509,1
2201,20150510,1
2201,20150511,1
2201,20150512,1
2201,20150513,1
2201,20150514,1
2201,20150515,1
2201,20150516,1
2201,20150517,1
2201,20150518,1
2201,20150519,1
2201,20150520,1
2201,20150521,1
2201,20150522,1
2201,20150523,1
2201,20150524,1
2201,20150525,1
2201,20150526,1
2201,20150527,1
2201,20150528,1
2201,20150529,1
2201,20150530,1
2202,20150501,1
2202,20150502,1
2202,20150503,1
2202,20150504,1
2202,20150505,1
2202,20150506,1
2202,20150507,1
2202,20150508,1
2202,20150509,1
2202,20150510,1
2202,20150511,1
2202,20150512,1
2202,20150513,1
2202,20150514,1
2202,20150515,1
2202,20150516,1
2202,20150517,1
2202,20150518,1
2202,20150519,1
2202,20150520,1
2202,20150521,1
2202,20150522,1
2202,20150523,1
2202,20150524,1
2202,20150525,1
2202,20150526,1
2202,20150527,1
2202,20150528,1
2202,20150529,1
2202,20150530,1
2203,20150501,1
2203,20150502,1
2203,20150503,1
2203,20150504,1
2203,20150505,1
2203,20150506,1
2203,20150507,1
2203,20150508,1
2203,20150509,1
2203,20150510,1
2203,20150511,1
2203,20150512,1
2203,20150513,1
2203,20150514,1
2203,20150515,1
2203,20150516,1
2203,20150517,1
2203,20150518,1
2203,20150519,1
2203,20150520,1
2203,20150521,1
2203,20150522,1
2203,20150523,1
2203,20150524,1
2203,20150525,1
2203,20150526,1
2203,20150527,1
2203,20150528,1
2203,20150529,1
2203,20150530,1
2204,20150501,1
2204,20150502,1
2204,20150503,1
2204,20150504,1
2204,20150505,1
2204,20150506,1
2204,20150507,1
2204,20150508,1
2204,20150509,1
2204,20150510,1
2204,20150511,1
2204,20150512,1
2204,20150513,1
2204,20150514,1
2204,20150515,1
2204,20150516,1
2204,20150517,1
2204,20150518,1
2204,20150519,1
2204,20150520,1
2204,20150521,1
2204,20150522,1
2204,20150523,1
2204,20150524,1
2204,20150525,1
2204,20150526,1
2204,20150527,1
2204,20150528,1
2204,20150529,1
2204,20150530,1
2205,20150501,1
2205,20150502,1
2205,20150503,1
2205,20150504,1
2205,20150505,1
2205,20150506,1
2205,20150507,1
2205,20150508,1
2205,20150509,1
2205,20150510,1
2205,20150511,1
2205,20150512,1
2205,20150513,1
2205,20150514,1
2205,20150515,1
2205,20150516,1
2205,20150517,1
2205,20150518,1
2205,20150519,1
2205,20150520,1
2205,20150521,1
2205,20150522,1
2205,20150523,1
2205,20150524,1
2205,20150525,1
2205,20150526,1
2205,20150527,1
2205,20150528,1
2205,20150529,1
2205,20150530,1
2206,20150501,1
2206,20150502,1
2206,20150503,1
2206,20150504,1
2206,20150505,1
2206,20150506,1
2206,20150507,1
2206,20150508,1
2206,20150509,1
2206,20150510,1
2206,20150511,1
2206,20150512,1
2206,20150513,1
2206,20150514,1
2206,20150515,1
2206,20150516,1
2206,20150517,1
2206,20150518,1
2206,20150519,1
2206,20150520,1
2206,20150521,1
2206,20150522,1
2206,20150523,1
2206,20150524,1
2206,20150525,1
2206,20150526,1
2206,20150527,1
2206,20150528,1
2206,20150529,1
2206,20150530,1
2207,20150501,1
2207,20150502,1
2207,20150503,1
2207,20150504,1
2207,20150505,1
2207,20150506,1
2207,20150507,1
2207,20150508,1
2207,20150509,1
2207,20150510,1
2207,20150511,1
2207,20150512,1
2207,20150513,1
2207,20150514,1
2207,20150515,1
2207,20150516,1
2207,20150517,1
2207,20150518,1
2207,20150519,1
2207,20150520,1
2207,20150521,1
2207,20150522,1
2207,20150523,1
2207,20150524,1
2207,20150525,1
2207,20150526,1
2207,20150527,1
2207,20150528,1
2207,20150529,1
2207,20150530,1
2208,20150501,1
2208,20150502,1
2208,20150503,1
2208,20150504,1
2208,20150505,1
2208,20150506,1
2208,20150507,1
2208,20150508,1
2208,20150509,1
2208,20150510,1
2208,20150511,1
2208,20150512,1
2208,20150513,1
2208,20150514,1
2208,20150515,1
2208,20150516,1
2208,20150517,1
2208,20150518,1
2208,20150519,1
2208,20150520,1
2208,20150521,1
2208,20150522,1
2208,20150523,1
2208,20150524,1
2208,20150525,1
2208,20150526,1
2208,20150527,1
2208,20150528,1
2208,20150529,1
2208,20150530,1
2209,20150501,1
2209,20150502,1
2209,20150503,1
2209,20150504,1
2209,20150505,1
2209,20150506,1
2209,20150507,1
2209,20150508,1
2209,20150509,1
2209,20150510,1
2209,20150511,1
2209,20150512,1
2209,20150513,1
2209,20150514,1
2209,20150515,1
2209,20150516,1
2209,20150517,1
2209,20150518,1
2209,20150519,1
2209,20150520,1
2209,20150521,1
2209,20150522,1
2209,20150523,1
2209,20150524,1
2209,20150525,1
2209,20150526,1
2209,20150527,1
2209,20150528,1
2209,20150529,1
2209,20150530,1
2210,20150501,1
2210,20150502,1
2210,20150503,1
2210,20150504,1
2210,20150505,1
2210,20150506,1
2210,20150507,1
2210,20150508,1
2210,20150509,1
2210,20150510,1
2210,20150511,1
2210,20150512,1
2210,20150513,1
2210,20150514,1
2210,20150515,1
2210,20150516,1
2210,20150517,1
2210,20150518,1
2210,20150519,1
2210,20150520,1
2210,20150521,1
2210,20150522,1
2210,20150523,1
2210,20150524,1
2210,20150525,1
2210,20150526,1
2210,20150527,1
2210,20150528,1
2210,20150529,1
2210,20150530,1
2211,20150501,1
2211,20150502,1
2211,20150503,1
2211,20150504,1
2211,20150505,1
2211,20150506,1
2211,20150507,1
2211,20150508,1
2211,20150509,1
2211,20150510,1
2211,20150511,1
2211,20150512,1
2211,20150513,1
2211,20150514,1
2211,20150515,1
2211,20150516,1
2211,20150517,1
2211,20150518,1
2211,20150519,1
2211,20150520,1
2211,20150521,1
2211,20150522,1
2211,20150523,1
2211,20150524,1
2211,20150525,1
2211,20150526,1
2211,20150527,1
2211,20150528,1
2211,20150529,1
2211,20150530,1
2212,20150501,1
2212,20150502,1
2212,20150503,1
2212,20150504,1
2212,20150505,1
2212,20150506,1
2212,20150507,1
2212,20150508,1
2212,20150509,1
2212,20150510,1
2212,20150511,1
2212,20150512,1
2212,20150513,1
2212,20150514,1
2212,20150515,1
2212,20150516,1
2212,20150517,1
2212,20150518,1
2212,20150519,1
2212,20150520,1
2212,20150521,1
2212,20150522,1
2212,20150523,1
2212,20150524,1
2212,20150525,1
2212,20150526,1
2212,20150527,1
2212,20150528,1
2212,20150529,1
2212,20150530,1
2301,20150501,1
2301,20150502,1
2301,20150503,1
2301,20150504,1
2301,20150505,1
2301,20150506,1
2301,20150507,1
2301,20150508,1
2301,20150509,1
2301,20150510,1
2301,20150511,1
2301,20150512,1
2301,20150513,1
2301,20150514,1
2301,20150515,1
2301,20150516,1
2301,20150517,1
2301,20150518,1
2301,20150519,1
2301,20150520,1
2301,20150521,1
2301,20150522,1
2301,20150523,1
2301,20150524,1
2301,20150525,1
2301,20150526,1
2301,20150527,1
2301,20150528,1
2301,20150529,1
2301,20150530,1
2302,20150501,1
2302,20150502,1
2302,20150503,1
2302,20150504,1
2302,20150505,1
2302,20150506,1
2302,20150507,1
2302,20150508,1
2302,20150509,1
2302,20150510,1
2302,20150511,1
2302,20150512,1
2302,20150513,1
2302,20150514,1
2302,20150515,1
2302,20150516,1
2302,20150517,1
2302,20150518,1
2302,20150519,1
2302,20150520,1
2302,20150521,1
2302,20150522,1
2302,20150523,1
2302,20150524,1
2302,20150525,1
2302,20150526,1
2302,20150527,1
2302,20150528,1
2302,20150529,1
2302,20150530,1
2303,20150501,1
2303,20150502,1
2303,20150503,1
2303,20150504,1
2303,20150505,1
2303,20150506,1
2303,20150507,1
2303,20150508,1
2303,20150509,1
2303,20150510,1
2303,20150511,1
2303,20150512,1
2303,20150513,1
2303,20150514,1
2303,20150515,1
2303,20150516,1
2303,20150517,1
2303,20150518,1
2303,20150519,1
2303,20150520,1
2303,20150521,1
2303,20150522,1
2303,20150523,1
2303,20150524,1
2303,20150525,1
2303,20150526,1
2303,20150527,1
2303,20150528,1
2303,20150529,1
2303,20150530,1
2304,20150501,1
2304,20150502,1
2304,20150503,1
2304,20150504,1
2304,20150505,1
2304,20150506,1
2304,20150507,1
2304,20150508,1
2304,20150509,1
2304,20150510,1
2304,20150511,1
2304,20150512,1
2304,20150513,1
2304,20150514,1
2304,20150515,1
2304,20150516,1
2304,20150517,1
2304,20150518,1
2304,20150519,1
2304,20150520,1
2304,20150521,1
2304,20150522,1
2304,20150523,1
2304,20150524,1
2304,20150525,1
2304,20150526,1
2304,20150527,1
2304,20150528,1
2304,20150529,1
2304,20150530,1
2305,20150501,1
2305,20150502,1
2305,20150503,1
2305,20150504,1
2305,20150505,1
2305,20150506,1
2305,20150507,1
2305,20150508,1
2305,20150509,1
2305,20150510,1
2305,20150511,1
2305,20150512,1
2305,20150513,1
2305,20150514,1
2305,20150515,1
2305,20150516,1
2305,20150517,1
2305,20150518,1
2305,20150519,1
2305,20150520,1
2305,20150521,1
2305,20150522,1
2305,20150523,1
2305,20150524,1
2305,20150525,1
2305,20150526,1
2305,20150527,1
2305,20150528,1
2305,20150529,1
2305,20150530,1
2306,20150501,1
2306,20150502,1
2306,20150503,1
2306,20150504,1
2306,20150505,1
2306,20150506,1
2306,20150507,1
2306,20150508,1
2306,20150509,1
2306,20150510,1
2306,20150511,1
2306,20150512,1
2306,20150513,1
2306,20150514,1
2306,20150515,1
2306,20150516,1
2306,20150517,1
2306,20150518,1
2306,20150519,1
2306,20150520,1
2306,20150521,1
2306,20150522,1
2306,20150523,1
2306,20150524,1
2306,20150525,1
2306,20150526,1
2306,20150527,1
2306,20150528,1
2306,20150529,1
2306,20150530,1
2307,20150501,1
2307,20150502,1
2307,20150503,1
2307,20150504,1
2307,20150505,1
2307,20150506,1
2307,20150507,1
2307,20150508,1
2307,20150509,1
2307,20150510,1
2307,20150511,1
2307,20150512,1
2307,20150513,1
2307,20150514,1
2307,20150515,1
2307,20150516,1
2307,20150517,1
2307,20150518,1
2307,20150519,1
2307,20150520,1
2307,20150521,1
2307,20150522,1
2307,20150523,1
2307,20150524,1
2307,20150525,1
2307,20150526,1
2307,20150527,1
2307,20150528,1
2307,20150529,1
2307,20150530,1
2309,20150501,1
2309,20150502,1
2309,20150503,1
2309,20150504,1
2309,20150505,1
2309,20150506,1
2309,20150507,1
2309,20150508,1
2309,20150509,1
2309,20150510,1
2309,20150511,1
2309,20150512,1
2309,20150513,1
2309,20150514,1
2309,20150515,1
2309,20150516,1
2309,20150517,1
2309,20150518,1
2309,20150519,1
2309,20150520,1
2309,20150521,1
2309,20150522,1
2309,20150523,1
2309,20150524,1
2309,20150525,1
2309,20150526,1
2309,20150527,1
2309,20150528,1
2309,20150529,1
2309,20150530,1
2310,20150501,1
2310,20150502,1
2310,20150503,1
2310,20150504,1
2310,20150505,1
2310,20150506,1
2310,20150507,1
2310,20150508,1
2310,20150509,1
2310,20150510,1
2310,20150511,1
2310,20150512,1
2310,20150513,1
2310,20150514,1
2310,20150515,1
2310,20150516,1
2310,20150517,1
2310,20150518,1
2310,20150519,1
2310,20150520,1
2310,20150521,1
2310,20150522,1
2310,20150523,1
2310,20150524,1
2310,20150525,1
2310,20150526,1
2310,20150527,1
2310,20150528,1
2310,20150529,1
2310,20150530,1
2311,20150501,1
2311,20150502,1
2311,20150503,1
2311,20150504,1
2311,20150505,1
2311,20150506,1
2311,20150507,1
2311,20150508,1
2311,20150509,1
2311,20150510,1
2311,20150511,1
2311,20150512,1
2311,20150513,1
2311,20150514,1
2311,20150515,1
2311,20150516,1
2311,20150517,1
2311,20150518,1
2311,20150519,1
2311,20150520,1
2311,20150521,1
2311,20150522,1
2311,20150523,1
2311,20150524,1
2311,20150525,1
2311,20150526,1
2311,20150527,1
2311,20150528,1
2311,20150529,1
2311,20150530,1
2312,20150501,1
2312,20150502,1
2312,20150503,1
2312,20150504,1
2312,20150505,1
2312,20150506,1
2312,20150507,1
2312,20150508,1
2312,20150509,1
2312,20150510,1
2312,20150511,1
2312,20150512,1
2312,20150513,1
2312,20150514,1
2312,20150515,1
2312,20150516,1
2312,20150517,1
2312,20150518,1
2312,20150519,1
2312,20150520,1
2312,20150521,1
2312,20150522,1
2312,20150523,1
2312,20150524,1
2312,20150525,1
2312,20150526,1
2312,20150527,1
2312,20150528,1
2312,20150529,1
2312,20150530,1
2313,20150501,1
2313,20150502,1
2313,20150503,1
2313,20150504,1
2313,20150505,1
2313,20150506,1
2313,20150507,1
2313,20150508,1
2313,20150509,1
2313,20150510,1
2313,20150511,1
2313,20150512,1
2313,20150513,1
2313,20150514,1
2313,20150515,1
2313,20150516,1
2313,20150517,1
2313,20150518,1
2313,20150519,1
2313,20150520,1
2313,20150521,1
2313,20150522,1
2313,20150523,1
2313,20150524,1
2313,20150525,1
2313,20150526,1
2313,20150527,1
2313,20150528,1
2313,20150529,1
2313,20150530,1
2314,20150501,1
2314,20150502,1
2314,20150503,1
2314,20150504,1
2314,20150505,1
2314,20150506,1
2314,20150507,1
2314,20150508,1
2314,20150509,1
2314,20150510,1
2314,20150511,1
2314,20150512,1
2314,20150513,1
2314,20150514,1
2314,20150515,1
2314,20150516,1
2314,20150517,1
2314,20150518,1
2314,20150519,1
2314,20150520,1
2314,20150521,1
2314,20150522,1
2314,20150523,1
2314,20150524,1
2314,20150525,1
2314,20150526,1
2314,20150527,1
2314,20150528,1
2314,20150529,1
2314,20150530,1
2316,20150501,1
2316,20150502,1
2316,20150503,1
2316,20150504,1
2316,20150505,1
2316,20150506,1
2316,20150507,1
2316,20150508,1
2316,20150509,1
2316,20150510,1
2316,20150511,1
2316,20150512,1
2316,20150513,1
2316,20150514,1
2316,20150515,1
2316,20150516,1
2316,20150517,1
2316,20150518,1
2316,20150519,1
2316,20150520,1
2316,20150521,1
2316,20150522,1
2316,20150523,1
2316,20150524,1
2316,20150525,1
2316,20150526,1
2316,20150527,1
2316,20150528,1
2316,20150529,1
2316,20150530,1
2317,20150501,1
2317,20150502,1
2317,20150503,1
2317,20150504,1
2317,20150505,1
2317,20150506,1
2317,20150507,1
2317,20150508,1
2317,20150509,1
2317,20150510,1
2317,20150511,1
2317,20150512,1
2317,20150513,1
2317,20150514,1
2317,20150515,1
2317,20150516,1
2317,20150517,1
2317,20150518,1
2317,20150519,1
2317,20150520,1
2317,20150521,1
2317,20150522,1
2317,20150523,1
2317,20150524,1
2317,20150525,1
2317,20150526,1
2317,20150527,1
2317,20150528,1
2317,20150529,1
2317,20150530,1
3001,20150501,1
3001,20150502,1
3001,20150503,1
3001,20150504,1
3001,20150505,1
3001,20150506,1
3001,20150507,1
3001,20150508,1
3001,20150509,1
3001,20150510,1
3001,20150511,1
3001,20150512,1
3001,20150513,1
3001,20150514,1
3001,20150515,1
3001,20150516,1
3001,20150517,1
3001,20150518,1
3001,20150519,1
3001,20150520,1
3001,20150521,1
3001,20150522,1
3001,20150523,1
3001,20150524,1
3001,20150525,1
3001,20150526,1
3001,20150527,1
3001,20150528,1
3001,20150529,1
3001,20150530,1
3002,20150501,1
3002,20150502,1
3002,20150503,1
3002,20150504,1
3002,20150505,1
3002,20150506,1
3002,20150507,1
3002,20150508,1
3002,20150509,1
3002,20150510,1
3002,20150511,1
3002,20150512,1
3002,20150513,1
3002,20150514,1
3002,20150515,1
3002,20150516,1
3002,20150517,1
3002,20150518,1
3002,20150519,1
3002,20150520,1
3002,20150521,1
3002,20150522,1
3002,20150523,1
3002,20150524,1
3002,20150525,1
3002,20150526,1
3002,20150527,1
3002,20150528,1
3002,20150529,1
3002,20150530,1
3003,20150501,1
3003,20150502,1
3003,20150503,1
3003,20150504,1
3003,20150505,1
3003,20150506,1
3003,20150507,1
3003,20150508,1
3003,20150509,1
3003,20150510,1
3003,20150511,1
3003,20150512,1
3003,20150513,1
3003,20150514,1
3003,20150515,1
3003,20150516,1
3003,20150517,1
3003,20150518,1
3003,20150519,1
3003,20150520,1
3003,20150521,1
3003,20150522,1
3003,20150523,1
3003,20150524,1
3003,20150525,1
3003,20150526,1
3003,20150527,1
3003,20150528,1
3003,20150529,1
3003,20150530,1
3004,20150501,1
3004,20150502,1
3004,20150503,1
3004,20150504,1
3004,20150505,1
3004,20150506,1
3004,20150507,1
3004,20150508,1
3004,20150509,1
3004,20150510,1
3004,20150511,1
3004,20150512,1
3004,20150513,1
3004,20150514,1
3004,20150515,1
3004,20150516,1
3004,20150517,1
3004,20150518,1
3004,20150519,1
3004,20150520,1
3004,20150521,1
3004,20150522,1
3004,20150523,1
3004,20150524,1
3004,20150525,1
3004,20150526,1
3004,20150527,1
3004,20150528,1
3004,20150529,1
3004,20150530,1
3005,20150501,1
3005,20150502,1
3005,20150503,1
3005,20150504,1
3005,20150505,1
3005,20150506,1
3005,20150507,1
3005,20150508,1
3005,20150509,1
3005,20150510,1
3005,20150511,1
3005,20150512,1
3005,20150513,1
3005,20150514,1
3005,20150515,1
3005,20150516,1
3005,20150517,1
3005,20150518,1
3005,20150519,1
3005,20150520,1
3005,20150521,1
3005,20150522,1
3005,20150523,1
3005,20150524,1
3005,20150525,1
3005,20150526,1
3005,20150527,1
3005,20150528,1
3005,20150529,1
3005,20150530,1
3006,20150501,1
3006,20150502,1
3006,20150503,1
3006,20150504,1
3006,20150505,1
3006,20150506,1
3006,20150507,1
3006,20150508,1
3006,20150509,1
3006,20150510,1
3006,20150511,1
3006,20150512,1
3006,20150513,1
3006,20150514,1
3006,20150515,1
3006,20150516,1
3006,20150517,1
3006,20150518,1
3006,20150519,1
3006,20150520,1
3006,20150521,1
3006,20150522,1
3006,20150523,1
3006,20150524,1
3006,20150525,1
3006,20150526,1
3006,20150527,1
3006,20150528,1
3006,20150529,1
3006,20150530,1
3007,20150501,1
3007,20150502,1
3007,20150503,1
3007,20150504,1
3007,20150505,1
3007,20150506,1
3007,20150507,1
3007,20150508,1
3007,20150509,1
3007,20150510,1
3007,20150511,1
3007,20150512,1
3007,20150513,1
3007,20150514,1
3007,20150515,1
3007,20150516,1
3007,20150517,1
3007,20150518,1
3007,20150519,1
3007,20150520,1
3007,20150521,1
3007,20150522,1
3007,20150523,1
3007,20150524,1
3007,20150525,1
3007,20150526,1
3007,20150527,1
3007,20150528,1
3007,20150529,1
3007,20150530,1
3008,20150501,1
3008,20150502,1
3008,20150503,1
3008,20150504,1
3008,20150505,1
3008,20150506,1
3008,20150507,1
3008,20150508,1
3008,20150509,1
3008,20150510,1
3008,20150511,1
3008,20150512,1
3008,20150513,1
3008,20150514,1
3008,20150515,1
3008,20150516,1
3008,20150517,1
3008,20150518,1
3008,20150519,1
3008,20150520,1
3008,20150521,1
3008,20150522,1
3008,20150523,1
3008,20150524,1
3008,20150525,1
3008,20150526,1
3008,20150527,1
3008,20150528,1
3008,20150529,1
3008,20150530,1
3010,20150501,1
3010,20150502,1
3010,20150503,1
3010,20150504,1
3010,20150505,1
3010,20150506,1
3010,20150507,1
3010,20150508,1
3010,20150509,1
3010,20150510,1
3010,20150511,1
3010,20150512,1
3010,20150513,1
3010,20150514,1
3010,20150515,1
3010,20150516,1
3010,20150517,1
3010,20150518,1
3010,20150519,1
3010,20150520,1
3010,20150521,1
3010,20150522,1
3010,20150523,1
3010,20150524,1
3010,20150525,1
3010,20150526,1
3010,20150527,1
3010,20150528,1
3010,20150529,1
3010,20150530,1
3011,20150501,1
3011,20150502,1
3011,20150503,1
3011,20150504,1
3011,20150505,1
3011,20150506,1
3011,20150507,1
3011,20150508,1
3011,20150509,1
3011,20150510,1
3011,20150511,1
3011,20150512,1
3011,20150513,1
3011,20150514,1
3011,20150515,1
3011,20150516,1
3011,20150517,1
3011,20150518,1
3011,20150519,1
3011,20150520,1
3011,20150521,1
3011,20150522,1
3011,20150523,1
3011,20150524,1
3011,20150525,1
3011,20150526,1
3011,20150527,1
3011,20150528,1
3011,20150529,1
3011,20150530,1
3013,20150501,1
3013,20150502,1
3013,20150503,1
3013,20150504,1
3013,20150505,1
3013,20150506,1
3013,20150507,1
3013,20150508,1
3013,20150509,1
3013,20150510,1
3013,20150511,1
3013,20150512,1
3013,20150513,1
3013,20150514,1
3013,20150515,1
3013,20150516,1
3013,20150517,1
3013,20150518,1
3013,20150519,1
3013,20150520,1
3013,20150521,1
3013,20150522,1
3013,20150523,1
3013,20150524,1
3013,20150525,1
3013,20150526,1
3013,20150527,1
3013,20150528,1
3013,20150529,1
3013,20150530,1
3014,20150501,1
3014,20150502,1
3014,20150503,1
3014,20150504,1
3014,20150505,1
3014,20150506,1
3014,20150507,1
3014,20150508,1
3014,20150509,1
3014,20150510,1
3014,20150511,1
3014,20150512,1
3014,20150513,1
3014,20150514,1
3014,20150515,1
3014,20150516,1
3014,20150517,1
3014,20150518,1
3014,20150519,1
3014,20150520,1
3014,20150521,1
3014,20150522,1
3014,20150523,1
3014,20150524,1
3014,20150525,1
3014,20150526,1
3014,20150527,1
3014,20150528,1
3014,20150529,1
3014,20150530,1
3016,20150501,1
3016,20150502,1
3016,20150503,1
3016,20150504,1
3016,20150505,1
3016,20150506,1
3016,20150507,1
3016,20150508,1
3016,20150509,1
3016,20150510,1
3016,20150511,1
3016,20150512,1
3016,20150513,1
3016,20150514,1
3016,20150515,1
3016,20150516,1
3016,20150517,1
3016,20150518,1
3016,20150519,1
3016,20150520,1
3016,20150521,1
3016,20150522,1
3016,20150523,1
3016,20150524,1
3016,20150525,1
3016,20150526,1
3016,20150527,1
3016,20150528,1
3016,20150529,1
3016,20150530,1
3017,20150501,1
3017,20150502,1
3017,20150503,1
3017,20150504,1
3017,20150505,1
3017,20150506,1
3017,20150507,1
3017,20150508,1
3017,20150509,1
3017,20150510,1
3017,20150511,1
3017,20150512,1
3017,20150513,1
3017,20150514,1
3017,20150515,1
3017,20150516,1
3017,20150517,1
3017,20150518,1
3017,20150519,1
3017,20150520,1
3017,20150521,1
3017,20150522,1
3017,20150523,1
3017,20150524,1
3017,20150525,1
3017,20150526,1
3017,20150527,1
3017,20150528,1
3017,20150529,1
3017,20150530,1
3018,20150501,1
3018,20150502,1
3018,20150503,1
3018,20150504,1
3018,20150505,1
3018,20150506,1
3018,20150507,1
3018,20150508,1
3018,20150509,1
3018,20150510,1
3018,20150511,1
3018,20150512,1
3018,20150513,1
3018,20150514,1
3018,20150515,1
3018,20150516,1
3018,20150517,1
3018,20150518,1
3018,20150519,1
3018,20150520,1
3018,20150521,1
3018,20150522,1
3018,20150523,1
3018,20150524,1
3018,20150525,1
3018,20150526,1
3018,20150527,1
3018,20150528,1
3018,20150529,1
3018,20150530,1
3102,20150501,1
3102,20150502,1
3102,20150503,1
3102,20150504,1
3102,20150505,1
3102,20150506,1
3102,20150507,1
3102,20150508,1
3102,20150509,1
3102,20150510,1
3102,20150511,1
3102,20150512,1
3102,20150513,1
3102,20150514,1
3102,20150515,1
3102,20150516,1
3102,20150517,1
3102,20150518,1
3102,20150519,1
3102,20150520,1
3102,20150521,1
3102,20150522,1
3102,20150523,1
3102,20150524,1
3102,20150525,1
3102,20150526,1
3102,20150527,1
3102,20150528,1
3102,20150529,1
3102,20150530,1
3105,20150501,1
3105,20150502,1
3105,20150503,1
3105,20150504,1
3105,20150505,1
3105,20150506,1
3105,20150507,1
3105,20150508,1
3105,20150509,1
3105,20150510,1
3105,20150511,1
3105,20150512,1
3105,20150513,1
3105,20150514,1
3105,20150515,1
3105,20150516,1
3105,20150517,1
3105,20150518,1
3105,20150519,1
3105,20150520,1
3105,20150521,1
3105,20150522,1
3105,20150523,1
3105,20150524,1
3105,20150525,1
3105,20150526,1
3105,20150527,1
3105,20150528,1
3105,20150529,1
3105,20150530,1
3107,20150501,1
3107,20150502,1
3107,20150503,1
3107,20150504,1
3107,20150505,1
3107,20150506,1
3107,20150507,1
3107,20150508,1
3107,20150509,1
3107,20150510,1
3107,20150511,1
3107,20150512,1
3107,20150513,1
3107,20150514,1
3107,20150515,1
3107,20150516,1
3107,20150517,1
3107,20150518,1
3107,20150519,1
3107,20150520,1
3107,20150521,1
3107,20150522,1
3107,20150523,1
3107,20150524,1
3107,20150525,1
3107,20150526,1
3107,20150527,1
3107,20150528,1
3107,20150529,1
3107,20150530,1
3109,20150501,1
3109,20150502,1
3109,20150503,1
3109,20150504,1
3109,20150505,1
3109,20150506,1
3109,20150507,1
3109,20150508,1
3109,20150509,1
3109,20150510,1
3109,20150511,1
3109,20150512,1
3109,20150513,1
3109,20150514,1
3109,20150515,1
3109,20150516,1
3109,20150517,1
3109,20150518,1
3109,20150519,1
3109,20150520,1
3109,20150521,1
3109,20150522,1
3109,20150523,1
3109,20150524,1
3109,20150525,1
3109,20150526,1
3109,20150527,1
3109,20150528,1
3109,20150529,1
3109,20150530,1
3110,20150501,1
3110,20150502,1
3110,20150503,1
3110,20150504,1
3110,20150505,1
3110,20150506,1
3110,20150507,1
3110,20150508,1
3110,20150509,1
3110,20150510,1
3110,20150511,1
3110,20150512,1
3110,20150513,1
3110,20150514,1
3110,20150515,1
3110,20150516,1
3110,20150517,1
3110,20150518,1
3110,20150519,1
3110,20150520,1
3110,20150521,1
3110,20150522,1
3110,20150523,1
3110,20150524,1
3110,20150525,1
3110,20150526,1
3110,20150527,1
3110,20150528,1
3110,20150529,1
3110,20150530,1
3112,20150501,1
3112,20150502,1
3112,20150503,1
3112,20150504,1
3112,20150505,1
3112,20150506,1
3112,20150507,1
3112,20150508,1
3112,20150509,1
3112,20150510,1
3112,20150511,1
3112,20150512,1
3112,20150513,1
3112,20150514,1
3112,20150515,1
3112,20150516,1
3112,20150517,1
3112,20150518,1
3112,20150519,1
3112,20150520,1
3112,20150521,1
3112,20150522,1
3112,20150523,1
3112,20150524,1
3112,20150525,1
3112,20150526,1
3112,20150527,1
3112,20150528,1
3112,20150529,1
3112,20150530,1
3113,20150501,1
3113,20150502,1
3113,20150503,1
3113,20150504,1
3113,20150505,1
3113,20150506,1
3113,20150507,1
3113,20150508,1
3113,20150509,1
3113,20150510,1
3113,20150511,1
3113,20150512,1
3113,20150513,1
3113,20150514,1
3113,20150515,1
3113,20150516,1
3113,20150517,1
3113,20150518,1
3113,20150519,1
3113,20150520,1
3113,20150521,1
3113,20150522,1
3113,20150523,1
3113,20150524,1
3113,20150525,1
3113,20150526,1
3113,20150527,1
3113,20150528,1
3113,20150529,1
3113,20150530,1
3114,20150501,1
3114,20150502,1
3114,20150503,1
3114,20150504,1
3114,20150505,1
3114,20150506,1
3114,20150507,1
3114,20150508,1
3114,20150509,1
3114,20150510,1
3114,20150511,1
3114,20150512,1
3114,20150513,1
3114,20150514,1
3114,20150515,1
3114,20150516,1
3114,20150517,1
3114,20150518,1
3114,20150519,1
3114,20150520,1
3114,20150521,1
3114,20150522,1
3114,20150523,1
3114,20150524,1
3114,20150525,1
3114,20150526,1
3114,20150527,1
3114,20150528,1
3114,20150529,1
3114,20150530,1
3116,20150501,1
3116,20150502,1
3116,20150503,1
3116,20150504,1
3116,20150505,1
3116,20150506,1
3116,20150507,1
3116,20150508,1
3116,20150509,1
3116,20150510,1
3116,20150511,1
3116,20150512,1
3116,20150513,1
3116,20150514,1
3116,20150515,1
3116,20150516,1
3116,20150517,1
3116,20150518,1
3116,20150519,1
3116,20150520,1
3116,20150521,1
3116,20150522,1
3116,20150523,1
3116,20150524,1
3116,20150525,1
3116,20150526,1
3116,20150527,1
3116,20150528,1
3116,20150529,1
3116,20150530,1
3117,20150501,1
3117,20150502,1
3117,20150503,1
3117,20150504,1
3117,20150505,1
3117,20150506,1
3117,20150507,1
3117,20150508,1
3117,20150509,1
3117,20150510,1
3117,20150511,1
3117,20150512,1
3117,20150513,1
3117,20150514,1
3117,20150515,1
3117,20150516,1
3117,20150517,1
3117,20150518,1
3117,20150519,1
3117,20150520,1
3117,20150521,1
3117,20150522,1
3117,20150523,1
3117,20150524,1
3117,20150525,1
3117,20150526,1
3117,20150527,1
3117,20150528,1
3117,20150529,1
3117,20150530,1
3118,20150501,1
3118,20150502,1
3118,20150503,1
3118,20150504,1
3118,20150505,1
3118,20150506,1
3118,20150507,1
3118,20150508,1
3118,20150509,1
3118,20150510,1
3118,20150511,1
3118,20150512,1
3118,20150513,1
3118,20150514,1
3118,20150515,1
3118,20150516,1
3118,20150517,1
3118,20150518,1
3118,20150519,1
3118,20150520,1
3118,20150521,1
3118,20150522,1
3118,20150523,1
3118,20150524,1
3118,20150525,1
3118,20150526,1
3118,20150527,1
3118,20150528,1
3118,20150529,1
3118,20150530,1
3119,20150501,1
3119,20150502,1
3119,20150503,1
3119,20150504,1
3119,20150505,1
3119,20150506,1
3119,20150507,1
3119,20150508,1
3119,20150509,1
3119,20150510,1
3119,20150511,1
3119,20150512,1
3119,20150513,1
3119,20150514,1
3119,20150515,1
3119,20150516,1
3119,20150517,1
3119,20150518,1
3119,20150519,1
3119,20150520,1
3119,20150521,1
3119,20150522,1
3119,20150523,1
3119,20150524,1
3119,20150525,1
3119,20150526,1
3119,20150527,1
3119,20150528,1
3119,20150529,1
3119,20150530,1
3125,20150501,1
3125,20150502,1
3125,20150503,1
3125,20150504,1
3125,20150505,1
3125,20150506,1
3125,20150507,1
3125,20150508,1
3125,20150509,1
3125,20150510,1
3125,20150511,1
3125,20150512,1
3125,20150513,1
3125,20150514,1
3125,20150515,1
3125,20150516,1
3125,20150517,1
3125,20150518,1
3125,20150519,1
3125,20150520,1
3125,20150521,1
3125,20150522,1
3125,20150523,1
3125,20150524,1
3125,20150525,1
3125,20150526,1
3125,20150527,1
3125,20150528,1
3125,20150529,1
3125,20150530,1
3126,20150501,1
3126,20150502,1
3126,20150503,1
3126,20150504,1
3126,20150505,1
3126,20150506,1
3126,20150507,1
3126,20150508,1
3126,20150509,1
3126,20150510,1
3126,20150511,1
3126,20150512,1
3126,20150513,1
3126,20150514,1
3126,20150515,1
3126,20150516,1
3126,20150517,1
3126,20150518,1
3126,20150519,1
3126,20150520,1
3126,20150521,1
3126,20150522,1
3126,20150523,1
3126,20150524,1
3126,20150525,1
3126,20150526,1
3126,20150527,1
3126,20150528,1
3126,20150529,1
3126,20150530,1
3208,20150501,1
3208,20150502,1
3208,20150503,1
3208,20150504,1
3208,20150505,1
3208,20150506,1
3208,20150507,1
3208,20150508,1
3208,20150509,1
3208,20150510,1
3208,20150511,1
3208,20150512,1
3208,20150513,1
3208,20150514,1
3208,20150515,1
3208,20150516,1
3208,20150517,1
3208,20150518,1
3208,20150519,1
3208,20150520,1
3208,20150521,1
3208,20150522,1
3208,20150523,1
3208,20150524,1
3208,20150525,1
3208,20150526,1
3208,20150527,1
3208,20150528,1
3208,20150529,1
3208,20150530,1
3217,20150501,1
3217,20150502,1
3217,20150503,1
3217,20150504,1
3217,20150505,1
3217,20150506,1
3217,20150507,1
3217,20150508,1
3217,20150509,1
3217,20150510,1
3217,20150511,1
3217,20150512,1
3217,20150513,1
3217,20150514,1
3217,20150515,1
3217,20150516,1
3217,20150517,1
3217,20150518,1
3217,20150519,1
3217,20150520,1
3217,20150521,1
3217,20150522,1
3217,20150523,1
3217,20150524,1
3217,20150525,1
3217,20150526,1
3217,20150527,1
3217,20150528,1
3217,20150529,1
3217,20150530,1
3227,20150501,1
3227,20150502,1
3227,20150503,1
3227,20150504,1
3227,20150505,1
3227,20150506,1
3227,20150507,1
3227,20150508,1
3227,20150509,1
3227,20150510,1
3227,20150511,1
3227,20150512,1
3227,20150513,1
3227,20150514,1
3227,20150515,1
3227,20150516,1
3227,20150517,1
3227,20150518,1
3227,20150519,1
3227,20150520,1
3227,20150521,1
3227,20150522,1
3227,20150523,1
3227,20150524,1
3227,20150525,1
3227,20150526,1
3227,20150527,1
3227,20150528,1
3227,20150529,1
3227,20150530,1
3311,20150501,1
3311,20150502,1
3311,20150503,1
3311,20150504,1
3311,20150505,1
3311,20150506,1
3311,20150507,1
3311,20150508,1
3311,20150509,1
3311,20150510,1
3311,20150511,1
3311,20150512,1
3311,20150513,1
3311,20150514,1
3311,20150515,1
3311,20150516,1
3311,20150517,1
3311,20150518,1
3311,20150519,1
3311,20150520,1
3311,20150521,1
3311,20150522,1
3311,20150523,1
3311,20150524,1
3311,20150525,1
3311,20150526,1
3311,20150527,1
3311,20150528,1
3311,20150529,1
3311,20150530,1
3316,20150501,1
3316,20150502,1
3316,20150503,1
3316,20150504,1
3316,20150505,1
3316,20150506,1
3316,20150507,1
3316,20150508,1
3316,20150509,1
3316,20150510,1
3316,20150511,1
3316,20150512,1
3316,20150513,1
3316,20150514,1
3316,20150515,1
3316,20150516,1
3316,20150517,1
3316,20150518,1
3316,20150519,1
3316,20150520,1
3316,20150521,1
3316,20150522,1
3316,20150523,1
3316,20150524,1
3316,20150525,1
3316,20150526,1
3316,20150527,1
3316,20150528,1
3316,20150529,1
3316,20150530,1
3319,20150501,1
3319,20150502,1
3319,20150503,1
3319,20150504,1
3319,20150505,1
3319,20150506,1
3319,20150507,1
3319,20150508,1
3319,20150509,1
3319,20150510,1
3319,20150511,1
3319,20150512,1
3319,20150513,1
3319,20150514,1
3319,20150515,1
3319,20150516,1
3319,20150517,1
3319,20150518,1
3319,20150519,1
3319,20150520,1
3319,20150521,1
3319,20150522,1
3319,20150523,1
3319,20150524,1
3319,20150525,1
3319,20150526,1
3319,20150527,1
3319,20150528,1
3319,20150529,1
3319,20150530,1
3320,20150501,1
3320,20150502,1
3320,20150503,1
3320,20150504,1
3320,20150505,1
3320,20150506,1
3320,20150507,1
3320,20150508,1
3320,20150509,1
3320,20150510,1
3320,20150511,1
3320,20150512,1
3320,20150513,1
3320,20150514,1
3320,20150515,1
3320,20150516,1
3320,20150517,1
3320,20150518,1
3320,20150519,1
3320,20150520,1
3320,20150521,1
3320,20150522,1
3320,20150523,1
3320,20150524,1
3320,20150525,1
3320,20150526,1
3320,20150527,1
3320,20150528,1
3320,20150529,1
3320,20150530,1
3321,20150501,1
3321,20150502,1
3321,20150503,1
3321,20150504,1
3321,20150505,1
3321,20150506,1
3321,20150507,1
3321,20150508,1
3321,20150509,1
3321,20150510,1
3321,20150511,1
3321,20150512,1
3321,20150513,1
3321,20150514,1
3321,20150515,1
3321,20150516,1
3321,20150517,1
3321,20150518,1
3321,20150519,1
3321,20150520,1
3321,20150521,1
3321,20150522,1
3321,20150523,1
3321,20150524,1
3321,20150525,1
3321,20150526,1
3321,20150527,1
3321,20150528,1
3321,20150529,1
3321,20150530,1
3322,20150501,1
3322,20150502,1
3322,20150503,1
3322,20150504,1
3322,20150505,1
3322,20150506,1
3322,20150507,1
3322,20150508,1
3322,20150509,1
3322,20150510,1
3322,20150511,1
3322,20150512,1
3322,20150513,1
3322,20150514,1
3322,20150515,1
3322,20150516,1
3322,20150517,1
3322,20150518,1
3322,20150519,1
3322,20150520,1
3322,20150521,1
3322,20150522,1
3322,20150523,1
3322,20150524,1
3322,20150525,1
3322,20150526,1
3322,20150527,1
3322,20150528,1
3322,20150529,1
3322,20150530,1
3323,20150501,1
3323,20150502,1
3323,20150503,1
3323,20150504,1
3323,20150505,1
3323,20150506,1
3323,20150507,1
3323,20150508,1
3323,20150509,1
3323,20150510,1
3323,20150511,1
3323,20150512,1
3323,20150513,1
3323,20150514,1
3323,20150515,1
3323,20150516,1
3323,20150517,1
3323,20150518,1
3323,20150519,1
3323,20150520,1
3323,20150521,1
3323,20150522,1
3323,20150523,1
3323,20150524,1
3323,20150525,1
3323,20150526,1
3323,20150527,1
3323,20150528,1
3323,20150529,1
3323,20150530,1
3325,20150501,1
3325,20150502,1
3325,20150503,1
3325,20150504,1
3325,20150505,1
3325,20150506,1
3325,20150507,1
3325,20150508,1
3325,20150509,1
3325,20150510,1
3325,20150511,1
3325,20150512,1
3325,20150513,1
3325,20150514,1
3325,20150515,1
3325,20150516,1
3325,20150517,1
3325,20150518,1
3325,20150519,1
3325,20150520,1
3325,20150521,1
3325,20150522,1
3325,20150523,1
3325,20150524,1
3325,20150525,1
3325,20150526,1
3325,20150527,1
3325,20150528,1
3325,20150529,1
3325,20150530,1
3326,20150501,1
3326,20150502,1
3326,20150503,1
3326,20150504,1
3326,20150505,1
3326,20150506,1
3326,20150507,1
3326,20150508,1
3326,20150509,1
3326,20150510,1
3326,20150511,1
3326,20150512,1
3326,20150513,1
3326,20150514,1
3326,20150515,1
3326,20150516,1
3326,20150517,1
3326,20150518,1
3326,20150519,1
3326,20150520,1
3326,20150521,1
3326,20150522,1
3326,20150523,1
3326,20150524,1
3326,20150525,1
3326,20150526,1
3326,20150527,1
3326,20150528,1
3326,20150529,1
3326,20150530,1
3402,20150501,1
3402,20150502,1
3402,20150503,1
3402,20150504,1
3402,20150505,1
3402,20150506,1
3402,20150507,1
3402,20150508,1
3402,20150509,1
3402,20150510,1
3402,20150511,1
3402,20150512,1
3402,20150513,1
3402,20150514,1
3402,20150515,1
3402,20150516,1
3402,20150517,1
3402,20150518,1
3402,20150519,1
3402,20150520,1
3402,20150521,1
3402,20150522,1
3402,20150523,1
3402,20150524,1
3402,20150525,1
3402,20150526,1
3402,20150527,1
3402,20150528,1
3402,20150529,1
3402,20150530,1
3403,20150501,1
3403,20150502,1
3403,20150503,1
3403,20150504,1
3403,20150505,1
3403,20150506,1
3403,20150507,1
3403,20150508,1
3403,20150509,1
3403,20150510,1
3403,20150511,1
3403,20150512,1
3403,20150513,1
3403,20150514,1
3403,20150515,1
3403,20150516,1
3403,20150517,1
3403,20150518,1
3403,20150519,1
3403,20150520,1
3403,20150521,1
3403,20150522,1
3403,20150523,1
3403,20150524,1
3403,20150525,1
3403,20150526,1
3403,20150527,1
3403,20150528,1
3403,20150529,1
3403,20150530,1
3407,20150501,1
3407,20150502,1
3407,20150503,1
3407,20150504,1
3407,20150505,1
3407,20150506,1
3407,20150507,1
3407,20150508,1
3407,20150509,1
3407,20150510,1
3407,20150511,1
3407,20150512,1
3407,20150513,1
3407,20150514,1
3407,20150515,1
3407,20150516,1
3407,20150517,1
3407,20150518,1
3407,20150519,1
3407,20150520,1
3407,20150521,1
3407,20150522,1
3407,20150523,1
3407,20150524,1
3407,20150525,1
3407,20150526,1
3407,20150527,1
3407,20150528,1
3407,20150529,1
3407,20150530,1
3408,20150501,1
3408,20150502,1
3408,20150503,1
3408,20150504,1
3408,20150505,1
3408,20150506,1
3408,20150507,1
3408,20150508,1
3408,20150509,1
3408,20150510,1
3408,20150511,1
3408,20150512,1
3408,20150513,1
3408,20150514,1
3408,20150515,1
3408,20150516,1
3408,20150517,1
3408,20150518,1
3408,20150519,1
3408,20150520,1
3408,20150521,1
3408,20150522,1
3408,20150523,1
3408,20150524,1
3408,20150525,1
3408,20150526,1
3408,20150527,1
3408,20150528,1
3408,20150529,1
3408,20150530,1
3413,20150501,1
3413,20150502,1
3413,20150503,1
3413,20150504,1
3413,20150505,1
3413,20150506,1
3413,20150507,1
3413,20150508,1
3413,20150509,1
3413,20150510,1
3413,20150511,1
3413,20150512,1
3413,20150513,1
3413,20150514,1
3413,20150515,1
3413,20150516,1
3413,20150517,1
3413,20150518,1
3413,20150519,1
3413,20150520,1
3413,20150521,1
3413,20150522,1
3413,20150523,1
3413,20150524,1
3413,20150525,1
3413,20150526,1
3413,20150527,1
3413,20150528,1
3413,20150529,1
3413,20150530,1
3415,20150501,1
3415,20150502,1
3415,20150503,1
3415,20150504,1
3415,20150505,1
3415,20150506,1
3415,20150507,1
3415,20150508,1
3415,20150509,1
3415,20150510,1
3415,20150511,1
3415,20150512,1
3415,20150513,1
3415,20150514,1
3415,20150515,1
3415,20150516,1
3415,20150517,1
3415,20150518,1
3415,20150519,1
3415,20150520,1
3415,20150521,1
3415,20150522,1
3415,20150523,1
3415,20150524,1
3415,20150525,1
3415,20150526,1
3415,20150527,1
3415,20150528,1
3415,20150529,1
3415,20150530,1
3417,20150501,1
3417,20150502,1
3417,20150503,1
3417,20150504,1
3417,20150505,1
3417,20150506,1
3417,20150507,1
3417,20150508,1
3417,20150509,1
3417,20150510,1
3417,20150511,1
3417,20150512,1
3417,20150513,1
3417,20150514,1
3417,20150515,1
3417,20150516,1
3417,20150517,1
3417,20150518,1
3417,20150519,1
3417,20150520,1
3417,20150521,1
3417,20150522,1
3417,20150523,1
3417,20150524,1
3417,20150525,1
3417,20150526,1
3417,20150527,1
3417,20150528,1
3417,20150529,1
3417,20150530,1
3423,20150501,1
3423,20150502,1
3423,20150503,1
3423,20150504,1
3423,20150505,1
3423,20150506,1
3423,20150507,1
3423,20150508,1
3423,20150509,1
3423,20150510,1
3423,20150511,1
3423,20150512,1
3423,20150513,1
3423,20150514,1
3423,20150515,1
3423,20150516,1
3423,20150517,1
3423,20150518,1
3423,20150519,1
3423,20150520,1
3423,20150521,1
3423,20150522,1
3423,20150523,1
3423,20150524,1
3423,20150525,1
3423,20150526,1
3423,20150527,1
3423,20150528,1
3423,20150529,1
3423,20150530,1
3424,20150501,1
3424,20150502,1
3424,20150503,1
3424,20150504,1
3424,20150505,1
3424,20150506,1
3424,20150507,1
3424,20150508,1
3424,20150509,1
3424,20150510,1
3424,20150511,1
3424,20150512,1
3424,20150513,1
3424,20150514,1
3424,20150515,1
3424,20150516,1
3424,20150517,1
3424,20150518,1
3424,20150519,1
3424,20150520,1
3424,20150521,1
3424,20150522,1
3424,20150523,1
3424,20150524,1
3424,20150525,1
3424,20150526,1
3424,20150527,1
3424,20150528,1
3424,20150529,1
3424,20150530,1
3426,20150501,1
3426,20150502,1
3426,20150503,1
3426,20150504,1
3426,20150505,1
3426,20150506,1
3426,20150507,1
3426,20150508,1
3426,20150509,1
3426,20150510,1
3426,20150511,1
3426,20150512,1
3426,20150513,1
3426,20150514,1
3426,20150515,1
3426,20150516,1
3426,20150517,1
3426,20150518,1
3426,20150519,1
3426,20150520,1
3426,20150521,1
3426,20150522,1
3426,20150523,1
3426,20150524,1
3426,20150525,1
3426,20150526,1
3426,20150527,1
3426,20150528,1
3426,20150529,1
3426,20150530,1
3431,20150501,1
3431,20150502,1
3431,20150503,1
3431,20150504,1
3431,20150505,1
3431,20150506,1
3431,20150507,1
3431,20150508,1
3431,20150509,1
3431,20150510,1
3431,20150511,1
3431,20150512,1
3431,20150513,1
3431,20150514,1
3431,20150515,1
3431,20150516,1
3431,20150517,1
3431,20150518,1
3431,20150519,1
3431,20150520,1
3431,20150521,1
3431,20150522,1
3431,20150523,1
3431,20150524,1
3431,20150525,1
3431,20150526,1
3431,20150527,1
3431,20150528,1
3431,20150529,1
3431,20150530,1
10,20150501,1
10,20150502,1
10,20150503,1
10,20150504,1
10,20150505,1
10,20150506,1
10,20150507,1
10,20150508,1
10,20150509,1
10,20150510,1
10,20150511,1
10,20150512,1
10,20150513,1
10,20150514,1
10,20150515,1
10,20150516,1
10,20150517,1
10,20150518,1
10,20150519,1
10,20150520,1
10,20150521,1
10,20150522,1
10,20150523,1
10,20150524,1
10,20150525,1
10,20150526,1
10,20150527,1
10,20150528,1
10,20150529,1
10,20150530,1
11,20150501,1
11,20150502,1
11,20150503,1
11,20150504,1
11,20150505,1
11,20150506,1
11,20150507,1
11,20150508,1
11,20150509,1
11,20150510,1
11,20150511,1
11,20150512,1
11,20150513,1
11,20150514,1
11,20150515,1
11,20150516,1
11,20150517,1
11,20150518,1
11,20150519,1
11,20150520,1
11,20150521,1
11,20150522,1
11,20150523,1
11,20150524,1
11,20150525,1
11,20150526,1
11,20150527,1
11,20150528,1
11,20150529,1
11,20150530,1
12,20150501,1
12,20150502,1
12,20150503,1
12,20150504,1
12,20150505,1
12,20150506,1
12,20150507,1
12,20150508,1
12,20150509,1
12,20150510,1
12,20150511,1
12,20150512,1
12,20150513,1
12,20150514,1
12,20150515,1
12,20150516,1
12,20150517,1
12,20150518,1
12,20150519,1
12,20150520,1
12,20150521,1
12,20150522,1
12,20150523,1
12,20150524,1
12,20150525,1
12,20150526,1
12,20150527,1
12,20150528,1
12,20150529,1
12,20150530,1
13,20150501,1
13,20150502,1
13,20150503,1
13,20150504,1
13,20150505,1
13,20150506,1
13,20150507,1
13,20150508,1
13,20150509,1
13,20150510,1
13,20150511,1
13,20150512,1
13,20150513,1
13,20150514,1
13,20150515,1
13,20150516,1
13,20150517,1
13,20150518,1
13,20150519,1
13,20150520,1
13,20150521,1
13,20150522,1
13,20150523,1
13,20150524,1
13,20150525,1
13,20150526,1
13,20150527,1
13,20150528,1
13,20150529,1
13,20150530,1
15,20150501,1
15,20150502,1
15,20150503,1
15,20150504,1
15,20150505,1
15,20150506,1
15,20150507,1
15,20150508,1
15,20150509,1
15,20150510,1
15,20150511,1
15,20150512,1
15,20150513,1
15,20150514,1
15,20150515,1
15,20150516,1
15,20150517,1
15,20150518,1
15,20150519,1
15,20150520,1
15,20150521,1
15,20150522,1
15,20150523,1
15,20150524,1
15,20150525,1
15,20150526,1
15,20150527,1
15,20150528,1
15,20150529,1
15,20150530,1
20,20150501,1
20,20150502,1
20,20150503,1
20,20150504,1
20,20150505,1
20,20150506,1
20,20150507,1
20,20150508,1
20,20150509,1
20,20150510,1
20,20150511,1
20,20150512,1
20,20150513,1
20,20150514,1
20,20150515,1
20,20150516,1
20,20150517,1
20,20150518,1
20,20150519,1
20,20150520,1
20,20150521,1
20,20150522,1
20,20150523,1
20,20150524,1
20,20150525,1
20,20150526,1
20,20150527,1
20,20150528,1
20,20150529,1
20,20150530,1
21,20150501,1
21,20150502,1
21,20150503,1
21,20150504,1
21,20150505,1
21,20150506,1
21,20150507,1
21,20150508,1
21,20150509,1
21,20150510,1
21,20150511,1
21,20150512,1
21,20150513,1
21,20150514,1
21,20150515,1
21,20150516,1
21,20150517,1
21,20150518,1
21,20150519,1
21,20150520,1
21,20150521,1
21,20150522,1
21,20150523,1
21,20150524,1
21,20150525,1
21,20150526,1
21,20150527,1
21,20150528,1
21,20150529,1
21,20150530,1
22,20150501,1
22,20150502,1
22,20150503,1
22,20150504,1
22,20150505,1
22,20150506,1
22,20150507,1
22,20150508,1
22,20150509,1
22,20150510,1
22,20150511,1
22,20150512,1
22,20150513,1
22,20150514,1
22,20150515,1
22,20150516,1
22,20150517,1
22,20150518,1
22,20150519,1
22,20150520,1
22,20150521,1
22,20150522,1
22,20150523,1
22,20150524,1
22,20150525,1
22,20150526,1
22,20150527,1
22,20150528,1
22,20150529,1
22,20150530,1
23,20150501,1
23,20150502,1
23,20150503,1
23,20150504,1
23,20150505,1
23,20150506,1
23,20150507,1
23,20150508,1
23,20150509,1
23,20150510,1
23,20150511,1
23,20150512,1
23,20150513,1
23,20150514,1
23,20150515,1
23,20150516,1
23,20150517,1
23,20150518,1
23,20150519,1
23,20150520,1
23,20150521,1
23,20150522,1
23,20150523,1
23,20150524,1
23,20150525,1
23,20150526,1
23,20150527,1
23,20150528,1
23,20150529,1
23,20150530,1
30,20150501,1
30,20150502,1
30,20150503,1
30,20150504,1
30,20150505,1
30,20150506,1
30,20150507,1
30,20150508,1
30,20150509,1
30,20150510,1
30,20150511,1
30,20150512,1
30,20150513,1
30,20150514,1
30,20150515,1
30,20150516,1
30,20150517,1
30,20150518,1
30,20150519,1
30,20150520,1
30,20150521,1
30,20150522,1
30,20150523,1
30,20150524,1
30,20150525,1
30,20150526,1
30,20150527,1
30,20150528,1
30,20150529,1
30,20150530,1
31,20150501,1
31,20150502,1
31,20150503,1
31,20150504,1
31,20150505,1
31,20150506,1
31,20150507,1
31,20150508,1
31,20150509,1
31,20150510,1
31,20150511,1
31,20150512,1
31,20150513,1
31,20150514,1
31,20150515,1
31,20150516,1
31,20150517,1
31,20150518,1
31,20150519,1
31,20150520,1
31,20150521,1
31,20150522,1
31,20150523,1
31,20150524,1
31,20150525,1
31,20150526,1
31,20150527,1
31,20150528,1
31,20150529,1
31,20150530,1
32,20150501,1
32,20150502,1
32,20150503,1
32,20150504,1
32,20150505,1
32,20150506,1
32,20150507,1
32,20150508,1
32,20150509,1
32,20150510,1
32,20150511,1
32,20150512,1
32,20150513,1
32,20150514,1
32,20150515,1
32,20150516,1
32,20150517,1
32,20150518,1
32,20150519,1
32,20150520,1
32,20150521,1
32,20150522,1
32,20150523,1
32,20150524,1
32,20150525,1
32,20150526,1
32,20150527,1
32,20150528,1
32,20150529,1
32,20150530,1
33,20150501,1
33,20150502,1
33,20150503,1
33,20150504,1
33,20150505,1
33,20150506,1
33,20150507,1
33,20150508,1
33,20150509,1
33,20150510,1
33,20150511,1
33,20150512,1
33,20150513,1
33,20150514,1
33,20150515,1
33,20150516,1
33,20150517,1
33,20150518,1
33,20150519,1
33,20150520,1
33,20150521,1
33,20150522,1
33,20150523,1
33,20150524,1
33,20150525,1
33,20150526,1
33,20150527,1
33,20150528,1
33,20150529,1
33,20150530,1
34,20150501,1
34,20150502,1
34,20150503,1
34,20150504,1
34,20150505,1
34,20150506,1
34,20150507,1
34,20150508,1
34,20150509,1
34,20150510,1
34,20150511,1
34,20150512,1
34,20150513,1
34,20150514,1
34,20150515,1
34,20150516,1
34,20150517,1
34,20150518,1
34,20150519,1
34,20150520,1
34,20150521,1
34,20150522,1
34,20150523,1
34,20150524,1
34,20150525,1
34,20150526,1
34,20150527,1
34,20150528,1
34,20150529,1
34,20150530,1
